0 verbose cli E:\Application\nodejs\node.exe E:\Application\nodejs\node_modules\npm\bin\npm-cli.js
1 info using npm@11.8.0
2 info using node@v25.6.0
3 silly config load:file:E:\Application\nodejs\node_modules\npm\npmrc
4 silly config load:file:E:\comp1786\AutoDeliveryApp\.npmrc
5 silly config load:file:C:\Users\alysa\.npmrc
6 silly config load:file:E:\Application\nodejs\node_global\etc\npmrc
7 verbose title npm exec expo start
8 verbose argv "exec" "--" "expo" "start"
9 verbose logfile logs-max:10 dir:E:\comp1786\AutoDeliveryApp\%AppData%\npm-cache\_logs\2026-05-20T14_14_44_109Z-
10 verbose logfile E:\comp1786\AutoDeliveryApp\%AppData%\npm-cache\_logs\2026-05-20T14_14_44_109Z-debug-0.log
11 silly logfile done cleaning log files
12 silly packumentCache heap:4496293888 maxSize:1124073472 maxEntrySize:562036736
13 http fetch GET 200 https://registry.npmjs.org/npm 318ms
14 http fetch GET 200 https://registry.npmjs.org/expo 398ms (cache miss)
15 silly packumentCache heap:4496293888 maxSize:1124073472 maxEntrySize:562036736
16 silly packumentCache heap:4496293888 maxSize:1124073472 maxEntrySize:562036736
17 silly idealTree buildDeps
18 silly fetch manifest expo@55.0.25
19 silly packumentCache full:https://registry.npmjs.org/expo cache-miss
20 http fetch GET 200 https://registry.npmjs.org/expo 238ms (cache miss)
21 silly packumentCache full:https://registry.npmjs.org/expo set size:undefined disposed:false
22 silly fetch manifest @expo/dom-webview@*
23 silly packumentCache full:https://registry.npmjs.org/@expo%2fdom-webview cache-miss
24 http fetch GET 200 https://registry.npmjs.org/@expo%2fdom-webview 74ms (cache miss)
25 silly packumentCache full:https://registry.npmjs.org/@expo%2fdom-webview set size:undefined disposed:false
26 silly fetch manifest react@*
27 silly packumentCache full:https://registry.npmjs.org/react cache-miss
28 http fetch GET 200 https://registry.npmjs.org/react 255ms (cache miss)
29 silly packumentCache full:https://registry.npmjs.org/react set size:undefined disposed:false
30 silly fetch manifest react-native@*
31 silly packumentCache full:https://registry.npmjs.org/react-native cache-miss
32 http fetch GET 200 https://registry.npmjs.org/react-native 297ms (cache miss)
33 silly packumentCache full:https://registry.npmjs.org/react-native set size:undefined disposed:false
34 silly fetch manifest @react-native/jest-preset@0.85.3
35 silly packumentCache full:https://registry.npmjs.org/@react-native%2fjest-preset cache-miss
36 http fetch GET 200 https://registry.npmjs.org/@react-native%2fjest-preset 62ms (cache miss)
37 silly packumentCache full:https://registry.npmjs.org/@react-native%2fjest-preset set size:undefined disposed:false
38 silly fetch manifest @types/react@^19.1.1
39 silly packumentCache full:https://registry.npmjs.org/@types%2freact cache-miss
40 http fetch GET 200 https://registry.npmjs.org/@types%2freact 133ms (cache miss)
41 silly packumentCache full:https://registry.npmjs.org/@types%2freact set size:undefined disposed:false
42 silly fetch manifest @expo/metro-runtime@*
43 silly packumentCache full:https://registry.npmjs.org/@expo%2fmetro-runtime cache-miss
44 http fetch GET 200 https://registry.npmjs.org/@expo%2fmetro-runtime 83ms (cache miss)
45 silly packumentCache full:https://registry.npmjs.org/@expo%2fmetro-runtime set size:undefined disposed:false
46 silly fetch manifest react-dom@*
47 silly packumentCache full:https://registry.npmjs.org/react-dom cache-miss
48 http fetch GET 200 https://registry.npmjs.org/react-dom 238ms (cache miss)
49 silly packumentCache full:https://registry.npmjs.org/react-dom set size:undefined disposed:false
50 silly fetch manifest react-native-webview@*
51 silly packumentCache full:https://registry.npmjs.org/react-native-webview cache-miss
52 http fetch GET 200 https://registry.npmjs.org/react-native-webview 86ms (cache miss)
53 silly packumentCache full:https://registry.npmjs.org/react-native-webview set size:undefined disposed:false
54 silly placeDep ROOT expo@55.0.25 OK for:  want: 55.0.25
55 silly placeDep ROOT react@19.2.6 OK for: expo@55.0.25 want: *
56 silly placeDep ROOT react-native@0.85.3 OK for: expo@55.0.25 want: *
57 silly fetch manifest @expo/cli@55.0.31
58 silly packumentCache full:https://registry.npmjs.org/@expo%2fcli cache-miss
59 silly fetch manifest expo-font@~55.0.8
60 silly packumentCache full:https://registry.npmjs.org/expo-font cache-miss
61 silly fetch manifest expo-asset@~55.0.17
62 silly packumentCache full:https://registry.npmjs.org/expo-asset cache-miss
63 silly fetch manifest @expo/metro@~55.1.1
64 silly packumentCache full:https://registry.npmjs.org/@expo%2fmetro cache-miss
65 silly fetch manifest @expo/config@~55.0.17
66 silly packumentCache full:https://registry.npmjs.org/@expo%2fconfig cache-miss
67 silly fetch manifest @expo/log-box@55.0.12
68 silly packumentCache full:https://registry.npmjs.org/@expo%2flog-box cache-miss
69 silly fetch manifest pretty-format@^29.7.0
70 silly packumentCache full:https://registry.npmjs.org/pretty-format cache-miss
71 silly fetch manifest react-refresh@^0.14.2
72 silly packumentCache full:https://registry.npmjs.org/react-refresh cache-miss
73 silly fetch manifest @babel/runtime@^7.20.0
74 silly packumentCache full:https://registry.npmjs.org/@babel%2fruntime cache-miss
75 silly fetch manifest @expo/devtools@55.0.3
76 silly packumentCache full:https://registry.npmjs.org/@expo%2fdevtools cache-miss
77 silly fetch manifest expo-constants@~55.0.16
78 silly packumentCache full:https://registry.npmjs.org/expo-constants cache-miss
79 silly fetch manifest expo-keep-awake@~55.0.8
80 silly packumentCache full:https://registry.npmjs.org/expo-keep-awake cache-miss
81 silly fetch manifest expo-file-system@~55.0.21
82 silly packumentCache full:https://registry.npmjs.org/expo-file-system cache-miss
83 silly fetch manifest @expo/fingerprint@0.16.7
84 silly packumentCache full:https://registry.npmjs.org/@expo%2ffingerprint cache-miss
85 silly fetch manifest babel-preset-expo@~55.0.22
86 silly packumentCache full:https://registry.npmjs.org/babel-preset-expo cache-miss
87 http fetch GET 200 https://registry.npmjs.org/expo-font 78ms (cache miss)
88 silly packumentCache full:https://registry.npmjs.org/expo-font set size:undefined disposed:false
89 silly fetch manifest expo-modules-core@55.0.25
90 silly packumentCache full:https://registry.npmjs.org/expo-modules-core cache-miss
91 http fetch GET 200 https://registry.npmjs.org/@expo%2fcli 151ms (cache miss)
92 silly packumentCache full:https://registry.npmjs.org/@expo%2fcli set size:undefined disposed:false
93 silly fetch manifest @expo/metro-config@55.0.22
94 silly packumentCache full:https://registry.npmjs.org/@expo%2fmetro-config cache-miss
95 http fetch GET 200 https://registry.npmjs.org/expo-modules-core 100ms (cache miss)
96 silly packumentCache full:https://registry.npmjs.org/expo-modules-core set size:undefined disposed:false
97 silly fetch manifest @expo/vector-icons@^15.0.2
98 silly packumentCache full:https://registry.npmjs.org/@expo%2fvector-icons cache-miss
99 http fetch GET 200 https://registry.npmjs.org/@expo%2flog-box 196ms (cache miss)
100 silly packumentCache full:https://registry.npmjs.org/@expo%2flog-box set size:undefined disposed:false
101 silly fetch manifest whatwg-url-minimum@^0.1.2
102 silly packumentCache full:https://registry.npmjs.org/whatwg-url-minimum cache-miss
103 http fetch GET 200 https://registry.npmjs.org/@expo%2fmetro 246ms (cache miss)
104 silly packumentCache full:https://registry.npmjs.org/@expo%2fmetro set size:undefined disposed:false
105 silly fetch manifest @expo/config-plugins@~55.0.9
106 silly packumentCache full:https://registry.npmjs.org/@expo%2fconfig-plugins cache-miss
107 http fetch GET 200 https://registry.npmjs.org/@expo%2fdevtools 248ms (cache miss)
108 silly packumentCache full:https://registry.npmjs.org/@expo%2fdevtools set size:undefined disposed:false
109 silly fetch manifest @ungap/structured-clone@^1.3.0
110 silly packumentCache full:https://registry.npmjs.org/@ungap%2fstructured-clone cache-miss
111 http fetch GET 200 https://registry.npmjs.org/whatwg-url-minimum 106ms (cache miss)
112 silly packumentCache full:https://registry.npmjs.org/whatwg-url-minimum set size:undefined disposed:false
113 silly fetch manifest expo-modules-autolinking@55.0.23
114 silly packumentCache full:https://registry.npmjs.org/expo-modules-autolinking cache-miss
115 http fetch GET 200 https://registry.npmjs.org/@expo%2fvector-icons 124ms (cache miss)
116 silly packumentCache full:https://registry.npmjs.org/@expo%2fvector-icons set size:undefined disposed:false
117 silly fetch manifest @expo/local-build-cache-provider@55.0.13
118 silly packumentCache full:https://registry.npmjs.org/@expo%2flocal-build-cache-provider cache-miss
119 http fetch GET 200 https://registry.npmjs.org/expo-file-system 326ms (cache miss)
120 silly packumentCache full:https://registry.npmjs.org/expo-file-system set size:undefined disposed:false
121 silly fetch manifest ws@^7.5.10
122 silly packumentCache full:https://registry.npmjs.org/ws cache-miss
123 http fetch GET 200 https://registry.npmjs.org/expo-constants 338ms (cache miss)
124 silly packumentCache full:https://registry.npmjs.org/expo-constants set size:undefined disposed:false
125 silly fetch manifest anser@^1.4.9
126 silly packumentCache full:https://registry.npmjs.org/anser cache-miss
127 http fetch GET 200 https://registry.npmjs.org/pretty-format 345ms (cache miss)
128 silly packumentCache full:https://registry.npmjs.org/pretty-format set size:undefined disposed:false
129 silly fetch manifest yargs@^17.6.2
130 silly packumentCache full:https://registry.npmjs.org/yargs cache-miss
131 http fetch GET 200 https://registry.npmjs.org/babel-preset-expo 355ms (cache miss)
132 silly packumentCache full:https://registry.npmjs.org/babel-preset-expo set size:undefined disposed:false
133 silly fetch manifest semver@^7.1.3
134 silly packumentCache full:https://registry.npmjs.org/semver cache-miss
135 http fetch GET 200 https://registry.npmjs.org/@ungap%2fstructured-clone 121ms (cache miss)
136 silly packumentCache full:https://registry.npmjs.org/@ungap%2fstructured-clone set size:undefined disposed:false
137 silly fetch manifest promise@^8.3.0
138 silly packumentCache full:https://registry.npmjs.org/promise cache-miss
139 http fetch GET 200 https://registry.npmjs.org/expo-keep-awake 372ms (cache miss)
140 silly packumentCache full:https://registry.npmjs.org/expo-keep-awake set size:undefined disposed:false
141 silly fetch manifest base64-js@^1.5.1
142 silly packumentCache full:https://registry.npmjs.org/base64-js cache-miss
143 http fetch GET 200 https://registry.npmjs.org/@expo%2fmetro-config 218ms (cache miss)
144 silly packumentCache full:https://registry.npmjs.org/@expo%2fmetro-config set size:undefined disposed:false
145 silly fetch manifest commander@^12.0.0
146 silly packumentCache full:https://registry.npmjs.org/commander cache-miss
147 http fetch GET 200 https://registry.npmjs.org/@expo%2ffingerprint 402ms (cache miss)
148 silly packumentCache full:https://registry.npmjs.org/@expo%2ffingerprint set size:undefined disposed:false
149 silly fetch manifest invariant@^2.2.4
150 silly packumentCache full:https://registry.npmjs.org/invariant cache-miss
151 http fetch GET 200 https://registry.npmjs.org/expo-asset 412ms (cache miss)
152 silly packumentCache full:https://registry.npmjs.org/expo-asset set size:undefined disposed:false
153 silly fetch manifest scheduler@0.27.0
154 silly packumentCache full:https://registry.npmjs.org/scheduler cache-miss
155 http fetch GET 200 https://registry.npmjs.org/ws 99ms (cache miss)
156 silly packumentCache full:https://registry.npmjs.org/ws set size:undefined disposed:false
157 silly fetch manifest ansi-regex@^5.0.0
158 silly packumentCache full:https://registry.npmjs.org/ansi-regex cache-miss
159 http fetch GET 200 https://registry.npmjs.org/@expo%2fconfig 439ms (cache miss)
160 silly packumentCache full:https://registry.npmjs.org/@expo%2fconfig set size:undefined disposed:false
161 silly fetch manifest nullthrows@^1.1.1
162 silly packumentCache full:https://registry.npmjs.org/nullthrows cache-miss
163 http fetch GET 200 https://registry.npmjs.org/anser 126ms (cache miss)
164 silly packumentCache full:https://registry.npmjs.org/anser set size:undefined disposed:false
165 silly fetch manifest tinyglobby@^0.2.15
166 silly packumentCache full:https://registry.npmjs.org/tinyglobby cache-miss
167 http fetch GET 200 https://registry.npmjs.org/semver 130ms (cache miss)
168 silly packumentCache full:https://registry.npmjs.org/semver set size:undefined disposed:false
169 silly fetch manifest memoize-one@^5.0.0
170 silly packumentCache full:https://registry.npmjs.org/memoize-one cache-miss
171 http fetch GET 200 https://registry.npmjs.org/promise 122ms (cache miss)
172 silly packumentCache full:https://registry.npmjs.org/promise set size:undefined disposed:false
173 silly fetch manifest whatwg-fetch@^3.0.0
174 silly packumentCache full:https://registry.npmjs.org/whatwg-fetch cache-miss
175 http fetch GET 200 https://registry.npmjs.org/base64-js 120ms (cache miss)
176 silly packumentCache full:https://registry.npmjs.org/base64-js set size:undefined disposed:false
177 silly fetch manifest metro-runtime@^0.84.3
178 silly packumentCache full:https://registry.npmjs.org/metro-runtime cache-miss
179 http fetch GET 200 https://registry.npmjs.org/expo-modules-autolinking 196ms (cache miss)
180 silly packumentCache full:https://registry.npmjs.org/expo-modules-autolinking set size:undefined disposed:false
181 silly fetch manifest react-refresh@^0.14.0
182 silly packumentCache full:https://registry.npmjs.org/react-refresh cache-miss
183 http fetch GET 200 https://registry.npmjs.org/@expo%2fconfig-plugins 264ms (cache miss)
184 silly packumentCache full:https://registry.npmjs.org/@expo%2fconfig-plugins set size:undefined disposed:false
185 silly fetch manifest hermes-compiler@250829098.0.10
186 silly packumentCache full:https://registry.npmjs.org/hermes-compiler cache-miss
187 http fetch GET 200 https://registry.npmjs.org/@expo%2flocal-build-cache-provider 211ms (cache miss)
188 silly packumentCache full:https://registry.npmjs.org/@expo%2flocal-build-cache-provider set size:undefined disposed:false
189 silly fetch manifest abort-controller@^3.0.0
190 silly packumentCache full:https://registry.npmjs.org/abort-controller cache-miss
191 http fetch GET 200 https://registry.npmjs.org/ansi-regex 96ms (cache miss)
192 silly packumentCache full:https://registry.npmjs.org/ansi-regex set size:undefined disposed:false
193 silly fetch manifest metro-source-map@^0.84.3
194 silly packumentCache full:https://registry.npmjs.org/metro-source-map cache-miss
195 http fetch GET 200 https://registry.npmjs.org/yargs 188ms (cache miss)
196 silly packumentCache full:https://registry.npmjs.org/yargs set size:undefined disposed:false
197 silly fetch manifest stacktrace-parser@^0.1.10
198 silly packumentCache full:https://registry.npmjs.org/stacktrace-parser cache-miss
199 http fetch GET 200 https://registry.npmjs.org/invariant 134ms (cache miss)
200 silly packumentCache full:https://registry.npmjs.org/invariant set size:undefined disposed:false
201 silly fetch manifest flow-enums-runtime@^0.0.6
202 silly packumentCache full:https://registry.npmjs.org/flow-enums-runtime cache-miss
203 http fetch GET 200 https://registry.npmjs.org/commander 156ms (cache miss)
204 silly packumentCache full:https://registry.npmjs.org/commander set size:undefined disposed:false
205 silly fetch manifest react-devtools-core@^6.1.5
206 silly packumentCache full:https://registry.npmjs.org/react-devtools-core cache-miss
207 http fetch GET 200 https://registry.npmjs.org/nullthrows 107ms (cache miss)
208 silly packumentCache full:https://registry.npmjs.org/nullthrows set size:undefined disposed:false
209 silly fetch manifest regenerator-runtime@^0.13.2
210 silly packumentCache full:https://registry.npmjs.org/regenerator-runtime cache-miss
211 http fetch GET 200 https://registry.npmjs.org/@babel%2fruntime 563ms (cache miss)
212 silly packumentCache full:https://registry.npmjs.org/@babel%2fruntime set size:undefined disposed:false
213 silly fetch manifest @react-native/codegen@0.85.3
214 silly packumentCache full:https://registry.npmjs.org/@react-native%2fcodegen cache-miss
215 http fetch GET 200 https://registry.npmjs.org/tinyglobby 151ms (cache miss)
216 silly packumentCache full:https://registry.npmjs.org/tinyglobby set size:undefined disposed:false
217 silly fetch manifest @react-native/js-polyfills@0.85.3
218 silly packumentCache full:https://registry.npmjs.org/@react-native%2fjs-polyfills cache-miss
219 http fetch GET 200 https://registry.npmjs.org/memoize-one 135ms (cache miss)
220 silly packumentCache full:https://registry.npmjs.org/memoize-one set size:undefined disposed:false
221 silly fetch manifest @react-native/gradle-plugin@0.85.3
222 silly packumentCache full:https://registry.npmjs.org/@react-native%2fgradle-plugin cache-miss
223 http fetch GET 200 https://registry.npmjs.org/flow-enums-runtime 113ms (cache miss)
224 silly packumentCache full:https://registry.npmjs.org/flow-enums-runtime set size:undefined disposed:false
225 silly fetch manifest @react-native/assets-registry@0.85.3
226 silly packumentCache full:https://registry.npmjs.org/@react-native%2fassets-registry cache-miss
227 http fetch GET 200 https://registry.npmjs.org/abort-controller 129ms (cache miss)
228 silly packumentCache full:https://registry.npmjs.org/abort-controller set size:undefined disposed:false
229 silly fetch manifest @react-native/normalize-colors@0.85.3
230 silly packumentCache full:https://registry.npmjs.org/@react-native%2fnormalize-colors cache-miss
231 http fetch GET 200 https://registry.npmjs.org/metro-runtime 162ms (cache miss)
232 silly packumentCache full:https://registry.npmjs.org/metro-runtime set size:undefined disposed:false
233 silly fetch manifest @react-native/virtualized-lists@0.85.3
234 silly packumentCache full:https://registry.npmjs.org/@react-native%2fvirtualized-lists cache-miss
235 http fetch GET 200 https://registry.npmjs.org/stacktrace-parser 122ms (cache miss)
236 silly packumentCache full:https://registry.npmjs.org/stacktrace-parser set size:undefined disposed:false
237 silly fetch manifest babel-plugin-syntax-hermes-parser@0.33.3
238 silly packumentCache full:https://registry.npmjs.org/babel-plugin-syntax-hermes-parser cache-miss
239 http fetch GET 200 https://registry.npmjs.org/whatwg-fetch 170ms (cache miss)
240 silly packumentCache full:https://registry.npmjs.org/whatwg-fetch set size:undefined disposed:false
241 silly fetch manifest @react-native/community-cli-plugin@0.85.3
242 silly packumentCache full:https://registry.npmjs.org/@react-native%2fcommunity-cli-plugin cache-miss
243 http fetch GET 200 https://registry.npmjs.org/regenerator-runtime 112ms (cache miss)
244 silly packumentCache full:https://registry.npmjs.org/regenerator-runtime set size:undefined disposed:false
245 http fetch GET 200 https://registry.npmjs.org/hermes-compiler 155ms (cache miss)
246 silly packumentCache full:https://registry.npmjs.org/hermes-compiler set size:undefined disposed:false
247 http fetch GET 200 https://registry.npmjs.org/metro-source-map 142ms (cache miss)
248 silly packumentCache full:https://registry.npmjs.org/metro-source-map set size:undefined disposed:false
249 http fetch GET 200 https://registry.npmjs.org/react-devtools-core 125ms (cache miss)
250 silly packumentCache full:https://registry.npmjs.org/react-devtools-core set size:undefined disposed:false
251 http fetch GET 200 https://registry.npmjs.org/react-refresh 727ms (cache miss)
252 silly packumentCache full:https://registry.npmjs.org/react-refresh set size:undefined disposed:false
253 http fetch GET 200 https://registry.npmjs.org/babel-plugin-syntax-hermes-parser 114ms (cache miss)
254 silly packumentCache full:https://registry.npmjs.org/babel-plugin-syntax-hermes-parser set size:undefined disposed:false
255 http fetch GET 200 https://registry.npmjs.org/@react-native%2fcodegen 216ms (cache miss)
256 silly packumentCache full:https://registry.npmjs.org/@react-native%2fcodegen set size:undefined disposed:false
257 http fetch GET 200 https://registry.npmjs.org/@react-native%2fvirtualized-lists 182ms (cache miss)
258 silly packumentCache full:https://registry.npmjs.org/@react-native%2fvirtualized-lists set size:undefined disposed:false
259 http fetch GET 200 https://registry.npmjs.org/@react-native%2fgradle-plugin 323ms (cache miss)
260 silly packumentCache full:https://registry.npmjs.org/@react-native%2fgradle-plugin set size:undefined disposed:false
261 http fetch GET 200 https://registry.npmjs.org/@react-native%2fnormalize-colors 306ms (cache miss)
262 silly packumentCache full:https://registry.npmjs.org/@react-native%2fnormalize-colors set size:undefined disposed:false
263 http fetch GET 200 https://registry.npmjs.org/@react-native%2fjs-polyfills 360ms (cache miss)
264 silly packumentCache full:https://registry.npmjs.org/@react-native%2fjs-polyfills set size:undefined disposed:false
265 http fetch GET 200 https://registry.npmjs.org/@react-native%2fassets-registry 338ms (cache miss)
266 silly packumentCache full:https://registry.npmjs.org/@react-native%2fassets-registry set size:undefined disposed:false
267 http fetch GET 200 https://registry.npmjs.org/@react-native%2fcommunity-cli-plugin 340ms (cache miss)
268 silly packumentCache full:https://registry.npmjs.org/@react-native%2fcommunity-cli-plugin set size:undefined disposed:false
269 http fetch GET 200 https://registry.npmjs.org/react-refresh 770ms (cache miss)
270 silly packumentCache full:https://registry.npmjs.org/react-refresh set size:undefined disposed:false
271 http fetch GET 200 https://registry.npmjs.org/scheduler 1057ms (cache miss)
272 silly packumentCache full:https://registry.npmjs.org/scheduler set size:undefined disposed:false
273 silly fetch manifest expo@*
274 silly packumentCache full:https://registry.npmjs.org/expo cache-miss
275 http cache https://registry.npmjs.org/expo 20ms (cache hit)
276 silly packumentCache full:https://registry.npmjs.org/expo set size:3768053 disposed:false
277 silly fetch manifest expo-router@*
278 silly packumentCache full:https://registry.npmjs.org/expo-router cache-miss
279 http fetch GET 200 https://registry.npmjs.org/expo-router 136ms (cache miss)
280 silly packumentCache full:https://registry.npmjs.org/expo-router set size:undefined disposed:false
281 silly fetch manifest @react-navigation/drawer@^7.9.4
282 silly packumentCache full:https://registry.npmjs.org/@react-navigation%2fdrawer cache-miss
283 http fetch GET 200 https://registry.npmjs.org/@react-navigation%2fdrawer 162ms (cache miss)
284 silly packumentCache full:https://registry.npmjs.org/@react-navigation%2fdrawer set size:undefined disposed:false
285 silly fetch manifest @react-navigation/native@^7.2.4
286 silly packumentCache full:https://registry.npmjs.org/@react-navigation%2fnative cache-miss
287 http fetch GET 200 https://registry.npmjs.org/@react-navigation%2fnative 163ms (cache miss)
288 silly packumentCache full:https://registry.npmjs.org/@react-navigation%2fnative set size:undefined disposed:false
289 silly fetch manifest react-native-gesture-handler@>= 2.0.0
290 silly packumentCache full:https://registry.npmjs.org/react-native-gesture-handler cache-miss
291 http fetch GET 200 https://registry.npmjs.org/react-native-gesture-handler 94ms (cache miss)
292 silly packumentCache full:https://registry.npmjs.org/react-native-gesture-handler set size:undefined disposed:false
293 silly fetch manifest react-native-reanimated@>= 2.0.0
294 silly packumentCache full:https://registry.npmjs.org/react-native-reanimated cache-miss
295 http fetch GET 200 https://registry.npmjs.org/react-native-reanimated 202ms (cache miss)
296 silly packumentCache full:https://registry.npmjs.org/react-native-reanimated set size:undefined disposed:false
297 silly fetch manifest react-native-worklets@0.8.x
298 silly packumentCache full:https://registry.npmjs.org/react-native-worklets cache-miss
299 http fetch GET 200 https://registry.npmjs.org/react-native-worklets 87ms (cache miss)
300 silly packumentCache full:https://registry.npmjs.org/react-native-worklets set size:undefined disposed:false
301 silly fetch manifest @babel/core@*
302 silly packumentCache full:https://registry.npmjs.org/@babel%2fcore cache-miss
303 http fetch GET 200 https://registry.npmjs.org/@babel%2fcore 98ms (cache miss)
304 silly packumentCache full:https://registry.npmjs.org/@babel%2fcore set size:undefined disposed:false
305 silly fetch manifest @react-native/metro-config@*
306 silly packumentCache full:https://registry.npmjs.org/@react-native%2fmetro-config cache-miss
307 http fetch GET 200 https://registry.npmjs.org/@react-native%2fmetro-config 136ms (cache miss)
308 silly packumentCache full:https://registry.npmjs.org/@react-native%2fmetro-config set size:undefined disposed:false
309 silly fetch manifest react-native-safe-area-context@>= 4.0.0
310 silly packumentCache full:https://registry.npmjs.org/react-native-safe-area-context cache-miss
311 http fetch GET 200 https://registry.npmjs.org/react-native-safe-area-context 87ms (cache miss)
312 silly packumentCache full:https://registry.npmjs.org/react-native-safe-area-context set size:undefined disposed:false
313 silly fetch manifest react-native-screens@>= 4.0.0
314 silly packumentCache full:https://registry.npmjs.org/react-native-screens cache-miss
315 http fetch GET 200 https://registry.npmjs.org/react-native-screens 146ms (cache miss)
316 silly packumentCache full:https://registry.npmjs.org/react-native-screens set size:undefined disposed:false
317 silly fetch manifest @testing-library/react-native@>= 13.2.0
318 silly packumentCache full:https://registry.npmjs.org/@testing-library%2freact-native cache-miss
319 http fetch GET 200 https://registry.npmjs.org/@testing-library%2freact-native 112ms (cache miss)
320 silly packumentCache full:https://registry.npmjs.org/@testing-library%2freact-native set size:undefined disposed:false
321 silly fetch manifest jest@>=29.0.0
322 silly packumentCache full:https://registry.npmjs.org/jest cache-miss
323 http fetch GET 200 https://registry.npmjs.org/jest 133ms (cache miss)
324 silly packumentCache full:https://registry.npmjs.org/jest set size:undefined disposed:false
325 silly fetch manifest node-notifier@^8.0.1 || ^9.0.0 || ^10.0.0
326 silly packumentCache full:https://registry.npmjs.org/node-notifier cache-miss
327 http fetch GET 200 https://registry.npmjs.org/node-notifier 73ms (cache miss)
328 silly packumentCache full:https://registry.npmjs.org/node-notifier set size:undefined disposed:false
329 silly fetch manifest react-test-renderer@>=18.2.0
330 silly packumentCache full:https://registry.npmjs.org/react-test-renderer cache-miss
331 http fetch GET 200 https://registry.npmjs.org/react-test-renderer 686ms (cache miss)
332 silly packumentCache full:https://registry.npmjs.org/react-test-renderer set size:undefined disposed:false
333 silly fetch manifest expo-linking@^55.0.15
334 silly packumentCache full:https://registry.npmjs.org/expo-linking cache-miss
335 http fetch GET 200 https://registry.npmjs.org/expo-linking 113ms (cache miss)
336 silly packumentCache full:https://registry.npmjs.org/expo-linking set size:undefined disposed:false
337 silly fetch manifest react-native-web@*
338 silly packumentCache full:https://registry.npmjs.org/react-native-web cache-miss
339 http fetch GET 200 https://registry.npmjs.org/react-native-web 114ms (cache miss)
340 silly packumentCache full:https://registry.npmjs.org/react-native-web set size:undefined disposed:false
341 silly fetch manifest react-server-dom-webpack@~19.0.4 || ~19.1.5 || ~19.2.4
342 silly packumentCache full:https://registry.npmjs.org/react-server-dom-webpack cache-miss
343 http fetch GET 200 https://registry.npmjs.org/react-server-dom-webpack 262ms (cache miss)
344 silly packumentCache full:https://registry.npmjs.org/react-server-dom-webpack set size:undefined disposed:false
345 silly fetch manifest webpack@^5.59.0
346 silly packumentCache full:https://registry.npmjs.org/webpack cache-miss
347 http fetch GET 200 https://registry.npmjs.org/webpack 174ms (cache miss)
348 silly packumentCache full:https://registry.npmjs.org/webpack set size:undefined disposed:false
349 silly fetch manifest expo-widgets@^55.0.19
350 silly packumentCache full:https://registry.npmjs.org/expo-widgets cache-miss
351 http fetch GET 200 https://registry.npmjs.org/expo-widgets 58ms (cache miss)
352 silly packumentCache full:https://registry.npmjs.org/expo-widgets set size:undefined disposed:false
353 silly fetch manifest react-native-worklets@^0.7.4 || ^0.8.0
354 silly packumentCache full:https://registry.npmjs.org/react-native-worklets cache-miss
355 http cache https://registry.npmjs.org/react-native-worklets 11ms (cache hit)
356 silly packumentCache full:https://registry.npmjs.org/react-native-worklets set size:2531369 disposed:false
357 silly placeDep ROOT @babel/runtime@7.29.2 OK for: expo@55.0.25 want: ^7.20.0
358 silly placeDep ROOT @expo/cli@55.0.31 OK for: expo@55.0.25 want: 55.0.31
359 silly placeDep ROOT @expo/config@55.0.17 OK for: expo@55.0.25 want: ~55.0.17
360 silly placeDep ROOT @expo/config-plugins@55.0.9 OK for: expo@55.0.25 want: ~55.0.9
361 silly placeDep ROOT @expo/devtools@55.0.3 OK for: expo@55.0.25 want: 55.0.3
362 silly placeDep ROOT @expo/fingerprint@0.16.7 OK for: expo@55.0.25 want: 0.16.7
363 silly placeDep ROOT @expo/local-build-cache-provider@55.0.13 OK for: expo@55.0.25 want: 55.0.13
364 silly placeDep ROOT @expo/log-box@55.0.12 OK for: expo@55.0.25 want: 55.0.12
365 silly placeDep ROOT @expo/metro@55.1.1 OK for: expo@55.0.25 want: ~55.1.1
366 silly placeDep ROOT @expo/metro-config@55.0.22 OK for: expo@55.0.25 want: 55.0.22
367 silly placeDep ROOT @expo/vector-icons@15.1.1 OK for: expo@55.0.25 want: ^15.0.2
368 silly placeDep ROOT expo-font@55.0.8 OK for: @expo/vector-icons@15.1.1 want: >=14.0.4
369 silly placeDep ROOT @ungap/structured-clone@1.3.1 OK for: expo@55.0.25 want: ^1.3.0
370 silly placeDep ROOT babel-preset-expo@55.0.22 OK for: expo@55.0.25 want: ~55.0.22
371 silly placeDep ROOT react-refresh@0.14.2 OK for: babel-preset-expo@55.0.22 want: >=0.14.0 <1.0.0
372 silly placeDep ROOT expo-asset@55.0.17 OK for: expo@55.0.25 want: ~55.0.17
373 silly placeDep ROOT expo-constants@55.0.16 OK for: expo@55.0.25 want: ~55.0.16
374 silly placeDep ROOT expo-file-system@55.0.21 OK for: expo@55.0.25 want: ~55.0.21
375 silly placeDep ROOT expo-keep-awake@55.0.8 OK for: expo@55.0.25 want: ~55.0.8
376 silly placeDep ROOT expo-modules-autolinking@55.0.23 OK for: expo@55.0.25 want: 55.0.23
377 silly placeDep ROOT expo-modules-core@55.0.25 OK for: expo@55.0.25 want: 55.0.25
378 silly placeDep ROOT pretty-format@29.7.0 OK for: expo@55.0.25 want: ^29.7.0
379 silly placeDep ROOT whatwg-url-minimum@0.1.2 OK for: expo@55.0.25 want: ^0.1.2
380 silly fetch manifest ws@^8.12.1
381 silly packumentCache full:https://registry.npmjs.org/ws cache-miss
382 silly fetch manifest arg@^5.0.2
383 silly packumentCache full:https://registry.npmjs.org/arg cache-miss
384 silly fetch manifest ora@^3.4.0
385 silly packumentCache full:https://registry.npmjs.org/ora cache-miss
386 silly fetch manifest zod@^3.25.76
387 silly packumentCache full:https://registry.npmjs.org/zod cache-miss
388 silly fetch manifest glob@^13.0.0
389 silly packumentCache full:https://registry.npmjs.org/glob cache-miss
390 silly fetch manifest send@^0.19.0
391 silly packumentCache full:https://registry.npmjs.org/send cache-miss
392 silly fetch manifest toqr@^0.1.1
393 silly packumentCache full:https://registry.npmjs.org/toqr cache-miss
394 silly fetch manifest chalk@^4.0.0
395 silly packumentCache full:https://registry.npmjs.org/chalk cache-miss
396 silly fetch manifest debug@^4.3.4
397 silly packumentCache full:https://registry.npmjs.org/debug cache-miss
398 silly fetch manifest getenv@^2.0.0
399 silly packumentCache full:https://registry.npmjs.org/getenv cache-miss
400 silly fetch manifest semver@^7.6.0
401 silly packumentCache full:https://registry.npmjs.org/semver cache-miss
402 silly fetch manifest accepts@^1.3.8
403 silly packumentCache full:https://registry.npmjs.org/accepts cache-miss
404 silly fetch manifest ci-info@^3.3.0
405 silly packumentCache full:https://registry.npmjs.org/ci-info cache-miss
406 silly fetch manifest connect@^3.7.0
407 silly packumentCache full:https://registry.npmjs.org/connect cache-miss
408 silly fetch manifest prompts@^2.3.2
409 silly packumentCache full:https://registry.npmjs.org/prompts cache-miss
410 http cache https://registry.npmjs.org/semver 19ms (cache hit)
411 silly packumentCache full:https://registry.npmjs.org/semver set size:233058 disposed:false
412 silly fetch manifest slugify@^1.3.4
413 silly packumentCache full:https://registry.npmjs.org/slugify cache-miss
414 http cache https://registry.npmjs.org/ws 30ms (cache hit)
415 silly packumentCache full:https://registry.npmjs.org/ws set size:418167 disposed:false
416 silly fetch manifest progress@^2.0.3
417 silly packumentCache full:https://registry.npmjs.org/progress cache-miss
418 http fetch GET 200 https://registry.npmjs.org/arg 77ms (cache miss)
419 silly packumentCache full:https://registry.npmjs.org/arg set size:undefined disposed:false
420 silly fetch manifest @expo/env@~2.1.2
421 silly packumentCache full:https://registry.npmjs.org/@expo%2fenv cache-miss
422 http fetch GET 200 https://registry.npmjs.org/toqr 78ms (cache miss)
423 silly packumentCache full:https://registry.npmjs.org/toqr set size:undefined disposed:false
424 silly fetch manifest multitars@^1.0.0
425 silly packumentCache full:https://registry.npmjs.org/multitars cache-miss
426 http fetch GET 200 https://registry.npmjs.org/ora 82ms (cache miss)
427 silly packumentCache full:https://registry.npmjs.org/ora set size:undefined disposed:false
428 silly fetch manifest picomatch@^4.0.3
429 silly packumentCache full:https://registry.npmjs.org/picomatch cache-miss
430 http fetch GET 200 https://registry.npmjs.org/send 91ms (cache miss)
431 silly packumentCache full:https://registry.npmjs.org/send set size:undefined disposed:false
432 silly fetch manifest wrap-ansi@^7.0.0
433 silly packumentCache full:https://registry.npmjs.org/wrap-ansi cache-miss
434 http fetch GET 200 https://registry.npmjs.org/getenv 132ms (cache miss)
435 silly packumentCache full:https://registry.npmjs.org/getenv set size:undefined disposed:false
436 silly fetch manifest better-opn@~3.0.2
437 silly packumentCache full:https://registry.npmjs.org/better-opn cache-miss
438 http fetch GET 200 https://registry.npmjs.org/debug 135ms (cache miss)
439 silly packumentCache full:https://registry.npmjs.org/debug set size:undefined disposed:false
440 silly fetch manifest node-forge@^1.3.3
441 silly packumentCache full:https://registry.npmjs.org/node-forge cache-miss
442 http fetch GET 200 https://registry.npmjs.org/prompts 149ms (cache miss)
443 silly packumentCache full:https://registry.npmjs.org/prompts set size:undefined disposed:false
444 silly fetch manifest @expo/plist@^0.5.3
445 silly packumentCache full:https://registry.npmjs.org/@expo%2fplist cache-miss
446 http fetch GET 200 https://registry.npmjs.org/progress 120ms (cache miss)
447 silly packumentCache full:https://registry.npmjs.org/progress set size:undefined disposed:false
448 silly fetch manifest compression@^1.7.4
449 silly packumentCache full:https://registry.npmjs.org/compression cache-miss
450 http fetch GET 200 https://registry.npmjs.org/accepts 159ms (cache miss)
451 silly packumentCache full:https://registry.npmjs.org/accepts set size:undefined disposed:false
452 silly fetch manifest expo-server@^55.0.10
453 silly packumentCache full:https://registry.npmjs.org/expo-server cache-miss
454 http fetch GET 200 https://registry.npmjs.org/chalk 166ms (cache miss)
455 silly packumentCache full:https://registry.npmjs.org/chalk set size:undefined disposed:false
456 silly fetch manifest lan-network@^0.2.1
457 silly packumentCache full:https://registry.npmjs.org/lan-network cache-miss
458 http fetch GET 200 https://registry.npmjs.org/slugify 156ms (cache miss)
459 silly packumentCache full:https://registry.npmjs.org/slugify set size:undefined disposed:false
460 silly fetch manifest resolve-from@^5.0.0
461 silly packumentCache full:https://registry.npmjs.org/resolve-from cache-miss
462 http fetch GET 200 https://registry.npmjs.org/ci-info 181ms (cache miss)
463 silly packumentCache full:https://registry.npmjs.org/ci-info set size:undefined disposed:false
464 silly fetch manifest @expo/devcert@^1.2.1
465 silly packumentCache full:https://registry.npmjs.org/@expo%2fdevcert cache-miss
466 http fetch GET 200 https://registry.npmjs.org/glob 190ms (cache miss)
467 silly packumentCache full:https://registry.npmjs.org/glob set size:undefined disposed:false
468 silly fetch manifest bplist-parser@^0.3.1
469 silly packumentCache full:https://registry.npmjs.org/bplist-parser cache-miss
470 http fetch GET 200 https://registry.npmjs.org/connect 199ms (cache miss)
471 silly packumentCache full:https://registry.npmjs.org/connect set size:undefined disposed:false
472 silly fetch manifest terminal-link@^2.1.1
473 silly packumentCache full:https://registry.npmjs.org/terminal-link cache-miss
474 http fetch GET 200 https://registry.npmjs.org/@expo%2fenv 158ms (cache miss)
475 silly packumentCache full:https://registry.npmjs.org/@expo%2fenv set size:undefined disposed:false
476 silly fetch manifest @expo/xcpretty@^4.4.0
477 silly packumentCache full:https://registry.npmjs.org/@expo%2fxcpretty cache-miss
478 http fetch GET 200 https://registry.npmjs.org/wrap-ansi 149ms (cache miss)
479 silly packumentCache full:https://registry.npmjs.org/wrap-ansi set size:undefined disposed:false
480 silly fetch manifest bplist-creator@0.1.0
481 silly packumentCache full:https://registry.npmjs.org/bplist-creator cache-miss
482 http fetch GET 200 https://registry.npmjs.org/picomatch 160ms (cache miss)
483 silly packumentCache full:https://registry.npmjs.org/picomatch set size:undefined disposed:false
484 silly fetch manifest fetch-nodeshim@^0.4.10
485 silly packumentCache full:https://registry.npmjs.org/fetch-nodeshim cache-miss
486 http fetch GET 200 https://registry.npmjs.org/multitars 171ms (cache miss)
487 silly packumentCache full:https://registry.npmjs.org/multitars set size:undefined disposed:false
488 silly fetch manifest @expo/json-file@^10.0.14
489 silly packumentCache full:https://registry.npmjs.org/@expo%2fjson-file cache-miss
490 http fetch GET 200 https://registry.npmjs.org/lan-network 97ms (cache miss)
491 silly packumentCache full:https://registry.npmjs.org/lan-network set size:undefined disposed:false
492 silly fetch manifest @expo/osascript@^2.4.3
493 silly packumentCache full:https://registry.npmjs.org/@expo%2fosascript cache-miss
494 http fetch GET 200 https://registry.npmjs.org/compression 113ms (cache miss)
495 silly packumentCache full:https://registry.npmjs.org/compression set size:undefined disposed:false
496 silly fetch manifest @expo/ws-tunnel@^1.0.1
497 silly packumentCache full:https://registry.npmjs.org/@expo%2fws-tunnel cache-miss
498 http fetch GET 200 https://registry.npmjs.org/expo-server 125ms (cache miss)
499 silly packumentCache full:https://registry.npmjs.org/expo-server set size:undefined disposed:false
500 silly fetch manifest dnssd-advertise@^1.1.4
501 silly packumentCache full:https://registry.npmjs.org/dnssd-advertise cache-miss
502 http fetch GET 200 https://registry.npmjs.org/zod 294ms (cache miss)
503 silly packumentCache full:https://registry.npmjs.org/zod set size:undefined disposed:false
504 silly fetch manifest npm-package-arg@^11.0.0
505 silly packumentCache full:https://registry.npmjs.org/npm-package-arg cache-miss
506 http fetch GET 200 https://registry.npmjs.org/node-forge 242ms (cache miss)
507 silly packumentCache full:https://registry.npmjs.org/node-forge set size:undefined disposed:false
508 silly fetch manifest @expo/image-utils@^0.8.14
509 silly packumentCache full:https://registry.npmjs.org/@expo%2fimage-utils cache-miss
510 http fetch GET 200 https://registry.npmjs.org/bplist-parser 192ms (cache miss)
511 silly packumentCache full:https://registry.npmjs.org/bplist-parser set size:undefined disposed:false
512 silly fetch manifest @expo/spawn-async@^1.7.2
513 silly packumentCache full:https://registry.npmjs.org/@expo%2fspawn-async cache-miss
514 http fetch GET 200 https://registry.npmjs.org/terminal-link 182ms (cache miss)
515 silly packumentCache full:https://registry.npmjs.org/terminal-link set size:undefined disposed:false
516 silly fetch manifest @expo/metro-config@~55.0.22
517 silly packumentCache full:https://registry.npmjs.org/@expo%2fmetro-config cache-miss
518 http fetch GET 200 https://registry.npmjs.org/resolve-from 208ms (cache miss)
519 silly packumentCache full:https://registry.npmjs.org/resolve-from set size:undefined disposed:false
520 silly fetch manifest @expo/schema-utils@^55.0.4
521 silly packumentCache full:https://registry.npmjs.org/@expo%2fschema-utils cache-miss
522 http fetch GET 200 https://registry.npmjs.org/bplist-creator 149ms (cache miss)
523 silly packumentCache full:https://registry.npmjs.org/bplist-creator set size:undefined disposed:false
524 silly fetch manifest source-map-support@~0.5.21
525 silly packumentCache full:https://registry.npmjs.org/source-map-support cache-miss
526 http fetch GET 200 https://registry.npmjs.org/better-opn 262ms (cache miss)
527 silly packumentCache full:https://registry.npmjs.org/better-opn set size:undefined disposed:false
528 silly fetch manifest structured-headers@^0.4.1
529 silly packumentCache full:https://registry.npmjs.org/structured-headers cache-miss
530 http fetch GET 200 https://registry.npmjs.org/fetch-nodeshim 156ms (cache miss)
531 silly packumentCache full:https://registry.npmjs.org/fetch-nodeshim set size:undefined disposed:false
532 silly fetch manifest @expo/require-utils@^55.0.5
533 silly packumentCache full:https://registry.npmjs.org/@expo%2frequire-utils cache-miss
534 http fetch GET 200 https://registry.npmjs.org/@expo%2fxcpretty 171ms (cache miss)
535 silly packumentCache full:https://registry.npmjs.org/@expo%2fxcpretty set size:undefined disposed:false
536 silly fetch manifest @expo/router-server@^55.0.17
537 silly packumentCache full:https://registry.npmjs.org/@expo%2frouter-server cache-miss
538 http cache https://registry.npmjs.org/@expo%2fmetro-config 31ms (cache hit)
539 silly packumentCache full:https://registry.npmjs.org/@expo%2fmetro-config set size:1522661 disposed:false
540 silly fetch manifest @expo/package-manager@^1.10.5
541 silly packumentCache full:https://registry.npmjs.org/@expo%2fpackage-manager cache-miss
542 http fetch GET 200 https://registry.npmjs.org/@expo%2fplist 283ms (cache miss)
543 silly packumentCache full:https://registry.npmjs.org/@expo%2fplist set size:undefined disposed:false
544 silly fetch manifest @expo/prebuild-config@^55.0.18
545 silly packumentCache full:https://registry.npmjs.org/@expo%2fprebuild-config cache-miss
546 http fetch GET 200 https://registry.npmjs.org/npm-package-arg 130ms (cache miss)
547 silly packumentCache full:https://registry.npmjs.org/npm-package-arg set size:undefined disposed:false
548 silly fetch manifest @react-native/dev-middleware@0.83.6
549 silly packumentCache full:https://registry.npmjs.org/@react-native%2fdev-middleware cache-miss
550 http fetch GET 200 https://registry.npmjs.org/@expo%2fjson-file 210ms (cache miss)
551 silly packumentCache full:https://registry.npmjs.org/@expo%2fjson-file set size:undefined disposed:false
552 silly fetch manifest @expo/code-signing-certificates@^0.0.6
553 silly packumentCache full:https://registry.npmjs.org/@expo%2fcode-signing-certificates cache-miss
554 http fetch GET 200 https://registry.npmjs.org/@expo%2fdevcert 320ms (cache miss)
555 silly packumentCache full:https://registry.npmjs.org/@expo%2fdevcert set size:undefined disposed:false
556 silly fetch manifest deepmerge@^4.3.1
557 silly packumentCache full:https://registry.npmjs.org/deepmerge cache-miss
558 http fetch GET 200 https://registry.npmjs.org/structured-headers 115ms (cache miss)
559 silly packumentCache full:https://registry.npmjs.org/structured-headers set size:undefined disposed:false
560 silly fetch manifest @expo/config-types@^55.0.5
561 silly packumentCache full:https://registry.npmjs.org/@expo%2fconfig-types cache-miss
562 http fetch GET 200 https://registry.npmjs.org/source-map-support 121ms (cache miss)
563 silly packumentCache full:https://registry.npmjs.org/source-map-support set size:undefined disposed:false
564 silly fetch manifest @expo/require-utils@^55.0.5
565 silly packumentCache full:https://registry.npmjs.org/@expo%2frequire-utils cache-miss
566 http fetch GET 200 https://registry.npmjs.org/@expo%2fspawn-async 135ms (cache miss)
567 silly packumentCache full:https://registry.npmjs.org/@expo%2fspawn-async set size:undefined disposed:false
568 silly fetch manifest resolve-workspace-root@^2.0.0
569 silly packumentCache full:https://registry.npmjs.org/resolve-workspace-root cache-miss
570 http fetch GET 200 https://registry.npmjs.org/@expo%2fschema-utils 133ms (cache miss)
571 silly packumentCache full:https://registry.npmjs.org/@expo%2fschema-utils set size:undefined disposed:false
572 silly fetch manifest chalk@^4.1.2
573 silly packumentCache full:https://registry.npmjs.org/chalk cache-miss
574 http cache https://registry.npmjs.org/chalk 8ms (cache hit)
575 silly packumentCache full:https://registry.npmjs.org/chalk set size:117861 disposed:false
576 silly fetch manifest debug@^4.3.5
577 silly packumentCache full:https://registry.npmjs.org/debug cache-miss
578 http fetch GET 200 https://registry.npmjs.org/dnssd-advertise 249ms (cache miss)
579 silly packumentCache full:https://registry.npmjs.org/dnssd-advertise set size:undefined disposed:false
580 silly fetch manifest xcode@^3.0.1
581 silly packumentCache full:https://registry.npmjs.org/xcode cache-miss
582 http cache https://registry.npmjs.org/debug 10ms (cache hit)
583 silly packumentCache full:https://registry.npmjs.org/debug set size:195840 disposed:false
584 silly fetch manifest semver@^7.5.4
585 silly packumentCache full:https://registry.npmjs.org/semver cache-hit
586 silly fetch manifest xml2js@0.6.0
587 silly packumentCache full:https://registry.npmjs.org/xml2js cache-miss
588 http fetch GET 200 https://registry.npmjs.org/@expo%2fimage-utils 182ms (cache miss)
589 silly packumentCache full:https://registry.npmjs.org/@expo%2fimage-utils set size:undefined disposed:false
590 silly fetch manifest slugify@^1.6.6
591 silly packumentCache full:https://registry.npmjs.org/slugify cache-miss
592 http fetch GET 200 https://registry.npmjs.org/@expo%2fosascript 310ms (cache miss)
593 silly packumentCache full:https://registry.npmjs.org/@expo%2fosascript set size:undefined disposed:false
594 silly fetch manifest @expo/json-file@~10.0.14
595 silly packumentCache full:https://registry.npmjs.org/@expo%2fjson-file cache-miss
596 http cache https://registry.npmjs.org/slugify 13ms (cache hit)
597 silly packumentCache full:https://registry.npmjs.org/slugify set size:103522 disposed:false
598 silly fetch manifest @expo/config-types@^55.0.5
599 silly packumentCache full:https://registry.npmjs.org/@expo%2fconfig-types cache-miss
600 http fetch GET 200 https://registry.npmjs.org/@expo%2fpackage-manager 160ms (cache miss)
601 silly packumentCache full:https://registry.npmjs.org/@expo%2fpackage-manager set size:undefined disposed:false
602 silly fetch manifest @expo/sdk-runtime-versions@^1.0.0
603 silly packumentCache full:https://registry.npmjs.org/@expo%2fsdk-runtime-versions cache-miss
604 http fetch GET 200 https://registry.npmjs.org/deepmerge 86ms (cache miss)
605 silly packumentCache full:https://registry.npmjs.org/deepmerge set size:undefined disposed:false
606 silly fetch manifest ignore@^5.3.1
607 silly packumentCache full:https://registry.npmjs.org/ignore cache-miss
608 http cache https://registry.npmjs.org/@expo%2fjson-file 22ms (cache hit)
609 silly packumentCache full:https://registry.npmjs.org/@expo%2fjson-file set size:744242 disposed:false
610 silly fetch manifest @expo/env@^2.1.2
611 silly packumentCache full:https://registry.npmjs.org/@expo%2fenv cache-miss
612 http cache https://registry.npmjs.org/@expo%2fenv 10ms (cache hit)
613 silly packumentCache full:https://registry.npmjs.org/@expo%2fenv set size:554829 disposed:false
614 silly fetch manifest minimatch@^10.2.2
615 silly packumentCache full:https://registry.npmjs.org/minimatch cache-miss
616 http fetch GET 200 https://registry.npmjs.org/resolve-workspace-root 107ms (cache miss)
617 silly packumentCache full:https://registry.npmjs.org/resolve-workspace-root set size:undefined disposed:false
618 silly fetch manifest @expo/dom-webview@^55.0.6
619 silly packumentCache full:https://registry.npmjs.org/@expo%2fdom-webview cache-miss
620 http cache https://registry.npmjs.org/@expo%2fdom-webview 7ms (cache hit)
621 silly packumentCache full:https://registry.npmjs.org/@expo%2fdom-webview set size:404682 disposed:false
622 silly fetch manifest metro@0.83.7
623 silly packumentCache full:https://registry.npmjs.org/metro cache-miss
624 http fetch GET 200 https://registry.npmjs.org/xml2js 135ms (cache miss)
625 silly packumentCache full:https://registry.npmjs.org/xml2js set size:undefined disposed:false
626 silly fetch manifest metro-core@0.83.7
627 silly packumentCache full:https://registry.npmjs.org/metro-core cache-miss
628 http fetch GET 200 https://registry.npmjs.org/@expo%2frequire-utils 291ms (cache miss)
629 silly packumentCache full:https://registry.npmjs.org/@expo%2frequire-utils set size:undefined disposed:false
630 silly fetch manifest metro-cache@0.83.7
631 silly packumentCache full:https://registry.npmjs.org/metro-cache cache-miss
632 http fetch GET 200 https://registry.npmjs.org/@expo%2frequire-utils 183ms (cache miss)
633 silly packumentCache full:https://registry.npmjs.org/@expo%2frequire-utils set size:undefined disposed:false
634 silly fetch manifest metro-config@0.83.7
635 silly packumentCache full:https://registry.npmjs.org/metro-config cache-miss
636 http fetch GET 200 https://registry.npmjs.org/@expo%2fsdk-runtime-versions 137ms (cache miss)
637 silly packumentCache full:https://registry.npmjs.org/@expo%2fsdk-runtime-versions set size:undefined disposed:false
638 silly fetch manifest metro-runtime@0.83.7
639 silly packumentCache full:https://registry.npmjs.org/metro-runtime cache-miss
640 http fetch GET 200 https://registry.npmjs.org/@expo%2fcode-signing-certificates 271ms (cache miss)
641 silly packumentCache full:https://registry.npmjs.org/@expo%2fcode-signing-certificates set size:undefined disposed:false
642 silly fetch manifest metro-file-map@0.83.7
643 silly packumentCache full:https://registry.npmjs.org/metro-file-map cache-miss
644 http fetch GET 200 https://registry.npmjs.org/@expo%2fconfig-types 229ms (cache miss)
645 silly packumentCache full:https://registry.npmjs.org/@expo%2fconfig-types set size:undefined disposed:false
646 silly fetch manifest metro-resolver@0.83.7
647 silly packumentCache full:https://registry.npmjs.org/metro-resolver cache-miss
648 http fetch GET 200 https://registry.npmjs.org/ignore 153ms (cache miss)
649 silly packumentCache full:https://registry.npmjs.org/ignore set size:undefined disposed:false
650 silly fetch manifest metro-cache-key@0.83.7
651 silly packumentCache full:https://registry.npmjs.org/metro-cache-key cache-miss
652 http fetch GET 200 https://registry.npmjs.org/@expo%2fws-tunnel 489ms (cache miss)
653 silly packumentCache full:https://registry.npmjs.org/@expo%2fws-tunnel set size:undefined disposed:false
654 silly fetch manifest metro-source-map@0.83.7
655 silly packumentCache full:https://registry.npmjs.org/metro-source-map cache-miss
656 http cache https://registry.npmjs.org/metro-runtime 32ms (cache hit)
657 silly packumentCache full:https://registry.npmjs.org/metro-runtime set size:217103 disposed:false
658 silly fetch manifest metro-symbolicate@0.83.7
659 silly packumentCache full:https://registry.npmjs.org/metro-symbolicate cache-miss
660 http fetch GET 200 https://registry.npmjs.org/@expo%2fprebuild-config 325ms (cache miss)
661 silly packumentCache full:https://registry.npmjs.org/@expo%2fprebuild-config set size:undefined disposed:false
662 silly fetch manifest metro-minify-terser@0.83.7
663 silly packumentCache full:https://registry.npmjs.org/metro-minify-terser cache-miss
664 http fetch GET 200 https://registry.npmjs.org/@expo%2frouter-server 364ms (cache miss)
665 silly packumentCache full:https://registry.npmjs.org/@expo%2frouter-server set size:undefined disposed:false
666 silly fetch manifest metro-transform-worker@0.83.7
667 silly packumentCache full:https://registry.npmjs.org/metro-transform-worker cache-miss
668 http fetch GET 200 https://registry.npmjs.org/minimatch 160ms (cache miss)
669 silly packumentCache full:https://registry.npmjs.org/minimatch set size:undefined disposed:false
670 silly fetch manifest metro-babel-transformer@0.83.7
671 silly packumentCache full:https://registry.npmjs.org/metro-babel-transformer cache-miss
672 http cache https://registry.npmjs.org/metro-source-map 37ms (cache hit)
673 silly packumentCache full:https://registry.npmjs.org/metro-source-map set size:424782 disposed:false
674 silly fetch manifest metro-transform-plugins@0.83.7
675 silly packumentCache full:https://registry.npmjs.org/metro-transform-plugins cache-miss
676 http fetch GET 200 https://registry.npmjs.org/@react-native%2fdev-middleware 354ms (cache miss)
677 silly packumentCache full:https://registry.npmjs.org/@react-native%2fdev-middleware set size:undefined disposed:false
678 silly fetch manifest chalk@^4.1.0
679 silly packumentCache full:https://registry.npmjs.org/chalk cache-hit
680 silly fetch manifest debug@^4.3.2
681 silly packumentCache full:https://registry.npmjs.org/debug cache-hit
682 silly fetch manifest postcss@^8.5.14
683 silly packumentCache full:https://registry.npmjs.org/postcss cache-miss
684 http fetch GET 200 https://registry.npmjs.org/@expo%2fconfig-types 250ms (cache miss)
685 silly packumentCache full:https://registry.npmjs.org/@expo%2fconfig-types set size:undefined disposed:false
686 silly fetch manifest @babel/core@^7.20.0
687 silly packumentCache full:https://registry.npmjs.org/@babel%2fcore cache-miss
688 http cache https://registry.npmjs.org/@babel%2fcore 23ms (cache hit)
689 silly packumentCache full:https://registry.npmjs.org/@babel%2fcore set size:768033 disposed:false
690 silly fetch manifest browserslist@^4.25.0
691 silly packumentCache full:https://registry.npmjs.org/browserslist cache-miss
692 http fetch GET 200 https://registry.npmjs.org/metro-core 182ms (cache miss)
693 silly packumentCache full:https://registry.npmjs.org/metro-core set size:undefined disposed:false
694 silly fetch manifest jsc-safe-url@^0.2.4
695 silly packumentCache full:https://registry.npmjs.org/jsc-safe-url cache-miss
696 http fetch GET 200 https://registry.npmjs.org/metro-file-map 154ms (cache miss)
697 silly packumentCache full:https://registry.npmjs.org/metro-file-map set size:undefined disposed:false
698 silly fetch manifest lightningcss@^1.30.1
699 silly packumentCache full:https://registry.npmjs.org/lightningcss cache-miss
700 http fetch GET 200 https://registry.npmjs.org/metro-cache-key 143ms (cache miss)
701 silly packumentCache full:https://registry.npmjs.org/metro-cache-key set size:undefined disposed:false
702 silly fetch manifest hermes-parser@^0.32.0
703 silly packumentCache full:https://registry.npmjs.org/hermes-parser cache-miss
704 http fetch GET 200 https://registry.npmjs.org/metro-config 208ms (cache miss)
705 silly packumentCache full:https://registry.npmjs.org/metro-config set size:undefined disposed:false
706 silly fetch manifest @babel/generator@^7.20.5
707 silly packumentCache full:https://registry.npmjs.org/@babel%2fgenerator cache-miss
708 http fetch GET 200 https://registry.npmjs.org/metro-cache 215ms (cache miss)
709 silly packumentCache full:https://registry.npmjs.org/metro-cache set size:undefined disposed:false
710 silly fetch manifest @babel/code-frame@^7.20.0
711 silly packumentCache full:https://registry.npmjs.org/@babel%2fcode-frame cache-miss
712 http fetch GET 200 https://registry.npmjs.org/metro 279ms (cache miss)
713 silly packumentCache full:https://registry.npmjs.org/metro set size:undefined disposed:false
714 silly fetch manifest fontfaceobserver@^2.1.0
715 silly packumentCache full:https://registry.npmjs.org/fontfaceobserver cache-miss
716 http fetch GET 200 https://registry.npmjs.org/metro-resolver 192ms (cache miss)
717 silly packumentCache full:https://registry.npmjs.org/metro-resolver set size:undefined disposed:false
718 silly fetch manifest @babel/generator@^7.20.5
719 silly packumentCache full:https://registry.npmjs.org/@babel%2fgenerator cache-miss
720 http fetch GET 200 https://registry.npmjs.org/metro-transform-plugins 144ms (cache miss)
721 silly packumentCache full:https://registry.npmjs.org/metro-transform-plugins set size:undefined disposed:false
722 silly fetch manifest @babel/preset-react@^7.22.15
723 silly packumentCache full:https://registry.npmjs.org/@babel%2fpreset-react cache-miss
724 http fetch GET 200 https://registry.npmjs.org/metro-symbolicate 180ms (cache miss)
725 silly packumentCache full:https://registry.npmjs.org/metro-symbolicate set size:undefined disposed:false
726 silly fetch manifest @babel/preset-typescript@^7.23.0
727 silly packumentCache full:https://registry.npmjs.org/@babel%2fpreset-typescript cache-miss
728 http fetch GET 200 https://registry.npmjs.org/metro-minify-terser 179ms (cache miss)
729 silly packumentCache full:https://registry.npmjs.org/metro-minify-terser set size:undefined disposed:false
730 silly fetch manifest @react-native/babel-preset@0.83.6
731 silly packumentCache full:https://registry.npmjs.org/@react-native%2fbabel-preset cache-miss
732 http fetch GET 200 https://registry.npmjs.org/metro-babel-transformer 167ms (cache miss)
733 silly packumentCache full:https://registry.npmjs.org/metro-babel-transformer set size:undefined disposed:false
734 silly fetch manifest babel-plugin-react-compiler@^1.0.0
735 silly packumentCache full:https://registry.npmjs.org/babel-plugin-react-compiler cache-miss
736 http fetch GET 200 https://registry.npmjs.org/metro-transform-worker 184ms (cache miss)
737 silly packumentCache full:https://registry.npmjs.org/metro-transform-worker set size:undefined disposed:false
738 silly fetch manifest @babel/helper-module-imports@^7.25.9
739 silly packumentCache full:https://registry.npmjs.org/@babel%2fhelper-module-imports cache-miss
740 http fetch GET 200 https://registry.npmjs.org/jsc-safe-url 86ms (cache miss)
741 silly packumentCache full:https://registry.npmjs.org/jsc-safe-url set size:undefined disposed:false
742 silly fetch manifest babel-plugin-react-native-web@~0.21.0
743 silly packumentCache full:https://registry.npmjs.org/babel-plugin-react-native-web cache-miss
744 http fetch GET 200 https://registry.npmjs.org/lightningcss 94ms (cache miss)
745 silly packumentCache full:https://registry.npmjs.org/lightningcss set size:undefined disposed:false
746 silly fetch manifest @babel/plugin-transform-runtime@^7.24.7
747 silly packumentCache full:https://registry.npmjs.org/@babel%2fplugin-transform-runtime cache-miss
748 http fetch GET 200 https://registry.npmjs.org/postcss 173ms (cache miss)
749 silly packumentCache full:https://registry.npmjs.org/postcss set size:undefined disposed:false
750 silly fetch manifest @babel/plugin-proposal-decorators@^7.12.9
751 silly packumentCache full:https://registry.npmjs.org/@babel%2fplugin-proposal-decorators cache-miss
752 http fetch GET 200 https://registry.npmjs.org/fontfaceobserver 77ms (cache miss)
753 silly packumentCache full:https://registry.npmjs.org/fontfaceobserver set size:undefined disposed:false
754 silly fetch manifest babel-plugin-syntax-hermes-parser@^0.32.0
755 silly packumentCache full:https://registry.npmjs.org/babel-plugin-syntax-hermes-parser cache-miss
756 http fetch GET 200 https://registry.npmjs.org/hermes-parser 106ms (cache miss)
757 silly packumentCache full:https://registry.npmjs.org/hermes-parser set size:undefined disposed:false
758 silly fetch manifest babel-plugin-transform-flow-enums@^0.0.2
759 silly packumentCache full:https://registry.npmjs.org/babel-plugin-transform-flow-enums cache-miss
760 http fetch GET 200 https://registry.npmjs.org/browserslist 138ms (cache miss)
761 silly packumentCache full:https://registry.npmjs.org/browserslist set size:undefined disposed:false
762 silly fetch manifest @babel/plugin-transform-parameters@^7.24.7
763 silly packumentCache full:https://registry.npmjs.org/@babel%2fplugin-transform-parameters cache-miss
764 http fetch GET 200 https://registry.npmjs.org/@babel%2fcode-frame 103ms (cache miss)
765 silly packumentCache full:https://registry.npmjs.org/@babel%2fcode-frame set size:undefined disposed:false
766 silly fetch manifest @babel/plugin-transform-private-methods@^7.24.7
767 silly packumentCache full:https://registry.npmjs.org/@babel%2fplugin-transform-private-methods cache-miss
768 http cache https://registry.npmjs.org/babel-plugin-syntax-hermes-parser 20ms (cache hit)
769 silly packumentCache full:https://registry.npmjs.org/babel-plugin-syntax-hermes-parser set size:105499 disposed:false
770 silly fetch manifest @babel/plugin-syntax-export-default-from@^7.24.7
771 silly packumentCache full:https://registry.npmjs.org/@babel%2fplugin-syntax-export-default-from cache-miss
772 http fetch GET 200 https://registry.npmjs.org/xcode 511ms (cache miss)
773 silly packumentCache full:https://registry.npmjs.org/xcode set size:undefined disposed:false
774 silly fetch manifest @babel/plugin-transform-flow-strip-types@^7.25.2
775 silly packumentCache full:https://registry.npmjs.org/@babel%2fplugin-transform-flow-strip-types cache-miss
776 http fetch GET 200 https://registry.npmjs.org/@babel%2fgenerator 156ms (cache miss)
777 silly packumentCache full:https://registry.npmjs.org/@babel%2fgenerator set size:undefined disposed:false
778 silly fetch manifest @babel/plugin-transform-modules-commonjs@^7.24.8
779 silly packumentCache full:https://registry.npmjs.org/@babel%2fplugin-transform-modules-commonjs cache-miss
780 http fetch GET 200 https://registry.npmjs.org/@babel%2fgenerator 189ms (cache miss)
781 silly packumentCache full:https://registry.npmjs.org/@babel%2fgenerator set size:undefined disposed:false
782 silly fetch manifest @babel/plugin-proposal-export-default-from@^7.24.7
783 silly packumentCache full:https://registry.npmjs.org/@babel%2fplugin-proposal-export-default-from cache-miss
784 http fetch GET 200 https://registry.npmjs.org/@babel%2fhelper-module-imports 166ms (cache miss)
785 silly packumentCache full:https://registry.npmjs.org/@babel%2fhelper-module-imports set size:undefined disposed:false
786 silly fetch manifest @babel/plugin-transform-class-static-block@^7.27.1
787 silly packumentCache full:https://registry.npmjs.org/@babel%2fplugin-transform-class-static-block cache-miss
788 http fetch GET 200 https://registry.npmjs.org/babel-plugin-transform-flow-enums 129ms (cache miss)
789 silly packumentCache full:https://registry.npmjs.org/babel-plugin-transform-flow-enums set size:undefined disposed:false
790 silly fetch manifest @babel/plugin-transform-object-rest-spread@^7.24.7
791 silly packumentCache full:https://registry.npmjs.org/@babel%2fplugin-transform-object-rest-spread cache-miss
792 http fetch GET 200 https://registry.npmjs.org/babel-plugin-react-native-web 179ms (cache miss)
793 silly packumentCache full:https://registry.npmjs.org/babel-plugin-react-native-web set size:undefined disposed:false
794 silly fetch manifest @babel/plugin-transform-export-namespace-from@^7.25.9
795 silly packumentCache full:https://registry.npmjs.org/@babel%2fplugin-transform-export-namespace-from cache-miss
796 http fetch GET 200 https://registry.npmjs.org/@babel%2fpreset-typescript 203ms (cache miss)
797 silly packumentCache full:https://registry.npmjs.org/@babel%2fpreset-typescript set size:undefined disposed:false
798 silly fetch manifest @babel/plugin-transform-private-property-in-object@^7.24.7
799 silly packumentCache full:https://registry.npmjs.org/@babel%2fplugin-transform-private-property-in-object cache-miss
800 http fetch GET 200 https://registry.npmjs.org/babel-plugin-react-compiler 197ms (cache miss)
801 silly packumentCache full:https://registry.npmjs.org/babel-plugin-react-compiler set size:undefined disposed:false
802 silly fetch manifest commander@^7.2.0
803 silly packumentCache full:https://registry.npmjs.org/commander cache-miss
804 http fetch GET 200 https://registry.npmjs.org/@babel%2fplugin-transform-runtime 179ms (cache miss)
805 silly packumentCache full:https://registry.npmjs.org/@babel%2fplugin-transform-runtime set size:undefined disposed:false
806 silly fetch manifest react-is@^18.0.0
807 silly packumentCache full:https://registry.npmjs.org/react-is cache-miss
808 http fetch GET 200 https://registry.npmjs.org/@babel%2fplugin-proposal-decorators 172ms (cache miss)
809 silly packumentCache full:https://registry.npmjs.org/@babel%2fplugin-proposal-decorators set size:undefined disposed:false
810 silly fetch manifest ansi-styles@^5.0.0
811 silly packumentCache full:https://registry.npmjs.org/ansi-styles cache-miss
812 http cache https://registry.npmjs.org/commander 14ms (cache hit)
813 silly packumentCache full:https://registry.npmjs.org/commander set size:306288 disposed:false
814 silly fetch manifest @jest/schemas@^29.6.3
815 silly packumentCache full:https://registry.npmjs.org/@jest%2fschemas cache-miss
816 http fetch GET 200 https://registry.npmjs.org/@babel%2fplugin-transform-private-methods 203ms (cache miss)
817 silly packumentCache full:https://registry.npmjs.org/@babel%2fplugin-transform-private-methods set size:undefined disposed:false
818 http fetch GET 200 https://registry.npmjs.org/@babel%2fplugin-syntax-export-default-from 208ms (cache miss)
819 silly packumentCache full:https://registry.npmjs.org/@babel%2fplugin-syntax-export-default-from set size:undefined disposed:false
820 http fetch GET 200 https://registry.npmjs.org/@babel%2fplugin-transform-parameters 220ms (cache miss)
821 silly packumentCache full:https://registry.npmjs.org/@babel%2fplugin-transform-parameters set size:undefined disposed:false
822 http fetch GET 200 https://registry.npmjs.org/@babel%2fplugin-proposal-export-default-from 141ms (cache miss)
823 silly packumentCache full:https://registry.npmjs.org/@babel%2fplugin-proposal-export-default-from set size:undefined disposed:false
824 http fetch GET 200 https://registry.npmjs.org/@babel%2fplugin-transform-flow-strip-types 168ms (cache miss)
825 silly packumentCache full:https://registry.npmjs.org/@babel%2fplugin-transform-flow-strip-types set size:undefined disposed:false
826 http fetch GET 200 https://registry.npmjs.org/@babel%2fpreset-react 307ms (cache miss)
827 silly packumentCache full:https://registry.npmjs.org/@babel%2fpreset-react set size:undefined disposed:false
828 http fetch GET 200 https://registry.npmjs.org/@babel%2fplugin-transform-export-namespace-from 110ms (cache miss)
829 silly packumentCache full:https://registry.npmjs.org/@babel%2fplugin-transform-export-namespace-from set size:undefined disposed:false
830 http fetch GET 200 https://registry.npmjs.org/@babel%2fplugin-transform-private-property-in-object 100ms (cache miss)
831 silly packumentCache full:https://registry.npmjs.org/@babel%2fplugin-transform-private-property-in-object set size:undefined disposed:false
832 http fetch GET 200 https://registry.npmjs.org/ansi-styles 83ms (cache miss)
833 silly packumentCache full:https://registry.npmjs.org/ansi-styles set size:undefined disposed:false
834 http fetch GET 200 https://registry.npmjs.org/@babel%2fplugin-transform-modules-commonjs 159ms (cache miss)
835 silly packumentCache full:https://registry.npmjs.org/@babel%2fplugin-transform-modules-commonjs set size:undefined disposed:false
836 http fetch GET 200 https://registry.npmjs.org/@babel%2fplugin-transform-class-static-block 133ms (cache miss)
837 silly packumentCache full:https://registry.npmjs.org/@babel%2fplugin-transform-class-static-block set size:undefined disposed:false
838 http fetch GET 200 https://registry.npmjs.org/@babel%2fplugin-transform-object-rest-spread 127ms (cache miss)
839 silly packumentCache full:https://registry.npmjs.org/@babel%2fplugin-transform-object-rest-spread set size:undefined disposed:false
840 http fetch GET 200 https://registry.npmjs.org/@react-native%2fbabel-preset 333ms (cache miss)
841 silly packumentCache full:https://registry.npmjs.org/@react-native%2fbabel-preset set size:undefined disposed:false
842 http fetch GET 200 https://registry.npmjs.org/@jest%2fschemas 131ms (cache miss)
843 silly packumentCache full:https://registry.npmjs.org/@jest%2fschemas set size:undefined disposed:false
844 http fetch GET 200 https://registry.npmjs.org/react-is 225ms (cache miss)
845 silly packumentCache full:https://registry.npmjs.org/react-is set size:undefined disposed:false
846 silly fetch manifest bufferutil@^4.0.1
847 silly packumentCache full:https://registry.npmjs.org/bufferutil cache-miss
848 http fetch GET 200 https://registry.npmjs.org/bufferutil 52ms (cache miss)
849 silly packumentCache full:https://registry.npmjs.org/bufferutil set size:undefined disposed:false
850 silly fetch manifest utf-8-validate@>=5.0.2
851 silly packumentCache full:https://registry.npmjs.org/utf-8-validate cache-miss
852 http fetch GET 200 https://registry.npmjs.org/utf-8-validate 56ms (cache miss)
853 silly packumentCache full:https://registry.npmjs.org/utf-8-validate set size:undefined disposed:false
854 silly fetch manifest typescript@^5.0.0 || ^5.0.0-0
855 silly packumentCache full:https://registry.npmjs.org/typescript cache-miss
856 http fetch GET 200 https://registry.npmjs.org/typescript 449ms (cache miss)
857 silly packumentCache full:https://registry.npmjs.org/typescript set size:undefined disposed:false
858 silly fetch manifest @expo/metro-runtime@^55.0.11
859 silly packumentCache full:https://registry.npmjs.org/@expo%2fmetro-runtime cache-miss
860 http cache https://registry.npmjs.org/@expo%2fmetro-runtime 7ms (cache hit)
861 silly packumentCache full:https://registry.npmjs.org/@expo%2fmetro-runtime set size:690778 disposed:false
862 silly fetch manifest expo-constants@^55.0.16
863 silly packumentCache full:https://registry.npmjs.org/expo-constants cache-miss
864 http cache https://registry.npmjs.org/expo-constants 11ms (cache hit)
865 silly packumentCache full:https://registry.npmjs.org/expo-constants set size:1060382 disposed:false
866 silly fetch manifest expo-font@^55.0.8
867 silly packumentCache full:https://registry.npmjs.org/expo-font cache-miss
868 http cache https://registry.npmjs.org/expo-font 6ms (cache hit)
869 silly packumentCache full:https://registry.npmjs.org/expo-font set size:913788 disposed:false
870 silly placeDep ROOT @expo/code-signing-certificates@0.0.6 OK for: @expo/cli@55.0.31 want: ^0.0.6
871 silly placeDep ROOT @expo/devcert@1.2.1 OK for: @expo/cli@55.0.31 want: ^1.2.1
872 silly placeDep ROOT @expo/env@2.1.2 OK for: @expo/cli@55.0.31 want: ~2.1.2
873 silly placeDep ROOT @expo/image-utils@0.8.14 OK for: @expo/cli@55.0.31 want: ^0.8.14
874 silly placeDep ROOT @expo/json-file@10.0.14 OK for: @expo/cli@55.0.31 want: ^10.0.14
875 silly placeDep ROOT @expo/osascript@2.4.3 OK for: @expo/cli@55.0.31 want: ^2.4.3
876 silly placeDep ROOT @expo/package-manager@1.10.5 OK for: @expo/cli@55.0.31 want: ^1.10.5
877 silly placeDep ROOT @expo/plist@0.5.3 OK for: @expo/cli@55.0.31 want: ^0.5.3
878 silly placeDep ROOT @expo/prebuild-config@55.0.18 OK for: @expo/cli@55.0.31 want: ^55.0.18
879 silly placeDep ROOT @expo/require-utils@55.0.5 OK for: @expo/cli@55.0.31 want: ^55.0.5
880 silly placeDep ROOT @expo/router-server@55.0.17 OK for: @expo/cli@55.0.31 want: ^55.0.17
881 silly placeDep ROOT expo-server@55.0.10 OK for: @expo/router-server@55.0.17 want: ^55.0.10
882 silly placeDep ROOT @expo/schema-utils@55.0.4 OK for: @expo/cli@55.0.31 want: ^55.0.4
883 silly placeDep ROOT @expo/spawn-async@1.8.0 OK for: @expo/cli@55.0.31 want: ^1.7.2
884 silly placeDep ROOT @expo/ws-tunnel@1.0.6 OK for: @expo/cli@55.0.31 want: ^1.0.1
885 silly placeDep ROOT @expo/xcpretty@4.4.4 OK for: @expo/cli@55.0.31 want: ^4.4.0
886 silly placeDep ROOT @react-native/dev-middleware@0.83.6 OK for: @expo/cli@55.0.31 want: 0.83.6
887 silly placeDep ROOT accepts@1.3.8 OK for: @expo/cli@55.0.31 want: ^1.3.8
888 silly placeDep ROOT arg@5.0.2 OK for: @expo/cli@55.0.31 want: ^5.0.2
889 silly placeDep ROOT better-opn@3.0.2 OK for: @expo/cli@55.0.31 want: ~3.0.2
890 silly placeDep ROOT bplist-creator@0.1.0 OK for: @expo/cli@55.0.31 want: 0.1.0
891 silly placeDep ROOT bplist-parser@0.3.2 OK for: @expo/cli@55.0.31 want: ^0.3.1
892 silly placeDep ROOT chalk@4.1.2 OK for: @expo/cli@55.0.31 want: ^4.0.0
893 silly placeDep ROOT ci-info@3.9.0 OK for: @expo/cli@55.0.31 want: ^3.3.0
894 silly placeDep ROOT compression@1.8.1 OK for: @expo/cli@55.0.31 want: ^1.7.4
895 silly placeDep ROOT connect@3.7.0 OK for: @expo/cli@55.0.31 want: ^3.7.0
896 silly placeDep ROOT debug@4.4.3 OK for: @expo/cli@55.0.31 want: ^4.3.4
897 silly placeDep ROOT dnssd-advertise@1.1.4 OK for: @expo/cli@55.0.31 want: ^1.1.4
898 silly placeDep ROOT fetch-nodeshim@0.4.10 OK for: @expo/cli@55.0.31 want: ^0.4.10
899 silly placeDep ROOT getenv@2.0.0 OK for: @expo/cli@55.0.31 want: ^2.0.0
900 silly placeDep ROOT glob@13.0.6 OK for: @expo/cli@55.0.31 want: ^13.0.0
901 silly placeDep ROOT lan-network@0.2.1 OK for: @expo/cli@55.0.31 want: ^0.2.1
902 silly placeDep ROOT multitars@1.0.0 OK for: @expo/cli@55.0.31 want: ^1.0.0
903 silly placeDep ROOT node-forge@1.4.0 OK for: @expo/cli@55.0.31 want: ^1.3.3
904 silly placeDep ROOT npm-package-arg@11.0.3 OK for: @expo/cli@55.0.31 want: ^11.0.0
905 silly placeDep ROOT ora@3.4.0 OK for: @expo/cli@55.0.31 want: ^3.4.0
906 silly placeDep ROOT picomatch@4.0.4 OK for: @expo/cli@55.0.31 want: ^4.0.3
907 silly placeDep ROOT progress@2.0.3 OK for: @expo/cli@55.0.31 want: ^2.0.3
908 silly placeDep ROOT prompts@2.4.2 OK for: @expo/cli@55.0.31 want: ^2.3.2
909 silly placeDep ROOT resolve-from@5.0.0 OK for: @expo/cli@55.0.31 want: ^5.0.0
910 silly placeDep ROOT semver@7.8.0 OK for: @expo/cli@55.0.31 want: ^7.6.0
911 silly placeDep ROOT send@0.19.2 OK for: @expo/cli@55.0.31 want: ^0.19.0
912 silly placeDep ROOT slugify@1.6.9 OK for: @expo/cli@55.0.31 want: ^1.3.4
913 silly placeDep ROOT source-map-support@0.5.21 OK for: @expo/cli@55.0.31 want: ~0.5.21
914 silly placeDep ROOT stacktrace-parser@0.1.11 OK for: @expo/cli@55.0.31 want: ^0.1.10
915 silly placeDep ROOT structured-headers@0.4.1 OK for: @expo/cli@55.0.31 want: ^0.4.1
916 silly placeDep ROOT terminal-link@2.1.1 OK for: @expo/cli@55.0.31 want: ^2.1.1
917 silly placeDep ROOT toqr@0.1.1 OK for: @expo/cli@55.0.31 want: ^0.1.1
918 silly placeDep ROOT wrap-ansi@7.0.0 OK for: @expo/cli@55.0.31 want: ^7.0.0
919 silly placeDep ROOT ws@8.20.1 OK for: @expo/cli@55.0.31 want: ^8.12.1
920 silly placeDep ROOT zod@3.25.76 OK for: @expo/cli@55.0.31 want: ^3.25.76
921 silly fetch manifest debug@^3.1.0
922 silly packumentCache full:https://registry.npmjs.org/debug cache-hit
923 silly fetch manifest @expo/sudo-prompt@^9.3.1
924 silly packumentCache full:https://registry.npmjs.org/@expo%2fsudo-prompt cache-miss
925 silly fetch manifest parse-png@^2.1.0
926 silly packumentCache full:https://registry.npmjs.org/parse-png cache-miss
927 silly fetch manifest jimp-compact@0.16.1
928 silly packumentCache full:https://registry.npmjs.org/jimp-compact cache-miss
929 silly fetch manifest json5@^2.2.3
930 silly packumentCache full:https://registry.npmjs.org/json5 cache-miss
931 silly fetch manifest xmlbuilder@^15.1.1
932 silly packumentCache full:https://registry.npmjs.org/xmlbuilder cache-miss
933 silly fetch manifest @xmldom/xmldom@^0.8.8
934 silly packumentCache full:https://registry.npmjs.org/@xmldom%2fxmldom cache-miss
935 silly fetch manifest debug@^4.3.1
936 silly packumentCache full:https://registry.npmjs.org/debug cache-hit
937 silly fetch manifest @react-native/normalize-colors@0.83.6
938 silly packumentCache full:https://registry.npmjs.org/@react-native%2fnormalize-colors cache-miss
939 silly fetch manifest @babel/core@^7.25.2
940 silly packumentCache full:https://registry.npmjs.org/@babel%2fcore cache-hit
941 silly fetch manifest cross-spawn@^7.0.6
942 silly packumentCache full:https://registry.npmjs.org/cross-spawn cache-miss
943 silly fetch manifest js-yaml@^4.1.0
944 silly packumentCache full:https://registry.npmjs.org/js-yaml cache-miss
945 silly fetch manifest open@^7.0.3
946 silly packumentCache full:https://registry.npmjs.org/open cache-miss
947 silly fetch manifest debug@^4.4.0
948 silly packumentCache full:https://registry.npmjs.org/debug cache-hit
949 silly fetch manifest connect@^3.6.5
950 silly packumentCache full:https://registry.npmjs.org/connect cache-miss
951 silly fetch manifest serve-static@^1.16.2
952 silly packumentCache full:https://registry.npmjs.org/serve-static cache-miss
953 silly fetch manifest chrome-launcher@^0.15.2
954 silly packumentCache full:https://registry.npmjs.org/chrome-launcher cache-miss
955 silly fetch manifest @isaacs/ttlcache@^1.4.1
956 silly packumentCache full:https://registry.npmjs.org/@isaacs%2fttlcache cache-miss
957 silly fetch manifest chromium-edge-launcher@^0.2.0
958 silly packumentCache full:https://registry.npmjs.org/chromium-edge-launcher cache-miss
959 http cache https://registry.npmjs.org/connect 15ms (cache hit)
960 silly packumentCache full:https://registry.npmjs.org/connect set size:438385 disposed:false
961 silly fetch manifest @react-native/debugger-shell@0.83.6
962 silly packumentCache full:https://registry.npmjs.org/@react-native%2fdebugger-shell cache-miss
963 http cache https://registry.npmjs.org/@react-native%2fnormalize-colors 26ms (cache hit)
964 silly packumentCache full:https://registry.npmjs.org/@react-native%2fnormalize-colors set size:1872658 disposed:false
965 silly fetch manifest @react-native/debugger-frontend@0.83.6
966 silly packumentCache full:https://registry.npmjs.org/@react-native%2fdebugger-frontend cache-miss
967 http fetch GET 200 https://registry.npmjs.org/chromium-edge-launcher 92ms (cache miss)
968 silly packumentCache full:https://registry.npmjs.org/chromium-edge-launcher set size:undefined disposed:false
969 silly fetch manifest mime-types@~2.1.34
970 silly packumentCache full:https://registry.npmjs.org/mime-types cache-miss
971 http fetch GET 200 https://registry.npmjs.org/json5 105ms (cache miss)
972 silly packumentCache full:https://registry.npmjs.org/json5 set size:undefined disposed:false
973 silly fetch manifest negotiator@0.6.3
974 silly packumentCache full:https://registry.npmjs.org/negotiator cache-miss
975 http fetch GET 200 https://registry.npmjs.org/open 111ms (cache miss)
976 silly packumentCache full:https://registry.npmjs.org/open set size:undefined disposed:false
977 silly fetch manifest open@^8.0.4
978 silly packumentCache full:https://registry.npmjs.org/open cache-miss
979 http fetch GET 200 https://registry.npmjs.org/serve-static 112ms (cache miss)
980 silly packumentCache full:https://registry.npmjs.org/serve-static set size:undefined disposed:false
981 silly fetch manifest stream-buffers@2.2.x
982 silly packumentCache full:https://registry.npmjs.org/stream-buffers cache-miss
983 http fetch GET 200 https://registry.npmjs.org/xmlbuilder 121ms (cache miss)
984 silly packumentCache full:https://registry.npmjs.org/xmlbuilder set size:undefined disposed:false
985 silly fetch manifest big-integer@1.6.x
986 silly packumentCache full:https://registry.npmjs.org/big-integer cache-miss
987 http fetch GET 200 https://registry.npmjs.org/parse-png 135ms (cache miss)
988 silly packumentCache full:https://registry.npmjs.org/parse-png set size:undefined disposed:false
989 silly fetch manifest ansi-styles@^4.1.0
990 silly packumentCache full:https://registry.npmjs.org/ansi-styles cache-miss
991 http fetch GET 200 https://registry.npmjs.org/js-yaml 130ms (cache miss)
992 silly packumentCache full:https://registry.npmjs.org/js-yaml set size:undefined disposed:false
993 silly fetch manifest supports-color@^7.1.0
994 silly packumentCache full:https://registry.npmjs.org/supports-color cache-miss
995 http cache https://registry.npmjs.org/open 21ms (cache hit)
996 silly packumentCache full:https://registry.npmjs.org/open set size:136392 disposed:false
997 silly fetch manifest vary@~1.1.2
998 silly packumentCache full:https://registry.npmjs.org/vary cache-miss
999 http fetch GET 200 https://registry.npmjs.org/chrome-launcher 136ms (cache miss)
1000 silly packumentCache full:https://registry.npmjs.org/chrome-launcher set size:undefined disposed:false
1001 silly fetch manifest bytes@3.1.2
1002 silly packumentCache full:https://registry.npmjs.org/bytes cache-miss
1003 http fetch GET 200 https://registry.npmjs.org/@isaacs%2fttlcache 139ms (cache miss)
1004 silly packumentCache full:https://registry.npmjs.org/@isaacs%2fttlcache set size:undefined disposed:false
1005 silly fetch manifest debug@2.6.9
1006 silly packumentCache full:https://registry.npmjs.org/debug cache-hit
1007 silly fetch manifest negotiator@~0.6.4
1008 silly packumentCache full:https://registry.npmjs.org/negotiator cache-miss
1009 http fetch GET 200 https://registry.npmjs.org/cross-spawn 147ms (cache miss)
1010 silly packumentCache full:https://registry.npmjs.org/cross-spawn set size:undefined disposed:false
1011 silly fetch manifest on-headers@~1.1.0
1012 silly packumentCache full:https://registry.npmjs.org/on-headers cache-miss
1013 http fetch GET 200 https://registry.npmjs.org/@xmldom%2fxmldom 153ms (cache miss)
1014 silly packumentCache full:https://registry.npmjs.org/@xmldom%2fxmldom set size:undefined disposed:false
1015 silly fetch manifest safe-buffer@5.2.1
1016 silly packumentCache full:https://registry.npmjs.org/safe-buffer cache-miss
1017 http cache https://registry.npmjs.org/ansi-styles 26ms (cache hit)
1018 silly packumentCache full:https://registry.npmjs.org/ansi-styles set size:63233 disposed:false
1019 silly fetch manifest compressible@~2.0.18
1020 silly packumentCache full:https://registry.npmjs.org/compressible cache-miss
1021 http fetch GET 200 https://registry.npmjs.org/@react-native%2fdebugger-shell 182ms (cache miss)
1022 silly packumentCache full:https://registry.npmjs.org/@react-native%2fdebugger-shell set size:undefined disposed:false
1023 silly fetch manifest finalhandler@1.1.2
1024 silly packumentCache full:https://registry.npmjs.org/finalhandler cache-miss
1025 http fetch GET 200 https://registry.npmjs.org/negotiator 112ms (cache miss)
1026 silly packumentCache full:https://registry.npmjs.org/negotiator set size:undefined disposed:false
1027 silly fetch manifest parseurl@~1.3.3
1028 silly packumentCache full:https://registry.npmjs.org/parseurl cache-miss
1029 http fetch GET 200 https://registry.npmjs.org/mime-types 119ms (cache miss)
1030 silly packumentCache full:https://registry.npmjs.org/mime-types set size:undefined disposed:false
1031 silly fetch manifest utils-merge@1.0.1
1032 silly packumentCache full:https://registry.npmjs.org/utils-merge cache-miss
1033 http fetch GET 200 https://registry.npmjs.org/@react-native%2fdebugger-frontend 197ms (cache miss)
1034 silly packumentCache full:https://registry.npmjs.org/@react-native%2fdebugger-frontend set size:undefined disposed:false
1035 silly fetch manifest ms@^2.1.3
1036 silly packumentCache full:https://registry.npmjs.org/ms cache-miss
1037 http fetch GET 200 https://registry.npmjs.org/@expo%2fsudo-prompt 275ms (cache miss)
1038 silly packumentCache full:https://registry.npmjs.org/@expo%2fsudo-prompt set size:undefined disposed:false
1039 silly fetch manifest minipass@^7.1.3
1040 silly packumentCache full:https://registry.npmjs.org/minipass cache-miss
1041 http fetch GET 200 https://registry.npmjs.org/on-headers 122ms (cache miss)
1042 silly packumentCache full:https://registry.npmjs.org/on-headers set size:undefined disposed:false
1043 silly fetch manifest path-scurry@^2.0.2
1044 silly packumentCache full:https://registry.npmjs.org/path-scurry cache-miss
1045 http fetch GET 200 https://registry.npmjs.org/negotiator 129ms (cache miss)
1046 silly packumentCache full:https://registry.npmjs.org/negotiator set size:undefined disposed:false
1047 silly fetch manifest semver@^7.3.5
1048 silly packumentCache full:https://registry.npmjs.org/semver cache-hit
1049 silly fetch manifest proc-log@^4.0.0
1050 silly packumentCache full:https://registry.npmjs.org/proc-log cache-miss
1051 http fetch GET 200 https://registry.npmjs.org/stream-buffers 161ms (cache miss)
1052 silly packumentCache full:https://registry.npmjs.org/stream-buffers set size:undefined disposed:false
1053 silly fetch manifest hosted-git-info@^7.0.0
1054 silly packumentCache full:https://registry.npmjs.org/hosted-git-info cache-miss
1055 http fetch GET 200 https://registry.npmjs.org/vary 143ms (cache miss)
1056 silly packumentCache full:https://registry.npmjs.org/vary set size:undefined disposed:false
1057 silly fetch manifest validate-npm-package-name@^5.0.0
1058 silly packumentCache full:https://registry.npmjs.org/validate-npm-package-name cache-miss
1059 http fetch GET 200 https://registry.npmjs.org/safe-buffer 129ms (cache miss)
1060 silly packumentCache full:https://registry.npmjs.org/safe-buffer set size:undefined disposed:false
1061 silly fetch manifest chalk@^2.4.2
1062 silly packumentCache full:https://registry.npmjs.org/chalk cache-hit
1063 silly fetch manifest wcwidth@^1.0.1
1064 silly packumentCache full:https://registry.npmjs.org/wcwidth cache-miss
1065 http fetch GET 200 https://registry.npmjs.org/bytes 149ms (cache miss)
1066 silly packumentCache full:https://registry.npmjs.org/bytes set size:undefined disposed:false
1067 silly fetch manifest cli-cursor@^2.1.0
1068 silly packumentCache full:https://registry.npmjs.org/cli-cursor cache-miss
1069 http fetch GET 200 https://registry.npmjs.org/jimp-compact 299ms (cache miss)
1070 silly packumentCache full:https://registry.npmjs.org/jimp-compact set size:undefined disposed:false
1071 silly fetch manifest strip-ansi@^5.2.0
1072 silly packumentCache full:https://registry.npmjs.org/strip-ansi cache-miss
1073 http fetch GET 200 https://registry.npmjs.org/compressible 136ms (cache miss)
1074 silly packumentCache full:https://registry.npmjs.org/compressible set size:undefined disposed:false
1075 silly fetch manifest log-symbols@^2.2.0
1076 silly packumentCache full:https://registry.npmjs.org/log-symbols cache-miss
1077 http fetch GET 200 https://registry.npmjs.org/supports-color 167ms (cache miss)
1078 silly packumentCache full:https://registry.npmjs.org/supports-color set size:undefined disposed:false
1079 silly fetch manifest cli-spinners@^2.0.0
1080 silly packumentCache full:https://registry.npmjs.org/cli-spinners cache-miss
1081 http fetch GET 200 https://registry.npmjs.org/big-integer 184ms (cache miss)
1082 silly packumentCache full:https://registry.npmjs.org/big-integer set size:undefined disposed:false
1083 silly fetch manifest kleur@^3.0.3
1084 silly packumentCache full:https://registry.npmjs.org/kleur cache-miss
1085 http fetch GET 200 https://registry.npmjs.org/utils-merge 93ms (cache miss)
1086 silly packumentCache full:https://registry.npmjs.org/utils-merge set size:undefined disposed:false
1087 silly fetch manifest sisteransi@^1.0.5
1088 silly packumentCache full:https://registry.npmjs.org/sisteransi cache-miss
1089 http fetch GET 200 https://registry.npmjs.org/finalhandler 106ms (cache miss)
1090 silly packumentCache full:https://registry.npmjs.org/finalhandler set size:undefined disposed:false
1091 silly fetch manifest ms@2.1.3
1092 silly packumentCache full:https://registry.npmjs.org/ms cache-miss
1093 http fetch GET 200 https://registry.npmjs.org/parseurl 104ms (cache miss)
1094 silly packumentCache full:https://registry.npmjs.org/parseurl set size:undefined disposed:false
1095 silly fetch manifest depd@2.0.0
1096 silly packumentCache full:https://registry.npmjs.org/depd cache-miss
1097 http fetch GET 200 https://registry.npmjs.org/validate-npm-package-name 75ms (cache miss)
1098 silly packumentCache full:https://registry.npmjs.org/validate-npm-package-name set size:undefined disposed:false
1099 silly fetch manifest etag@~1.8.1
1100 silly packumentCache full:https://registry.npmjs.org/etag cache-miss
1101 http fetch GET 200 https://registry.npmjs.org/proc-log 83ms (cache miss)
1102 silly packumentCache full:https://registry.npmjs.org/proc-log set size:undefined disposed:false
1103 silly fetch manifest mime@1.6.0
1104 silly packumentCache full:https://registry.npmjs.org/mime cache-miss
1105 http fetch GET 200 https://registry.npmjs.org/ms 119ms (cache miss)
1106 silly packumentCache full:https://registry.npmjs.org/ms set size:undefined disposed:false
1107 silly fetch manifest fresh@~0.5.2
1108 silly packumentCache full:https://registry.npmjs.org/fresh cache-miss
1109 http fetch GET 200 https://registry.npmjs.org/path-scurry 94ms (cache miss)
1110 silly packumentCache full:https://registry.npmjs.org/path-scurry set size:undefined disposed:false
1111 silly fetch manifest destroy@1.2.0
1112 silly packumentCache full:https://registry.npmjs.org/destroy cache-miss
1113 http fetch GET 200 https://registry.npmjs.org/wcwidth 89ms (cache miss)
1114 silly packumentCache full:https://registry.npmjs.org/wcwidth set size:undefined disposed:false
1115 silly fetch manifest statuses@~2.0.2
1116 silly packumentCache full:https://registry.npmjs.org/statuses cache-miss
1117 http fetch GET 200 https://registry.npmjs.org/log-symbols 81ms (cache miss)
1118 silly packumentCache full:https://registry.npmjs.org/log-symbols set size:undefined disposed:false
1119 silly fetch manifest encodeurl@~2.0.0
1120 silly packumentCache full:https://registry.npmjs.org/encodeurl cache-miss
1121 http fetch GET 200 https://registry.npmjs.org/hosted-git-info 104ms (cache miss)
1122 silly packumentCache full:https://registry.npmjs.org/hosted-git-info set size:undefined disposed:false
1123 silly fetch manifest escape-html@~1.0.3
1124 silly packumentCache full:https://registry.npmjs.org/escape-html cache-miss
1125 http fetch GET 200 https://registry.npmjs.org/cli-cursor 102ms (cache miss)
1126 silly packumentCache full:https://registry.npmjs.org/cli-cursor set size:undefined disposed:false
1127 silly fetch manifest http-errors@~2.0.1
1128 silly packumentCache full:https://registry.npmjs.org/http-errors cache-miss
1129 http fetch GET 200 https://registry.npmjs.org/strip-ansi 103ms (cache miss)
1130 silly packumentCache full:https://registry.npmjs.org/strip-ansi set size:undefined disposed:false
1131 silly fetch manifest on-finished@~2.4.1
1132 silly packumentCache full:https://registry.npmjs.org/on-finished cache-miss
1133 http fetch GET 200 https://registry.npmjs.org/cli-spinners 99ms (cache miss)
1134 silly packumentCache full:https://registry.npmjs.org/cli-spinners set size:undefined disposed:false
1135 silly fetch manifest range-parser@~1.2.1
1136 silly packumentCache full:https://registry.npmjs.org/range-parser cache-miss
1137 http fetch GET 200 https://registry.npmjs.org/depd 84ms (cache miss)
1138 silly packumentCache full:https://registry.npmjs.org/depd set size:undefined disposed:false
1139 silly fetch manifest buffer-from@^1.0.0
1140 silly packumentCache full:https://registry.npmjs.org/buffer-from cache-miss
1141 http fetch GET 200 https://registry.npmjs.org/kleur 99ms (cache miss)
1142 silly packumentCache full:https://registry.npmjs.org/kleur set size:undefined disposed:false
1143 silly fetch manifest source-map@^0.6.0
1144 silly packumentCache full:https://registry.npmjs.org/source-map cache-miss
1145 http fetch GET 200 https://registry.npmjs.org/ms 92ms (cache miss)
1146 silly packumentCache full:https://registry.npmjs.org/ms set size:undefined disposed:false
1147 silly fetch manifest type-fest@^0.7.1
1148 silly packumentCache full:https://registry.npmjs.org/type-fest cache-miss
1149 http fetch GET 200 https://registry.npmjs.org/sisteransi 100ms (cache miss)
1150 silly packumentCache full:https://registry.npmjs.org/sisteransi set size:undefined disposed:false
1151 silly fetch manifest ansi-escapes@^4.2.1
1152 silly packumentCache full:https://registry.npmjs.org/ansi-escapes cache-miss
1153 http fetch GET 200 https://registry.npmjs.org/etag 61ms (cache miss)
1154 silly packumentCache full:https://registry.npmjs.org/etag set size:undefined disposed:false
1155 silly fetch manifest supports-hyperlinks@^2.0.0
1156 silly packumentCache full:https://registry.npmjs.org/supports-hyperlinks cache-miss
1157 http fetch GET 200 https://registry.npmjs.org/fresh 57ms (cache miss)
1158 silly packumentCache full:https://registry.npmjs.org/fresh set size:undefined disposed:false
1159 silly fetch manifest strip-ansi@^6.0.0
1160 silly packumentCache full:https://registry.npmjs.org/strip-ansi cache-miss
1161 http cache https://registry.npmjs.org/strip-ansi 7ms (cache hit)
1162 silly packumentCache full:https://registry.npmjs.org/strip-ansi set size:44998 disposed:false
1163 silly fetch manifest ansi-styles@^4.0.0
1164 silly packumentCache full:https://registry.npmjs.org/ansi-styles cache-hit
1165 silly fetch manifest string-width@^4.1.0
1166 silly packumentCache full:https://registry.npmjs.org/string-width cache-miss
1167 http fetch GET 200 https://registry.npmjs.org/mime 71ms (cache miss)
1168 silly packumentCache full:https://registry.npmjs.org/mime set size:undefined disposed:false
1169 http fetch GET 200 https://registry.npmjs.org/encodeurl 64ms (cache miss)
1170 silly packumentCache full:https://registry.npmjs.org/encodeurl set size:undefined disposed:false
1171 http fetch GET 200 https://registry.npmjs.org/statuses 68ms (cache miss)
1172 silly packumentCache full:https://registry.npmjs.org/statuses set size:undefined disposed:false
1173 http fetch GET 200 https://registry.npmjs.org/destroy 76ms (cache miss)
1174 silly packumentCache full:https://registry.npmjs.org/destroy set size:undefined disposed:false
1175 http fetch GET 200 https://registry.npmjs.org/escape-html 61ms (cache miss)
1176 silly packumentCache full:https://registry.npmjs.org/escape-html set size:undefined disposed:false
1177 http fetch GET 200 https://registry.npmjs.org/on-finished 69ms (cache miss)
1178 silly packumentCache full:https://registry.npmjs.org/on-finished set size:undefined disposed:false
1179 http fetch GET 200 https://registry.npmjs.org/range-parser 67ms (cache miss)
1180 silly packumentCache full:https://registry.npmjs.org/range-parser set size:undefined disposed:false
1181 http fetch GET 200 https://registry.npmjs.org/buffer-from 68ms (cache miss)
1182 silly packumentCache full:https://registry.npmjs.org/buffer-from set size:undefined disposed:false
1183 http fetch GET 200 https://registry.npmjs.org/http-errors 78ms (cache miss)
1184 silly packumentCache full:https://registry.npmjs.org/http-errors set size:undefined disposed:false
1185 http fetch GET 200 https://registry.npmjs.org/source-map 80ms (cache miss)
1186 silly packumentCache full:https://registry.npmjs.org/source-map set size:undefined disposed:false
1187 http fetch GET 200 https://registry.npmjs.org/ansi-escapes 82ms (cache miss)
1188 silly packumentCache full:https://registry.npmjs.org/ansi-escapes set size:undefined disposed:false
1189 http fetch GET 200 https://registry.npmjs.org/supports-hyperlinks 76ms (cache miss)
1190 silly packumentCache full:https://registry.npmjs.org/supports-hyperlinks set size:undefined disposed:false
1191 http fetch GET 200 https://registry.npmjs.org/string-width 68ms (cache miss)
1192 silly packumentCache full:https://registry.npmjs.org/string-width set size:undefined disposed:false
1193 http fetch GET 200 https://registry.npmjs.org/minipass 234ms (cache miss)
1194 silly packumentCache full:https://registry.npmjs.org/minipass set size:undefined disposed:false
1195 http fetch GET 200 https://registry.npmjs.org/type-fest 102ms (cache miss)
1196 silly packumentCache full:https://registry.npmjs.org/type-fest set size:undefined disposed:false
1197 silly placeDep ROOT @expo/config-types@55.0.5 OK for: @expo/config@55.0.17 want: ^55.0.5
1198 silly placeDep ROOT deepmerge@4.3.1 OK for: @expo/config@55.0.17 want: ^4.3.1
1199 silly placeDep ROOT resolve-workspace-root@2.0.1 OK for: @expo/config@55.0.17 want: ^2.0.0
1200 silly placeDep ROOT @expo/sdk-runtime-versions@1.0.0 OK for: @expo/config-plugins@55.0.9 want: ^1.0.0
1201 silly placeDep ROOT xcode@3.0.1 OK for: @expo/config-plugins@55.0.9 want: ^3.0.1
1202 silly placeDep ROOT xml2js@0.6.0 OK for: @expo/config-plugins@55.0.9 want: 0.6.0
1203 silly fetch manifest uuid@^7.0.3
1204 silly packumentCache full:https://registry.npmjs.org/uuid cache-miss
1205 silly fetch manifest simple-plist@^1.1.0
1206 silly packumentCache full:https://registry.npmjs.org/simple-plist cache-miss
1207 silly fetch manifest sax@>=0.6.0
1208 silly packumentCache full:https://registry.npmjs.org/sax cache-miss
1209 silly fetch manifest xmlbuilder@~11.0.0
1210 silly packumentCache full:https://registry.npmjs.org/xmlbuilder cache-miss
1211 http cache https://registry.npmjs.org/xmlbuilder 7ms (cache hit)
1212 silly packumentCache full:https://registry.npmjs.org/xmlbuilder set size:158707 disposed:false
1213 http fetch GET 200 https://registry.npmjs.org/uuid 80ms (cache miss)
1214 silly packumentCache full:https://registry.npmjs.org/uuid set size:undefined disposed:false
1215 http fetch GET 200 https://registry.npmjs.org/simple-plist 83ms (cache miss)
1216 silly packumentCache full:https://registry.npmjs.org/simple-plist set size:undefined disposed:false
1217 http fetch GET 200 https://registry.npmjs.org/sax 85ms (cache miss)
1218 silly packumentCache full:https://registry.npmjs.org/sax set size:undefined disposed:false
1219 silly placeDep ROOT @expo/sudo-prompt@9.3.2 OK for: @expo/devcert@1.2.1 want: ^9.3.1
1220 silly placeDep node_modules/@expo/devcert debug@3.2.7 OK for: @expo/devcert@1.2.1 want: ^3.1.0
1221 silly fetch manifest ms@^2.1.1
1222 silly packumentCache full:https://registry.npmjs.org/ms cache-miss
1223 http cache https://registry.npmjs.org/ms 5ms (cache hit)
1224 silly packumentCache full:https://registry.npmjs.org/ms set size:92208 disposed:false
1225 silly placeDep ROOT ignore@5.3.2 OK for: @expo/fingerprint@0.16.7 want: ^5.3.1
1226 silly placeDep ROOT minimatch@10.2.5 OK for: @expo/fingerprint@0.16.7 want: ^10.2.2
1227 silly fetch manifest brace-expansion@^5.0.5
1228 silly packumentCache full:https://registry.npmjs.org/brace-expansion cache-miss
1229 http fetch GET 200 https://registry.npmjs.org/brace-expansion 59ms (cache miss)
1230 silly packumentCache full:https://registry.npmjs.org/brace-expansion set size:undefined disposed:false
1231 silly placeDep ROOT jimp-compact@0.16.1 OK for: @expo/image-utils@0.8.14 want: 0.16.1
1232 silly placeDep ROOT parse-png@2.1.0 OK for: @expo/image-utils@0.8.14 want: ^2.1.0
1233 silly fetch manifest pngjs@^3.3.0
1234 silly packumentCache full:https://registry.npmjs.org/pngjs cache-miss
1235 http fetch GET 200 https://registry.npmjs.org/pngjs 67ms (cache miss)
1236 silly packumentCache full:https://registry.npmjs.org/pngjs set size:undefined disposed:false
1237 silly placeDep ROOT @babel/code-frame@7.29.0 OK for: @expo/json-file@10.0.14 want: ^7.20.0
1238 silly placeDep ROOT json5@2.2.3 OK for: @expo/json-file@10.0.14 want: ^2.2.3
1239 silly fetch manifest js-tokens@^4.0.0
1240 silly packumentCache full:https://registry.npmjs.org/js-tokens cache-miss
1241 silly fetch manifest picocolors@^1.1.1
1242 silly packumentCache full:https://registry.npmjs.org/picocolors cache-miss
1243 silly fetch manifest @babel/helper-validator-identifier@^7.28.5
1244 silly packumentCache full:https://registry.npmjs.org/@babel%2fhelper-validator-identifier cache-miss
1245 http fetch GET 200 https://registry.npmjs.org/js-tokens 51ms (cache miss)
1246 silly packumentCache full:https://registry.npmjs.org/js-tokens set size:undefined disposed:false
1247 http fetch GET 200 https://registry.npmjs.org/picocolors 67ms (cache miss)
1248 silly packumentCache full:https://registry.npmjs.org/picocolors set size:undefined disposed:false
1249 http fetch GET 200 https://registry.npmjs.org/@babel%2fhelper-validator-identifier 75ms (cache miss)
1250 silly packumentCache full:https://registry.npmjs.org/@babel%2fhelper-validator-identifier set size:undefined disposed:false
1251 silly placeDep ROOT @babel/helper-validator-identifier@7.28.5 OK for: @babel/code-frame@7.29.0 want: ^7.28.5
1252 silly placeDep ROOT js-tokens@4.0.0 OK for: @babel/code-frame@7.29.0 want: ^4.0.0
1253 silly placeDep ROOT picocolors@1.1.1 OK for: @babel/code-frame@7.29.0 want: ^1.1.1
1254 silly placeDep ROOT @expo/dom-webview@55.0.6 OK for: @expo/log-box@55.0.12 want: ^55.0.6
1255 silly placeDep ROOT anser@1.4.10 OK for: @expo/log-box@55.0.12 want: ^1.4.9
1256 silly placeDep ROOT metro@0.83.7 OK for: @expo/metro@55.1.1 want: 0.83.7
1257 silly placeDep ROOT metro-babel-transformer@0.83.7 OK for: @expo/metro@55.1.1 want: 0.83.7
1258 silly placeDep ROOT metro-cache@0.83.7 OK for: @expo/metro@55.1.1 want: 0.83.7
1259 silly placeDep ROOT metro-cache-key@0.83.7 OK for: @expo/metro@55.1.1 want: 0.83.7
1260 silly placeDep ROOT metro-config@0.83.7 OK for: @expo/metro@55.1.1 want: 0.83.7
1261 silly placeDep ROOT metro-core@0.83.7 OK for: @expo/metro@55.1.1 want: 0.83.7
1262 silly placeDep ROOT metro-file-map@0.83.7 OK for: @expo/metro@55.1.1 want: 0.83.7
1263 silly placeDep ROOT metro-minify-terser@0.83.7 OK for: @expo/metro@55.1.1 want: 0.83.7
1264 silly placeDep ROOT metro-resolver@0.83.7 OK for: @expo/metro@55.1.1 want: 0.83.7
1265 silly placeDep ROOT metro-runtime@0.83.7 OK for: @expo/metro@55.1.1 want: 0.83.7
1266 silly placeDep ROOT metro-source-map@0.83.7 OK for: @expo/metro@55.1.1 want: 0.83.7
1267 silly placeDep ROOT metro-symbolicate@0.83.7 OK for: @expo/metro@55.1.1 want: 0.83.7
1268 silly placeDep ROOT metro-transform-plugins@0.83.7 OK for: @expo/metro@55.1.1 want: 0.83.7
1269 silly placeDep ROOT metro-transform-worker@0.83.7 OK for: @expo/metro@55.1.1 want: 0.83.7
1270 silly fetch manifest throat@^5.0.0
1271 silly packumentCache full:https://registry.npmjs.org/throat cache-miss
1272 silly fetch manifest accepts@^2.0.0
1273 silly packumentCache full:https://registry.npmjs.org/accepts cache-miss
1274 silly fetch manifest ci-info@^2.0.0
1275 silly packumentCache full:https://registry.npmjs.org/ci-info cache-miss
1276 silly fetch manifest image-size@^1.0.2
1277 silly packumentCache full:https://registry.npmjs.org/image-size cache-miss
1278 silly fetch manifest mime-types@^3.0.1
1279 silly packumentCache full:https://registry.npmjs.org/mime-types cache-miss
1280 silly fetch manifest source-map@^0.5.6
1281 silly packumentCache full:https://registry.npmjs.org/source-map cache-miss
1282 silly fetch manifest graceful-fs@^4.2.4
1283 silly packumentCache full:https://registry.npmjs.org/graceful-fs cache-miss
1284 silly fetch manifest jest-worker@^29.7.0
1285 silly packumentCache full:https://registry.npmjs.org/jest-worker cache-miss
1286 silly fetch manifest @babel/types@^7.29.0
1287 silly packumentCache full:https://registry.npmjs.org/@babel%2ftypes cache-miss
1288 silly fetch manifest jsc-safe-url@^0.2.2
1289 silly packumentCache full:https://registry.npmjs.org/jsc-safe-url cache-miss
1290 silly fetch manifest @babel/parser@^7.29.0
1291 silly packumentCache full:https://registry.npmjs.org/@babel%2fparser cache-miss
1292 silly fetch manifest hermes-parser@0.35.0
1293 silly packumentCache full:https://registry.npmjs.org/hermes-parser cache-miss
1294 silly fetch manifest @babel/template@^7.28.6
1295 silly packumentCache full:https://registry.npmjs.org/@babel%2ftemplate cache-miss
1296 silly fetch manifest @babel/traverse@^7.29.0
1297 silly packumentCache full:https://registry.npmjs.org/@babel%2ftraverse cache-miss
1298 silly fetch manifest lodash.throttle@^4.1.1
1299 silly packumentCache full:https://registry.npmjs.org/lodash.throttle cache-miss
1300 http cache https://registry.npmjs.org/jsc-safe-url 17ms (cache hit)
1301 silly packumentCache full:https://registry.npmjs.org/jsc-safe-url set size:13143 disposed:false
1302 silly fetch manifest serialize-error@^2.1.0
1303 silly packumentCache full:https://registry.npmjs.org/serialize-error cache-miss
1304 http cache https://registry.npmjs.org/accepts 22ms (cache hit)
1305 silly packumentCache full:https://registry.npmjs.org/accepts set size:77054 disposed:false
1306 silly fetch manifest @babel/generator@^7.29.1
1307 silly packumentCache full:https://registry.npmjs.org/@babel%2fgenerator cache-miss
1308 http cache https://registry.npmjs.org/ci-info 25ms (cache hit)
1309 silly packumentCache full:https://registry.npmjs.org/ci-info set size:91363 disposed:false
1310 silly fetch manifest error-stack-parser@^2.0.6
1311 silly packumentCache full:https://registry.npmjs.org/error-stack-parser cache-miss
1312 http cache https://registry.npmjs.org/hermes-parser 24ms (cache hit)
1313 silly packumentCache full:https://registry.npmjs.org/hermes-parser set size:170002 disposed:false
1314 silly fetch manifest https-proxy-agent@^7.0.5
1315 silly packumentCache full:https://registry.npmjs.org/https-proxy-agent cache-miss
1316 http cache https://registry.npmjs.org/mime-types 32ms (cache hit)
1317 silly packumentCache full:https://registry.npmjs.org/mime-types set size:139110 disposed:false
1318 silly fetch manifest exponential-backoff@^3.1.1
1319 silly packumentCache full:https://registry.npmjs.org/exponential-backoff cache-miss
1320 http cache https://registry.npmjs.org/source-map 35ms (cache hit)
1321 silly packumentCache full:https://registry.npmjs.org/source-map set size:226212 disposed:false
1322 silly fetch manifest yaml@^2.6.1
1323 silly packumentCache full:https://registry.npmjs.org/yaml cache-miss
1324 http cache https://registry.npmjs.org/@babel%2fgenerator 23ms (cache hit)
1325 silly packumentCache full:https://registry.npmjs.org/@babel%2fgenerator set size:511498 disposed:false
1326 silly fetch manifest jest-validate@^29.7.0
1327 silly packumentCache full:https://registry.npmjs.org/jest-validate cache-miss
1328 http fetch GET 200 https://registry.npmjs.org/graceful-fs 65ms (cache miss)
1329 silly packumentCache full:https://registry.npmjs.org/graceful-fs set size:undefined disposed:false
1330 silly fetch manifest lodash.throttle@^4.1.1
1331 silly packumentCache full:https://registry.npmjs.org/lodash.throttle cache-miss
1332 http fetch GET 200 https://registry.npmjs.org/throat 73ms (cache miss)
1333 silly packumentCache full:https://registry.npmjs.org/throat set size:undefined disposed:false
1334 silly fetch manifest walker@^1.0.7
1335 silly packumentCache full:https://registry.npmjs.org/walker cache-miss
1336 http fetch GET 200 https://registry.npmjs.org/lodash.throttle 72ms (cache miss)
1337 silly packumentCache full:https://registry.npmjs.org/lodash.throttle set size:undefined disposed:false
1338 silly fetch manifest micromatch@^4.0.4
1339 silly packumentCache full:https://registry.npmjs.org/micromatch cache-miss
1340 http fetch GET 200 https://registry.npmjs.org/@babel%2ftemplate 77ms (cache miss)
1341 silly packumentCache full:https://registry.npmjs.org/@babel%2ftemplate set size:undefined disposed:false
1342 silly fetch manifest fb-watchman@^2.0.0
1343 silly packumentCache full:https://registry.npmjs.org/fb-watchman cache-miss
1344 http fetch GET 200 https://registry.npmjs.org/serialize-error 96ms (cache miss)
1345 silly packumentCache full:https://registry.npmjs.org/serialize-error set size:undefined disposed:false
1346 silly fetch manifest jest-worker@^29.7.0
1347 silly packumentCache full:https://registry.npmjs.org/jest-worker cache-miss
1348 http fetch GET 200 https://registry.npmjs.org/@babel%2ftypes 127ms (cache miss)
1349 silly packumentCache full:https://registry.npmjs.org/@babel%2ftypes set size:undefined disposed:false
1350 silly fetch manifest terser@^5.15.0
1351 silly packumentCache full:https://registry.npmjs.org/terser cache-miss
1352 http fetch GET 200 https://registry.npmjs.org/@babel%2fparser 151ms (cache miss)
1353 silly packumentCache full:https://registry.npmjs.org/@babel%2fparser set size:undefined disposed:false
1354 silly fetch manifest ob1@0.83.7
1355 silly packumentCache full:https://registry.npmjs.org/ob1 cache-miss
1356 http fetch GET 200 https://registry.npmjs.org/lodash.throttle 99ms (cache miss)
1357 silly packumentCache full:https://registry.npmjs.org/lodash.throttle set size:undefined disposed:false
1358 silly fetch manifest vlq@^1.0.0
1359 silly packumentCache full:https://registry.npmjs.org/vlq cache-miss
1360 http fetch GET 200 https://registry.npmjs.org/exponential-backoff 134ms (cache miss)
1361 silly packumentCache full:https://registry.npmjs.org/exponential-backoff set size:undefined disposed:false
1362 silly fetch manifest @babel/traverse@^7.29.0
1363 silly packumentCache full:https://registry.npmjs.org/@babel%2ftraverse cache-miss
1364 http fetch GET 200 https://registry.npmjs.org/https-proxy-agent 142ms (cache miss)
1365 silly packumentCache full:https://registry.npmjs.org/https-proxy-agent set size:undefined disposed:false
1366 silly fetch manifest vlq@^1.0.0
1367 silly packumentCache full:https://registry.npmjs.org/vlq cache-miss
1368 http fetch GET 200 https://registry.npmjs.org/error-stack-parser 150ms (cache miss)
1369 silly packumentCache full:https://registry.npmjs.org/error-stack-parser set size:undefined disposed:false
1370 silly fetch manifest @babel/traverse@^7.29.0
1371 silly packumentCache full:https://registry.npmjs.org/@babel%2ftraverse cache-miss
1372 http fetch GET 200 https://registry.npmjs.org/fb-watchman 95ms (cache miss)
1373 silly packumentCache full:https://registry.npmjs.org/fb-watchman set size:undefined disposed:false
1374 http fetch GET 200 https://registry.npmjs.org/jest-worker 181ms (cache miss)
1375 silly packumentCache full:https://registry.npmjs.org/jest-worker set size:undefined disposed:false
1376 http fetch GET 200 https://registry.npmjs.org/@babel%2ftraverse 182ms (cache miss)
1377 silly packumentCache full:https://registry.npmjs.org/@babel%2ftraverse set size:undefined disposed:false
1378 http fetch GET 200 https://registry.npmjs.org/walker 116ms (cache miss)
1379 silly packumentCache full:https://registry.npmjs.org/walker set size:undefined disposed:false
1380 http fetch GET 200 https://registry.npmjs.org/yaml 156ms (cache miss)
1381 silly packumentCache full:https://registry.npmjs.org/yaml set size:undefined disposed:false
1382 http fetch GET 200 https://registry.npmjs.org/micromatch 122ms (cache miss)
1383 silly packumentCache full:https://registry.npmjs.org/micromatch set size:undefined disposed:false
1384 http fetch GET 200 https://registry.npmjs.org/jest-validate 155ms (cache miss)
1385 silly packumentCache full:https://registry.npmjs.org/jest-validate set size:undefined disposed:false
1386 http fetch GET 200 https://registry.npmjs.org/image-size 232ms (cache miss)
1387 silly packumentCache full:https://registry.npmjs.org/image-size set size:undefined disposed:false
1388 http fetch GET 200 https://registry.npmjs.org/vlq 75ms (cache miss)
1389 silly packumentCache full:https://registry.npmjs.org/vlq set size:undefined disposed:false
1390 http fetch GET 200 https://registry.npmjs.org/jest-worker 125ms (cache miss)
1391 silly packumentCache full:https://registry.npmjs.org/jest-worker set size:undefined disposed:false
1392 http fetch GET 200 https://registry.npmjs.org/vlq 73ms (cache miss)
1393 silly packumentCache full:https://registry.npmjs.org/vlq set size:undefined disposed:false
1394 http fetch GET 200 https://registry.npmjs.org/ob1 88ms (cache miss)
1395 silly packumentCache full:https://registry.npmjs.org/ob1 set size:undefined disposed:false
1396 http fetch GET 200 https://registry.npmjs.org/terser 119ms (cache miss)
1397 silly packumentCache full:https://registry.npmjs.org/terser set size:undefined disposed:false
1398 http fetch GET 200 https://registry.npmjs.org/@babel%2ftraverse 162ms (cache miss)
1399 silly packumentCache full:https://registry.npmjs.org/@babel%2ftraverse set size:undefined disposed:false
1400 http fetch GET 200 https://registry.npmjs.org/@babel%2ftraverse 156ms (cache miss)
1401 silly packumentCache full:https://registry.npmjs.org/@babel%2ftraverse set size:undefined disposed:false
1402 silly placeDep ROOT @babel/core@7.29.0 OK for: @expo/metro-config@55.0.22 want: ^7.20.0
1403 silly placeDep ROOT @babel/generator@7.29.1 OK for: @expo/metro-config@55.0.22 want: ^7.20.5
1404 silly placeDep ROOT browserslist@4.28.2 OK for: @expo/metro-config@55.0.22 want: ^4.25.0
1405 silly placeDep ROOT hermes-parser@0.32.1 OK for: @expo/metro-config@55.0.22 want: ^0.32.0
1406 silly placeDep ROOT jsc-safe-url@0.2.4 OK for: @expo/metro-config@55.0.22 want: ^0.2.4
1407 silly placeDep ROOT lightningcss@1.32.0 OK for: @expo/metro-config@55.0.22 want: ^1.30.1
1408 silly placeDep ROOT postcss@8.5.15 OK for: @expo/metro-config@55.0.22 want: ^8.5.14
1409 silly fetch manifest semver@^6.3.1
1410 silly packumentCache full:https://registry.npmjs.org/semver cache-hit
1411 silly fetch manifest gensync@^1.0.0-beta.2
1412 silly packumentCache full:https://registry.npmjs.org/gensync cache-miss
1413 silly fetch manifest @babel/helpers@^7.28.6
1414 silly packumentCache full:https://registry.npmjs.org/@babel%2fhelpers cache-miss
1415 silly fetch manifest @babel/generator@^7.29.0
1416 silly packumentCache full:https://registry.npmjs.org/@babel%2fgenerator cache-hit
1417 silly fetch manifest convert-source-map@^2.0.0
1418 silly packumentCache full:https://registry.npmjs.org/convert-source-map cache-miss
1419 silly fetch manifest @jridgewell/remapping@^2.3.5
1420 silly packumentCache full:https://registry.npmjs.org/@jridgewell%2fremapping cache-miss
1421 silly fetch manifest @babel/helper-module-transforms@^7.28.6
1422 silly packumentCache full:https://registry.npmjs.org/@babel%2fhelper-module-transforms cache-miss
1423 silly fetch manifest @babel/helper-compilation-targets@^7.28.6
1424 silly packumentCache full:https://registry.npmjs.org/@babel%2fhelper-compilation-targets cache-miss
1425 silly fetch manifest jsesc@^3.0.2
1426 silly packumentCache full:https://registry.npmjs.org/jsesc cache-miss
1427 silly fetch manifest @jridgewell/gen-mapping@^0.3.12
1428 silly packumentCache full:https://registry.npmjs.org/@jridgewell%2fgen-mapping cache-miss
1429 silly fetch manifest @jridgewell/trace-mapping@^0.3.28
1430 silly packumentCache full:https://registry.npmjs.org/@jridgewell%2ftrace-mapping cache-miss
1431 silly fetch manifest baseline-browser-mapping@^2.10.12
1432 silly packumentCache full:https://registry.npmjs.org/baseline-browser-mapping cache-miss
1433 silly fetch manifest caniuse-lite@^1.0.30001782
1434 silly packumentCache full:https://registry.npmjs.org/caniuse-lite cache-miss
1435 silly fetch manifest electron-to-chromium@^1.5.328
1436 silly packumentCache full:https://registry.npmjs.org/electron-to-chromium cache-miss
1437 silly fetch manifest node-releases@^2.0.36
1438 silly packumentCache full:https://registry.npmjs.org/node-releases cache-miss
1439 silly fetch manifest update-browserslist-db@^1.2.3
1440 silly packumentCache full:https://registry.npmjs.org/update-browserslist-db cache-miss
1441 silly fetch manifest hermes-estree@0.32.1
1442 silly packumentCache full:https://registry.npmjs.org/hermes-estree cache-miss
1443 http fetch GET 200 https://registry.npmjs.org/gensync 65ms (cache miss)
1444 silly packumentCache full:https://registry.npmjs.org/gensync set size:undefined disposed:false
1445 silly fetch manifest detect-libc@^2.0.3
1446 silly packumentCache full:https://registry.npmjs.org/detect-libc cache-miss
1447 http fetch GET 200 https://registry.npmjs.org/update-browserslist-db 123ms (cache miss)
1448 silly packumentCache full:https://registry.npmjs.org/update-browserslist-db set size:undefined disposed:false
1449 silly fetch manifest lightningcss-darwin-x64@1.32.0
1450 silly packumentCache full:https://registry.npmjs.org/lightningcss-darwin-x64 cache-miss
1451 http fetch GET 200 https://registry.npmjs.org/convert-source-map 134ms (cache miss)
1452 silly packumentCache full:https://registry.npmjs.org/convert-source-map set size:undefined disposed:false
1453 silly fetch manifest lightningcss-linux-x64-gnu@1.32.0
1454 silly packumentCache full:https://registry.npmjs.org/lightningcss-linux-x64-gnu cache-miss
1455 http fetch GET 200 https://registry.npmjs.org/baseline-browser-mapping 138ms (cache miss)
1456 silly packumentCache full:https://registry.npmjs.org/baseline-browser-mapping set size:undefined disposed:false
1457 silly fetch manifest lightningcss-win32-x64-msvc@1.32.0
1458 silly packumentCache full:https://registry.npmjs.org/lightningcss-win32-x64-msvc cache-miss
1459 http fetch GET 200 https://registry.npmjs.org/@jridgewell%2fremapping 150ms (cache miss)
1460 silly packumentCache full:https://registry.npmjs.org/@jridgewell%2fremapping set size:undefined disposed:false
1461 silly fetch manifest lightningcss-win32-arm64-msvc@1.32.0
1462 silly packumentCache full:https://registry.npmjs.org/lightningcss-win32-arm64-msvc cache-miss
1463 http fetch GET 200 https://registry.npmjs.org/hermes-estree 180ms (cache miss)
1464 silly packumentCache full:https://registry.npmjs.org/hermes-estree set size:undefined disposed:false
1465 silly fetch manifest lightningcss-darwin-arm64@1.32.0
1466 silly packumentCache full:https://registry.npmjs.org/lightningcss-darwin-arm64 cache-miss
1467 http fetch GET 200 https://registry.npmjs.org/jsesc 191ms (cache miss)
1468 silly packumentCache full:https://registry.npmjs.org/jsesc set size:undefined disposed:false
1469 silly fetch manifest lightningcss-linux-arm64-gnu@1.32.0
1470 silly packumentCache full:https://registry.npmjs.org/lightningcss-linux-arm64-gnu cache-miss
1471 http fetch GET 200 https://registry.npmjs.org/@babel%2fhelper-compilation-targets 195ms (cache miss)
1472 silly packumentCache full:https://registry.npmjs.org/@babel%2fhelper-compilation-targets set size:undefined disposed:false
1473 silly fetch manifest lightningcss-linux-arm-gnueabihf@1.32.0
1474 silly packumentCache full:https://registry.npmjs.org/lightningcss-linux-arm-gnueabihf cache-miss
1475 http fetch GET 200 https://registry.npmjs.org/@jridgewell%2ftrace-mapping 201ms (cache miss)
1476 silly packumentCache full:https://registry.npmjs.org/@jridgewell%2ftrace-mapping set size:undefined disposed:false
1477 silly fetch manifest lightningcss-linux-arm64-musl@1.32.0
1478 silly packumentCache full:https://registry.npmjs.org/lightningcss-linux-arm64-musl cache-miss
1479 http fetch GET 200 https://registry.npmjs.org/@jridgewell%2fgen-mapping 207ms (cache miss)
1480 silly packumentCache full:https://registry.npmjs.org/@jridgewell%2fgen-mapping set size:undefined disposed:false
1481 silly fetch manifest lightningcss-linux-x64-musl@1.32.0
1482 silly packumentCache full:https://registry.npmjs.org/lightningcss-linux-x64-musl cache-miss
1483 http fetch GET 200 https://registry.npmjs.org/node-releases 209ms (cache miss)
1484 silly packumentCache full:https://registry.npmjs.org/node-releases set size:undefined disposed:false
1485 silly fetch manifest lightningcss-freebsd-x64@1.32.0
1486 silly packumentCache full:https://registry.npmjs.org/lightningcss-freebsd-x64 cache-miss
1487 http fetch GET 200 https://registry.npmjs.org/@babel%2fhelpers 227ms (cache miss)
1488 silly packumentCache full:https://registry.npmjs.org/@babel%2fhelpers set size:undefined disposed:false
1489 silly fetch manifest lightningcss-android-arm64@1.32.0
1490 silly packumentCache full:https://registry.npmjs.org/lightningcss-android-arm64 cache-miss
1491 http fetch GET 200 https://registry.npmjs.org/@babel%2fhelper-module-transforms 229ms (cache miss)
1492 silly packumentCache full:https://registry.npmjs.org/@babel%2fhelper-module-transforms set size:undefined disposed:false
1493 silly fetch manifest nanoid@^3.3.12
1494 silly packumentCache full:https://registry.npmjs.org/nanoid cache-miss
1495 http fetch GET 200 https://registry.npmjs.org/detect-libc 172ms (cache miss)
1496 silly packumentCache full:https://registry.npmjs.org/detect-libc set size:undefined disposed:false
1497 silly fetch manifest source-map-js@^1.2.1
1498 silly packumentCache full:https://registry.npmjs.org/source-map-js cache-miss
1499 http fetch GET 200 https://registry.npmjs.org/lightningcss-win32-arm64-msvc 103ms (cache miss)
1500 silly packumentCache full:https://registry.npmjs.org/lightningcss-win32-arm64-msvc set size:undefined disposed:false
1501 http fetch GET 200 https://registry.npmjs.org/lightningcss-darwin-x64 128ms (cache miss)
1502 silly packumentCache full:https://registry.npmjs.org/lightningcss-darwin-x64 set size:undefined disposed:false
1503 http fetch GET 200 https://registry.npmjs.org/lightningcss-linux-x64-gnu 133ms (cache miss)
1504 silly packumentCache full:https://registry.npmjs.org/lightningcss-linux-x64-gnu set size:undefined disposed:false
1505 http fetch GET 200 https://registry.npmjs.org/lightningcss-win32-x64-msvc 125ms (cache miss)
1506 silly packumentCache full:https://registry.npmjs.org/lightningcss-win32-x64-msvc set size:undefined disposed:false
1507 http fetch GET 200 https://registry.npmjs.org/lightningcss-darwin-arm64 86ms (cache miss)
1508 silly packumentCache full:https://registry.npmjs.org/lightningcss-darwin-arm64 set size:undefined disposed:false
1509 http fetch GET 200 https://registry.npmjs.org/lightningcss-linux-arm64-gnu 82ms (cache miss)
1510 silly packumentCache full:https://registry.npmjs.org/lightningcss-linux-arm64-gnu set size:undefined disposed:false
1511 http fetch GET 200 https://registry.npmjs.org/lightningcss-linux-arm64-musl 77ms (cache miss)
1512 silly packumentCache full:https://registry.npmjs.org/lightningcss-linux-arm64-musl set size:undefined disposed:false
1513 http fetch GET 200 https://registry.npmjs.org/lightningcss-linux-arm-gnueabihf 90ms (cache miss)
1514 silly packumentCache full:https://registry.npmjs.org/lightningcss-linux-arm-gnueabihf set size:undefined disposed:false
1515 http fetch GET 200 https://registry.npmjs.org/lightningcss-freebsd-x64 71ms (cache miss)
1516 silly packumentCache full:https://registry.npmjs.org/lightningcss-freebsd-x64 set size:undefined disposed:false
1517 http fetch GET 200 https://registry.npmjs.org/lightningcss-linux-x64-musl 80ms (cache miss)
1518 silly packumentCache full:https://registry.npmjs.org/lightningcss-linux-x64-musl set size:undefined disposed:false
1519 http fetch GET 200 https://registry.npmjs.org/lightningcss-android-arm64 68ms (cache miss)
1520 silly packumentCache full:https://registry.npmjs.org/lightningcss-android-arm64 set size:undefined disposed:false
1521 http fetch GET 200 https://registry.npmjs.org/source-map-js 65ms (cache miss)
1522 silly packumentCache full:https://registry.npmjs.org/source-map-js set size:undefined disposed:false
1523 http fetch GET 200 https://registry.npmjs.org/caniuse-lite 302ms (cache miss)
1524 silly packumentCache full:https://registry.npmjs.org/caniuse-lite set size:undefined disposed:false
1525 http fetch GET 200 https://registry.npmjs.org/nanoid 104ms (cache miss)
1526 silly packumentCache full:https://registry.npmjs.org/nanoid set size:undefined disposed:false
1527 http fetch GET 200 https://registry.npmjs.org/electron-to-chromium 345ms (cache miss)
1528 silly packumentCache full:https://registry.npmjs.org/electron-to-chromium set size:undefined disposed:false
1529 silly fetch manifest @babel/core@^7.0.0
1530 silly packumentCache full:https://registry.npmjs.org/@babel%2fcore cache-hit
1531 silly placeDep ROOT @babel/helper-compilation-targets@7.28.6 OK for: @babel/core@7.29.0 want: ^7.28.6
1532 silly placeDep ROOT @babel/helper-module-transforms@7.28.6 OK for: @babel/core@7.29.0 want: ^7.28.6
1533 silly placeDep ROOT @babel/helpers@7.29.2 OK for: @babel/core@7.29.0 want: ^7.28.6
1534 silly placeDep ROOT @babel/parser@7.29.3 OK for: @babel/core@7.29.0 want: ^7.29.0
1535 silly placeDep ROOT @babel/template@7.28.6 OK for: @babel/core@7.29.0 want: ^7.28.6
1536 silly placeDep ROOT @babel/traverse@7.29.0 OK for: @babel/core@7.29.0 want: ^7.29.0
1537 silly placeDep ROOT @babel/types@7.29.0 OK for: @babel/core@7.29.0 want: ^7.29.0
1538 silly placeDep ROOT @jridgewell/remapping@2.3.5 OK for: @babel/core@7.29.0 want: ^2.3.5
1539 silly placeDep ROOT convert-source-map@2.0.0 OK for: @babel/core@7.29.0 want: ^2.0.0
1540 silly placeDep ROOT gensync@1.0.0-beta.2 OK for: @babel/core@7.29.0 want: ^1.0.0-beta.2
1541 silly placeDep node_modules/@babel/core semver@6.3.1 OK for: @babel/core@7.29.0 want: ^6.3.1
1542 silly fetch manifest lru-cache@^5.1.1
1543 silly packumentCache full:https://registry.npmjs.org/lru-cache cache-miss
1544 silly fetch manifest @babel/compat-data@^7.28.6
1545 silly packumentCache full:https://registry.npmjs.org/@babel%2fcompat-data cache-miss
1546 silly fetch manifest @babel/helper-validator-option@^7.27.1
1547 silly packumentCache full:https://registry.npmjs.org/@babel%2fhelper-validator-option cache-miss
1548 silly fetch manifest @babel/traverse@^7.28.6
1549 silly packumentCache full:https://registry.npmjs.org/@babel%2ftraverse cache-miss
1550 silly fetch manifest @babel/helper-module-imports@^7.28.6
1551 silly packumentCache full:https://registry.npmjs.org/@babel%2fhelper-module-imports cache-miss
1552 silly fetch manifest @babel/types@^7.28.6
1553 silly packumentCache full:https://registry.npmjs.org/@babel%2ftypes cache-miss
1554 silly fetch manifest @babel/helper-globals@^7.28.0
1555 silly packumentCache full:https://registry.npmjs.org/@babel%2fhelper-globals cache-miss
1556 silly fetch manifest @babel/helper-string-parser@^7.27.1
1557 silly packumentCache full:https://registry.npmjs.org/@babel%2fhelper-string-parser cache-miss
1558 silly fetch manifest @jridgewell/gen-mapping@^0.3.5
1559 silly packumentCache full:https://registry.npmjs.org/@jridgewell%2fgen-mapping cache-miss
1560 silly fetch manifest @jridgewell/trace-mapping@^0.3.24
1561 silly packumentCache full:https://registry.npmjs.org/@jridgewell%2ftrace-mapping cache-miss
1562 http cache https://registry.npmjs.org/@babel%2fhelper-module-imports 26ms (cache hit)
1563 silly packumentCache full:https://registry.npmjs.org/@babel%2fhelper-module-imports set size:197300 disposed:false
1564 http cache https://registry.npmjs.org/@babel%2ftraverse 31ms (cache hit)
1565 silly packumentCache full:https://registry.npmjs.org/@babel%2ftraverse set size:553169 disposed:false
1566 http cache https://registry.npmjs.org/@jridgewell%2fgen-mapping 32ms (cache hit)
1567 silly packumentCache full:https://registry.npmjs.org/@jridgewell%2fgen-mapping set size:75941 disposed:false
1568 http cache https://registry.npmjs.org/@jridgewell%2ftrace-mapping 33ms (cache hit)
1569 silly packumentCache full:https://registry.npmjs.org/@jridgewell%2ftrace-mapping set size:170909 disposed:false
1570 http cache https://registry.npmjs.org/@babel%2ftypes 38ms (cache hit)
1571 silly packumentCache full:https://registry.npmjs.org/@babel%2ftypes set size:491978 disposed:false
1572 http fetch GET 200 https://registry.npmjs.org/@babel%2fhelper-globals 127ms (cache miss)
1573 silly packumentCache full:https://registry.npmjs.org/@babel%2fhelper-globals set size:undefined disposed:false
1574 http fetch GET 200 https://registry.npmjs.org/@babel%2fhelper-string-parser 128ms (cache miss)
1575 silly packumentCache full:https://registry.npmjs.org/@babel%2fhelper-string-parser set size:undefined disposed:false
1576 http fetch GET 200 https://registry.npmjs.org/@babel%2fhelper-validator-option 132ms (cache miss)
1577 silly packumentCache full:https://registry.npmjs.org/@babel%2fhelper-validator-option set size:undefined disposed:false
1578 http fetch GET 200 https://registry.npmjs.org/lru-cache 136ms (cache miss)
1579 silly packumentCache full:https://registry.npmjs.org/lru-cache set size:undefined disposed:false
1580 http fetch GET 200 https://registry.npmjs.org/@babel%2fcompat-data 140ms (cache miss)
1581 silly packumentCache full:https://registry.npmjs.org/@babel%2fcompat-data set size:undefined disposed:false
1582 silly placeDep ROOT @jridgewell/gen-mapping@0.3.13 OK for: @babel/generator@7.29.1 want: ^0.3.12
1583 silly placeDep ROOT @jridgewell/trace-mapping@0.3.31 OK for: @babel/generator@7.29.1 want: ^0.3.28
1584 silly placeDep ROOT jsesc@3.1.0 OK for: @babel/generator@7.29.1 want: ^3.0.2
1585 silly fetch manifest @jridgewell/sourcemap-codec@^1.5.0
1586 silly packumentCache full:https://registry.npmjs.org/@jridgewell%2fsourcemap-codec cache-miss
1587 silly fetch manifest @jridgewell/resolve-uri@^3.1.0
1588 silly packumentCache full:https://registry.npmjs.org/@jridgewell%2fresolve-uri cache-miss
1589 silly fetch manifest @jridgewell/sourcemap-codec@^1.4.14
1590 silly packumentCache full:https://registry.npmjs.org/@jridgewell%2fsourcemap-codec cache-miss
1591 http fetch GET 200 https://registry.npmjs.org/@jridgewell%2fsourcemap-codec 91ms (cache miss)
1592 silly packumentCache full:https://registry.npmjs.org/@jridgewell%2fsourcemap-codec set size:undefined disposed:false
1593 http fetch GET 200 https://registry.npmjs.org/@jridgewell%2fsourcemap-codec 108ms (cache miss)
1594 silly packumentCache full:https://registry.npmjs.org/@jridgewell%2fsourcemap-codec set size:undefined disposed:false
1595 http fetch GET 200 https://registry.npmjs.org/@jridgewell%2fresolve-uri 111ms (cache miss)
1596 silly packumentCache full:https://registry.npmjs.org/@jridgewell%2fresolve-uri set size:undefined disposed:false
1597 silly placeDep ROOT @babel/compat-data@7.29.3 OK for: @babel/helper-compilation-targets@7.28.6 want: ^7.28.6
1598 silly placeDep ROOT @babel/helper-validator-option@7.27.1 OK for: @babel/helper-compilation-targets@7.28.6 want: ^7.27.1
1599 silly placeDep ROOT lru-cache@5.1.1 OK for: @babel/helper-compilation-targets@7.28.6 want: ^5.1.1
1600 silly placeDep node_modules/@babel/helper-compilation-targets semver@6.3.1 OK for: @babel/helper-compilation-targets@7.28.6 want: ^6.3.1
1601 silly fetch manifest yallist@^3.0.2
1602 silly packumentCache full:https://registry.npmjs.org/yallist cache-miss
1603 http fetch GET 200 https://registry.npmjs.org/yallist 56ms (cache miss)
1604 silly packumentCache full:https://registry.npmjs.org/yallist set size:undefined disposed:false
1605 silly placeDep ROOT @babel/helper-module-imports@7.28.6 OK for: @babel/helper-module-transforms@7.28.6 want: ^7.28.6
1606 silly placeDep ROOT @babel/helper-globals@7.28.0 OK for: @babel/traverse@7.29.0 want: ^7.28.0
1607 silly placeDep ROOT @babel/helper-string-parser@7.27.1 OK for: @babel/types@7.29.0 want: ^7.27.1
1608 silly placeDep ROOT @xmldom/xmldom@0.8.13 OK for: @expo/plist@0.5.3 want: ^0.8.8
1609 silly placeDep ROOT base64-js@1.5.1 OK for: @expo/plist@0.5.3 want: ^1.5.1
1610 silly placeDep ROOT xmlbuilder@15.1.1 OK for: @expo/plist@0.5.3 want: ^15.1.1
1611 silly placeDep ROOT @react-native/normalize-colors@0.83.6 OK for: @expo/prebuild-config@55.0.18 want: 0.83.6
1612 silly placeDep ROOT @babel/plugin-transform-modules-commonjs@7.28.6 OK for: @expo/require-utils@55.0.5 want: ^7.24.8
1613 silly fetch manifest @babel/helper-plugin-utils@^7.28.6
1614 silly packumentCache full:https://registry.npmjs.org/@babel%2fhelper-plugin-utils cache-miss
1615 http fetch GET 200 https://registry.npmjs.org/@babel%2fhelper-plugin-utils 88ms (cache miss)
1616 silly packumentCache full:https://registry.npmjs.org/@babel%2fhelper-plugin-utils set size:undefined disposed:false
1617 silly placeDep ROOT @babel/helper-plugin-utils@7.28.6 OK for: @babel/plugin-transform-modules-commonjs@7.28.6 want: ^7.28.6
1618 silly placeDep ROOT cross-spawn@7.0.6 OK for: @expo/spawn-async@1.8.0 want: ^7.0.6
1619 silly fetch manifest which@^2.0.1
1620 silly packumentCache full:https://registry.npmjs.org/which cache-miss
1621 silly fetch manifest path-key@^3.1.0
1622 silly packumentCache full:https://registry.npmjs.org/path-key cache-miss
1623 silly fetch manifest shebang-command@^2.0.0
1624 silly packumentCache full:https://registry.npmjs.org/shebang-command cache-miss
1625 http fetch GET 200 https://registry.npmjs.org/shebang-command 52ms (cache miss)
1626 silly packumentCache full:https://registry.npmjs.org/shebang-command set size:undefined disposed:false
1627 http fetch GET 200 https://registry.npmjs.org/path-key 53ms (cache miss)
1628 silly packumentCache full:https://registry.npmjs.org/path-key set size:undefined disposed:false
1629 http fetch GET 200 https://registry.npmjs.org/which 58ms (cache miss)
1630 silly packumentCache full:https://registry.npmjs.org/which set size:undefined disposed:false
1631 silly placeDep ROOT js-yaml@4.1.1 OK for: @expo/xcpretty@4.4.4 want: ^4.1.0
1632 silly fetch manifest argparse@^2.0.1
1633 silly packumentCache full:https://registry.npmjs.org/argparse cache-miss
1634 http fetch GET 200 https://registry.npmjs.org/argparse 51ms (cache miss)
1635 silly packumentCache full:https://registry.npmjs.org/argparse set size:undefined disposed:false
1636 silly placeDep ROOT @jridgewell/sourcemap-codec@1.5.5 OK for: @jridgewell/gen-mapping@0.3.13 want: ^1.5.0
1637 silly placeDep ROOT @jridgewell/resolve-uri@3.1.2 OK for: @jridgewell/trace-mapping@0.3.31 want: ^3.1.0
1638 silly fetch manifest utf-8-validate@^5.0.2
1639 silly packumentCache full:https://registry.npmjs.org/utf-8-validate cache-miss
1640 http cache https://registry.npmjs.org/utf-8-validate 4ms (cache hit)
1641 silly packumentCache full:https://registry.npmjs.org/utf-8-validate set size:77148 disposed:false
1642 silly placeDep ROOT @isaacs/ttlcache@1.4.1 OK for: @react-native/dev-middleware@0.83.6 want: ^1.4.1
1643 silly placeDep ROOT @react-native/debugger-frontend@0.83.6 OK for: @react-native/dev-middleware@0.83.6 want: 0.83.6
1644 silly placeDep ROOT @react-native/debugger-shell@0.83.6 OK for: @react-native/dev-middleware@0.83.6 want: 0.83.6
1645 silly placeDep ROOT chrome-launcher@0.15.2 OK for: @react-native/dev-middleware@0.83.6 want: ^0.15.2
1646 silly placeDep ROOT chromium-edge-launcher@0.2.0 OK for: @react-native/dev-middleware@0.83.6 want: ^0.2.0
1647 silly placeDep ROOT invariant@2.2.4 OK for: @react-native/dev-middleware@0.83.6 want: ^2.2.4
1648 silly placeDep ROOT nullthrows@1.1.1 OK for: @react-native/dev-middleware@0.83.6 want: ^1.1.1
1649 silly placeDep ROOT open@7.4.2 OK for: @react-native/dev-middleware@0.83.6 want: ^7.0.3
1650 silly placeDep ROOT serve-static@1.16.3 OK for: @react-native/dev-middleware@0.83.6 want: ^1.16.2
1651 silly placeDep node_modules/@react-native/dev-middleware ws@7.5.10 OK for: @react-native/dev-middleware@0.83.6 want: ^7.5.10
1652 silly fetch manifest fb-dotslash@0.5.8
1653 silly packumentCache full:https://registry.npmjs.org/fb-dotslash cache-miss
1654 silly fetch manifest is-wsl@^2.2.0
1655 silly packumentCache full:https://registry.npmjs.org/is-wsl cache-miss
1656 silly fetch manifest @types/node@*
1657 silly packumentCache full:https://registry.npmjs.org/@types%2fnode cache-miss
1658 silly fetch manifest lighthouse-logger@^1.0.0
1659 silly packumentCache full:https://registry.npmjs.org/lighthouse-logger cache-miss
1660 silly fetch manifest escape-string-regexp@^4.0.0
1661 silly packumentCache full:https://registry.npmjs.org/escape-string-regexp cache-miss
1662 silly fetch manifest is-wsl@^2.2.0
1663 silly packumentCache full:https://registry.npmjs.org/is-wsl cache-miss
1664 silly fetch manifest mkdirp@^1.0.4
1665 silly packumentCache full:https://registry.npmjs.org/mkdirp cache-miss
1666 silly fetch manifest rimraf@^3.0.2
1667 silly packumentCache full:https://registry.npmjs.org/rimraf cache-miss
1668 silly fetch manifest @types/node@*
1669 silly packumentCache full:https://registry.npmjs.org/@types%2fnode cache-miss
1670 silly fetch manifest lighthouse-logger@^1.0.0
1671 silly packumentCache full:https://registry.npmjs.org/lighthouse-logger cache-miss
1672 silly fetch manifest escape-string-regexp@^4.0.0
1673 silly packumentCache full:https://registry.npmjs.org/escape-string-regexp cache-miss
1674 silly fetch manifest loose-envify@^1.0.0
1675 silly packumentCache full:https://registry.npmjs.org/loose-envify cache-miss
1676 silly fetch manifest is-wsl@^2.1.1
1677 silly packumentCache full:https://registry.npmjs.org/is-wsl cache-miss
1678 silly fetch manifest is-docker@^2.0.0
1679 silly packumentCache full:https://registry.npmjs.org/is-docker cache-miss
1680 http fetch GET 200 https://registry.npmjs.org/is-wsl 57ms (cache miss)
1681 silly packumentCache full:https://registry.npmjs.org/is-wsl set size:undefined disposed:false
1682 http fetch GET 200 https://registry.npmjs.org/loose-envify 57ms (cache miss)
1683 silly packumentCache full:https://registry.npmjs.org/loose-envify set size:undefined disposed:false
1684 http fetch GET 200 https://registry.npmjs.org/is-wsl 71ms (cache miss)
1685 silly packumentCache full:https://registry.npmjs.org/is-wsl set size:undefined disposed:false
1686 http fetch GET 200 https://registry.npmjs.org/is-wsl 73ms (cache miss)
1687 silly packumentCache full:https://registry.npmjs.org/is-wsl set size:undefined disposed:false
1688 http fetch GET 200 https://registry.npmjs.org/escape-string-regexp 75ms (cache miss)
1689 silly packumentCache full:https://registry.npmjs.org/escape-string-regexp set size:undefined disposed:false
1690 http fetch GET 200 https://registry.npmjs.org/fb-dotslash 78ms (cache miss)
1691 silly packumentCache full:https://registry.npmjs.org/fb-dotslash set size:undefined disposed:false
1692 http fetch GET 200 https://registry.npmjs.org/is-docker 78ms (cache miss)
1693 silly packumentCache full:https://registry.npmjs.org/is-docker set size:undefined disposed:false
1694 http fetch GET 200 https://registry.npmjs.org/escape-string-regexp 79ms (cache miss)
1695 silly packumentCache full:https://registry.npmjs.org/escape-string-regexp set size:undefined disposed:false
1696 http fetch GET 200 https://registry.npmjs.org/mkdirp 80ms (cache miss)
1697 silly packumentCache full:https://registry.npmjs.org/mkdirp set size:undefined disposed:false
1698 http fetch GET 200 https://registry.npmjs.org/rimraf 92ms (cache miss)
1699 silly packumentCache full:https://registry.npmjs.org/rimraf set size:undefined disposed:false
1700 http fetch GET 200 https://registry.npmjs.org/lighthouse-logger 213ms (cache miss)
1701 silly packumentCache full:https://registry.npmjs.org/lighthouse-logger set size:undefined disposed:false
1702 http fetch GET 200 https://registry.npmjs.org/lighthouse-logger 225ms (cache miss)
1703 silly packumentCache full:https://registry.npmjs.org/lighthouse-logger set size:undefined disposed:false
1704 http fetch GET 200 https://registry.npmjs.org/@types%2fnode 323ms (cache miss)
1705 silly packumentCache full:https://registry.npmjs.org/@types%2fnode set size:undefined disposed:false
1706 http fetch GET 200 https://registry.npmjs.org/@types%2fnode 459ms (cache miss)
1707 silly packumentCache full:https://registry.npmjs.org/@types%2fnode set size:undefined disposed:false
1708 silly placeDep ROOT fb-dotslash@0.5.8 OK for: @react-native/debugger-shell@0.83.6 want: 0.5.8
1709 silly placeDep ROOT mime-types@2.1.35 OK for: accepts@1.3.8 want: ~2.1.34
1710 silly placeDep ROOT negotiator@0.6.3 OK for: accepts@1.3.8 want: 0.6.3
1711 silly fetch manifest mime-db@1.52.0
1712 silly packumentCache full:https://registry.npmjs.org/mime-db cache-miss
1713 http fetch GET 200 https://registry.npmjs.org/mime-db 93ms (cache miss)
1714 silly packumentCache full:https://registry.npmjs.org/mime-db set size:undefined disposed:false
1715 silly fetch manifest @babel/core@^7.0.0-0
1716 silly packumentCache full:https://registry.npmjs.org/@babel%2fcore cache-hit
1717 silly fetch manifest @babel/core@^7.12.0
1718 silly packumentCache full:https://registry.npmjs.org/@babel%2fcore cache-hit
1719 silly placeDep ROOT @babel/plugin-proposal-decorators@7.29.0 OK for: babel-preset-expo@55.0.22 want: ^7.12.9
1720 silly placeDep ROOT @babel/plugin-proposal-export-default-from@7.27.1 OK for: babel-preset-expo@55.0.22 want: ^7.24.7
1721 silly placeDep ROOT @babel/plugin-syntax-export-default-from@7.28.6 OK for: babel-preset-expo@55.0.22 want: ^7.24.7
1722 silly placeDep ROOT @babel/plugin-transform-class-static-block@7.28.6 OK for: babel-preset-expo@55.0.22 want: ^7.27.1
1723 silly placeDep ROOT @babel/plugin-transform-export-namespace-from@7.27.1 OK for: babel-preset-expo@55.0.22 want: ^7.25.9
1724 silly placeDep ROOT @babel/plugin-transform-flow-strip-types@7.27.1 OK for: babel-preset-expo@55.0.22 want: ^7.25.2
1725 silly placeDep ROOT @babel/plugin-transform-object-rest-spread@7.28.6 OK for: babel-preset-expo@55.0.22 want: ^7.24.7
1726 silly placeDep ROOT @babel/plugin-transform-parameters@7.27.7 OK for: babel-preset-expo@55.0.22 want: ^7.24.7
1727 silly placeDep ROOT @babel/plugin-transform-private-methods@7.28.6 OK for: babel-preset-expo@55.0.22 want: ^7.24.7
1728 silly placeDep ROOT @babel/plugin-transform-private-property-in-object@7.28.6 OK for: babel-preset-expo@55.0.22 want: ^7.24.7
1729 silly placeDep ROOT @babel/plugin-transform-runtime@7.29.0 OK for: babel-preset-expo@55.0.22 want: ^7.24.7
1730 silly placeDep ROOT @babel/preset-react@7.28.5 OK for: babel-preset-expo@55.0.22 want: ^7.22.15
1731 silly placeDep ROOT @babel/preset-typescript@7.28.5 OK for: babel-preset-expo@55.0.22 want: ^7.23.0
1732 silly placeDep ROOT @react-native/babel-preset@0.83.6 OK for: babel-preset-expo@55.0.22 want: 0.83.6
1733 silly placeDep ROOT babel-plugin-react-compiler@1.0.0 OK for: babel-preset-expo@55.0.22 want: ^1.0.0
1734 silly placeDep ROOT babel-plugin-react-native-web@0.21.2 OK for: babel-preset-expo@55.0.22 want: ~0.21.0
1735 silly placeDep ROOT babel-plugin-syntax-hermes-parser@0.32.1 OK for: babel-preset-expo@55.0.22 want: ^0.32.0
1736 silly placeDep ROOT babel-plugin-transform-flow-enums@0.0.2 OK for: babel-preset-expo@55.0.22 want: ^0.0.2
1737 silly fetch manifest @babel/plugin-syntax-decorators@^7.28.6
1738 silly packumentCache full:https://registry.npmjs.org/@babel%2fplugin-syntax-decorators cache-miss
1739 silly fetch manifest @babel/helper-create-class-features-plugin@^7.28.6
1740 silly packumentCache full:https://registry.npmjs.org/@babel%2fhelper-create-class-features-plugin cache-miss
1741 silly fetch manifest @babel/helper-create-class-features-plugin@^7.28.6
1742 silly packumentCache full:https://registry.npmjs.org/@babel%2fhelper-create-class-features-plugin cache-miss
1743 silly fetch manifest @babel/plugin-syntax-flow@^7.27.1
1744 silly packumentCache full:https://registry.npmjs.org/@babel%2fplugin-syntax-flow cache-miss
1745 silly fetch manifest @babel/plugin-transform-parameters@^7.27.7
1746 silly packumentCache full:https://registry.npmjs.org/@babel%2fplugin-transform-parameters cache-miss
1747 silly fetch manifest @babel/plugin-transform-destructuring@^7.28.5
1748 silly packumentCache full:https://registry.npmjs.org/@babel%2fplugin-transform-destructuring cache-miss
1749 silly fetch manifest @babel/helper-create-class-features-plugin@^7.28.6
1750 silly packumentCache full:https://registry.npmjs.org/@babel%2fhelper-create-class-features-plugin cache-miss
1751 silly fetch manifest @babel/helper-annotate-as-pure@^7.27.3
1752 silly packumentCache full:https://registry.npmjs.org/@babel%2fhelper-annotate-as-pure cache-miss
1753 silly fetch manifest @babel/helper-create-class-features-plugin@^7.28.6
1754 silly packumentCache full:https://registry.npmjs.org/@babel%2fhelper-create-class-features-plugin cache-miss
1755 silly fetch manifest babel-plugin-polyfill-corejs2@^0.4.14
1756 silly packumentCache full:https://registry.npmjs.org/babel-plugin-polyfill-corejs2 cache-miss
1757 silly fetch manifest babel-plugin-polyfill-corejs3@^0.13.0
1758 silly packumentCache full:https://registry.npmjs.org/babel-plugin-polyfill-corejs3 cache-miss
1759 silly fetch manifest babel-plugin-polyfill-regenerator@^0.6.5
1760 silly packumentCache full:https://registry.npmjs.org/babel-plugin-polyfill-regenerator cache-miss
1761 silly fetch manifest @babel/plugin-transform-react-jsx@^7.27.1
1762 silly packumentCache full:https://registry.npmjs.org/@babel%2fplugin-transform-react-jsx cache-miss
1763 silly fetch manifest @babel/plugin-transform-react-display-name@^7.28.0
1764 silly packumentCache full:https://registry.npmjs.org/@babel%2fplugin-transform-react-display-name cache-miss
1765 silly fetch manifest @babel/plugin-transform-react-jsx-development@^7.27.1
1766 silly packumentCache full:https://registry.npmjs.org/@babel%2fplugin-transform-react-jsx-development cache-miss
1767 http cache https://registry.npmjs.org/@babel%2fplugin-transform-parameters 16ms (cache hit)
1768 silly packumentCache full:https://registry.npmjs.org/@babel%2fplugin-transform-parameters set size:273530 disposed:false
1769 silly fetch manifest @babel/plugin-transform-react-pure-annotations@^7.27.1
1770 silly packumentCache full:https://registry.npmjs.org/@babel%2fplugin-transform-react-pure-annotations cache-miss
1771 http fetch GET 200 https://registry.npmjs.org/babel-plugin-polyfill-regenerator 59ms (cache miss)
1772 silly packumentCache full:https://registry.npmjs.org/babel-plugin-polyfill-regenerator set size:undefined disposed:false
1773 silly fetch manifest @babel/plugin-syntax-jsx@^7.27.1
1774 silly packumentCache full:https://registry.npmjs.org/@babel%2fplugin-syntax-jsx cache-miss
1775 http fetch GET 200 https://registry.npmjs.org/babel-plugin-polyfill-corejs3 126ms (cache miss)
1776 silly packumentCache full:https://registry.npmjs.org/babel-plugin-polyfill-corejs3 set size:undefined disposed:false
1777 silly fetch manifest @babel/plugin-transform-typescript@^7.28.5
1778 silly packumentCache full:https://registry.npmjs.org/@babel%2fplugin-transform-typescript cache-miss
1779 http fetch GET 200 https://registry.npmjs.org/@babel%2fplugin-syntax-decorators 134ms (cache miss)
1780 silly packumentCache full:https://registry.npmjs.org/@babel%2fplugin-syntax-decorators set size:undefined disposed:false
1781 silly fetch manifest @babel/plugin-transform-for-of@^7.24.7
1782 silly packumentCache full:https://registry.npmjs.org/@babel%2fplugin-transform-for-of cache-miss
1783 http fetch GET 200 https://registry.npmjs.org/@babel%2fplugin-transform-react-pure-annotations 145ms (cache miss)
1784 silly packumentCache full:https://registry.npmjs.org/@babel%2fplugin-transform-react-pure-annotations set size:undefined disposed:false
1785 silly fetch manifest @babel/plugin-transform-spread@^7.24.7
1786 silly packumentCache full:https://registry.npmjs.org/@babel%2fplugin-transform-spread cache-miss
1787 http fetch GET 200 https://registry.npmjs.org/babel-plugin-polyfill-corejs2 166ms (cache miss)
1788 silly packumentCache full:https://registry.npmjs.org/babel-plugin-polyfill-corejs2 set size:undefined disposed:false
1789 silly fetch manifest @babel/plugin-transform-classes@^7.25.4
1790 silly packumentCache full:https://registry.npmjs.org/@babel%2fplugin-transform-classes cache-miss
1791 http fetch GET 200 https://registry.npmjs.org/@babel%2fhelper-annotate-as-pure 173ms (cache miss)
1792 silly packumentCache full:https://registry.npmjs.org/@babel%2fhelper-annotate-as-pure set size:undefined disposed:false
1793 silly fetch manifest @babel/plugin-transform-literals@^7.25.2
1794 silly packumentCache full:https://registry.npmjs.org/@babel%2fplugin-transform-literals cache-miss
1795 http fetch GET 200 https://registry.npmjs.org/@babel%2fhelper-create-class-features-plugin 179ms (cache miss)
1796 silly packumentCache full:https://registry.npmjs.org/@babel%2fhelper-create-class-features-plugin set size:undefined disposed:false
1797 silly fetch manifest @babel/plugin-transform-react-jsx@^7.25.2
1798 silly packumentCache full:https://registry.npmjs.org/@babel%2fplugin-transform-react-jsx cache-miss
1799 http fetch GET 200 https://registry.npmjs.org/@babel%2fplugin-transform-react-display-name 183ms (cache miss)
1800 silly packumentCache full:https://registry.npmjs.org/@babel%2fplugin-transform-react-display-name set size:undefined disposed:false
1801 silly fetch manifest babel-plugin-syntax-hermes-parser@0.32.0
1802 silly packumentCache full:https://registry.npmjs.org/babel-plugin-syntax-hermes-parser cache-hit
1803 silly fetch manifest @babel/plugin-transform-typescript@^7.25.2
1804 silly packumentCache full:https://registry.npmjs.org/@babel%2fplugin-transform-typescript cache-miss
1805 http fetch GET 200 https://registry.npmjs.org/@babel%2fplugin-transform-react-jsx-development 186ms (cache miss)
1806 silly packumentCache full:https://registry.npmjs.org/@babel%2fplugin-transform-react-jsx-development set size:undefined disposed:false
1807 silly fetch manifest @react-native/babel-plugin-codegen@0.83.6
1808 silly packumentCache full:https://registry.npmjs.org/@react-native%2fbabel-plugin-codegen cache-miss
1809 http fetch GET 200 https://registry.npmjs.org/@babel%2fhelper-create-class-features-plugin 198ms (cache miss)
1810 silly packumentCache full:https://registry.npmjs.org/@babel%2fhelper-create-class-features-plugin set size:undefined disposed:false
1811 silly fetch manifest @babel/plugin-syntax-dynamic-import@^7.8.3
1812 silly packumentCache full:https://registry.npmjs.org/@babel%2fplugin-syntax-dynamic-import cache-miss
1813 http fetch GET 200 https://registry.npmjs.org/@babel%2fplugin-transform-destructuring 205ms (cache miss)
1814 silly packumentCache full:https://registry.npmjs.org/@babel%2fplugin-transform-destructuring set size:undefined disposed:false
1815 silly fetch manifest @babel/plugin-transform-regenerator@^7.24.7
1816 silly packumentCache full:https://registry.npmjs.org/@babel%2fplugin-transform-regenerator cache-miss
1817 http fetch GET 200 https://registry.npmjs.org/@babel%2fplugin-transform-react-jsx 210ms (cache miss)
1818 silly packumentCache full:https://registry.npmjs.org/@babel%2fplugin-transform-react-jsx set size:undefined disposed:false
1819 silly fetch manifest @babel/plugin-transform-sticky-regex@^7.24.7
1820 silly packumentCache full:https://registry.npmjs.org/@babel%2fplugin-transform-sticky-regex cache-miss
1821 http fetch GET 200 https://registry.npmjs.org/@babel%2fhelper-create-class-features-plugin 217ms (cache miss)
1822 silly packumentCache full:https://registry.npmjs.org/@babel%2fhelper-create-class-features-plugin set size:undefined disposed:false
1823 silly fetch manifest @babel/plugin-transform-block-scoping@^7.25.0
1824 silly packumentCache full:https://registry.npmjs.org/@babel%2fplugin-transform-block-scoping cache-miss
1825 http fetch GET 200 https://registry.npmjs.org/@babel%2fhelper-create-class-features-plugin 222ms (cache miss)
1826 silly packumentCache full:https://registry.npmjs.org/@babel%2fhelper-create-class-features-plugin set size:undefined disposed:false
1827 silly fetch manifest @babel/plugin-transform-destructuring@^7.24.8
1828 silly packumentCache full:https://registry.npmjs.org/@babel%2fplugin-transform-destructuring cache-miss
1829 http cache https://registry.npmjs.org/@babel%2fplugin-transform-destructuring 8ms (cache hit)
1830 silly packumentCache full:https://registry.npmjs.org/@babel%2fplugin-transform-destructuring set size:292840 disposed:false
1831 silly fetch manifest @babel/plugin-transform-function-name@^7.25.1
1832 silly packumentCache full:https://registry.npmjs.org/@babel%2fplugin-transform-function-name cache-miss
1833 http fetch GET 200 https://registry.npmjs.org/@babel%2fplugin-transform-for-of 103ms (cache miss)
1834 silly packumentCache full:https://registry.npmjs.org/@babel%2fplugin-transform-for-of set size:undefined disposed:false
1835 silly fetch manifest @babel/plugin-transform-unicode-regex@^7.24.7
1836 silly packumentCache full:https://registry.npmjs.org/@babel%2fplugin-transform-unicode-regex cache-miss
1837 http fetch GET 200 https://registry.npmjs.org/@babel%2fplugin-transform-typescript 112ms (cache miss)
1838 silly packumentCache full:https://registry.npmjs.org/@babel%2fplugin-transform-typescript set size:undefined disposed:false
1839 silly fetch manifest @babel/plugin-syntax-optional-chaining@^7.8.3
1840 silly packumentCache full:https://registry.npmjs.org/@babel%2fplugin-syntax-optional-chaining cache-miss
1841 http fetch GET 200 https://registry.npmjs.org/@babel%2fplugin-syntax-flow 281ms (cache miss)
1842 silly packumentCache full:https://registry.npmjs.org/@babel%2fplugin-syntax-flow set size:undefined disposed:false
1843 silly fetch manifest @babel/plugin-transform-react-jsx-self@^7.24.7
1844 silly packumentCache full:https://registry.npmjs.org/@babel%2fplugin-transform-react-jsx-self cache-miss
1845 http fetch GET 200 https://registry.npmjs.org/@babel%2fplugin-transform-classes 122ms (cache miss)
1846 silly packumentCache full:https://registry.npmjs.org/@babel%2fplugin-transform-classes set size:undefined disposed:false
1847 silly fetch manifest @babel/plugin-transform-arrow-functions@^7.24.7
1848 silly packumentCache full:https://registry.npmjs.org/@babel%2fplugin-transform-arrow-functions cache-miss
1849 http fetch GET 200 https://registry.npmjs.org/@babel%2fplugin-transform-spread 129ms (cache miss)
1850 silly packumentCache full:https://registry.npmjs.org/@babel%2fplugin-transform-spread set size:undefined disposed:false
1851 silly fetch manifest @babel/plugin-transform-class-properties@^7.25.4
1852 silly packumentCache full:https://registry.npmjs.org/@babel%2fplugin-transform-class-properties cache-miss
1853 http fetch GET 200 https://registry.npmjs.org/@babel%2fplugin-transform-literals 123ms (cache miss)
1854 silly packumentCache full:https://registry.npmjs.org/@babel%2fplugin-transform-literals set size:undefined disposed:false
1855 silly fetch manifest @babel/plugin-transform-react-jsx-source@^7.24.7
1856 silly packumentCache full:https://registry.npmjs.org/@babel%2fplugin-transform-react-jsx-source cache-miss
1857 http fetch GET 200 https://registry.npmjs.org/@babel%2fplugin-syntax-dynamic-import 104ms (cache miss)
1858 silly packumentCache full:https://registry.npmjs.org/@babel%2fplugin-syntax-dynamic-import set size:undefined disposed:false
1859 silly fetch manifest @babel/plugin-transform-numeric-separator@^7.24.7
1860 silly packumentCache full:https://registry.npmjs.org/@babel%2fplugin-transform-numeric-separator cache-miss
1861 http fetch GET 200 https://registry.npmjs.org/@babel%2fplugin-syntax-jsx 247ms (cache miss)
1862 silly packumentCache full:https://registry.npmjs.org/@babel%2fplugin-syntax-jsx set size:undefined disposed:false
1863 silly fetch manifest @babel/plugin-transform-optional-chaining@^7.24.8
1864 silly packumentCache full:https://registry.npmjs.org/@babel%2fplugin-transform-optional-chaining cache-miss
1865 http fetch GET 200 https://registry.npmjs.org/@babel%2fplugin-transform-react-jsx 130ms (cache miss)
1866 silly packumentCache full:https://registry.npmjs.org/@babel%2fplugin-transform-react-jsx set size:undefined disposed:false
1867 silly fetch manifest @babel/plugin-transform-async-to-generator@^7.24.7
1868 silly packumentCache full:https://registry.npmjs.org/@babel%2fplugin-transform-async-to-generator cache-miss
1869 http fetch GET 200 https://registry.npmjs.org/@babel%2fplugin-transform-typescript 128ms (cache miss)
1870 silly packumentCache full:https://registry.npmjs.org/@babel%2fplugin-transform-typescript set size:undefined disposed:false
1871 silly fetch manifest @babel/plugin-transform-react-display-name@^7.24.7
1872 silly packumentCache full:https://registry.npmjs.org/@babel%2fplugin-transform-react-display-name cache-miss
1873 http cache https://registry.npmjs.org/@babel%2fplugin-transform-react-display-name 5ms (cache hit)
1874 silly packumentCache full:https://registry.npmjs.org/@babel%2fplugin-transform-react-display-name set size:210006 disposed:false
1875 silly fetch manifest @babel/plugin-transform-computed-properties@^7.24.7
1876 silly packumentCache full:https://registry.npmjs.org/@babel%2fplugin-transform-computed-properties cache-miss
1877 http fetch GET 200 https://registry.npmjs.org/@babel%2fplugin-syntax-optional-chaining 106ms (cache miss)
1878 silly packumentCache full:https://registry.npmjs.org/@babel%2fplugin-syntax-optional-chaining set size:undefined disposed:false
1879 silly fetch manifest @babel/plugin-transform-shorthand-properties@^7.24.7
1880 silly packumentCache full:https://registry.npmjs.org/@babel%2fplugin-transform-shorthand-properties cache-miss
1881 http fetch GET 200 https://registry.npmjs.org/@babel%2fplugin-transform-unicode-regex 112ms (cache miss)
1882 silly packumentCache full:https://registry.npmjs.org/@babel%2fplugin-transform-unicode-regex set size:undefined disposed:false
1883 silly fetch manifest @babel/plugin-transform-optional-catch-binding@^7.24.7
1884 silly packumentCache full:https://registry.npmjs.org/@babel%2fplugin-transform-optional-catch-binding cache-miss
1885 http fetch GET 200 https://registry.npmjs.org/@babel%2fplugin-transform-regenerator 152ms (cache miss)
1886 silly packumentCache full:https://registry.npmjs.org/@babel%2fplugin-transform-regenerator set size:undefined disposed:false
1887 silly fetch manifest @babel/plugin-syntax-nullish-coalescing-operator@^7.8.3
1888 silly packumentCache full:https://registry.npmjs.org/@babel%2fplugin-syntax-nullish-coalescing-operator cache-miss
1889 http fetch GET 200 https://registry.npmjs.org/@babel%2fplugin-transform-sticky-regex 158ms (cache miss)
1890 silly packumentCache full:https://registry.npmjs.org/@babel%2fplugin-transform-sticky-regex set size:undefined disposed:false
1891 silly fetch manifest @babel/plugin-transform-async-generator-functions@^7.25.4
1892 silly packumentCache full:https://registry.npmjs.org/@babel%2fplugin-transform-async-generator-functions cache-miss
1893 http fetch GET 200 https://registry.npmjs.org/@babel%2fplugin-transform-function-name 150ms (cache miss)
1894 silly packumentCache full:https://registry.npmjs.org/@babel%2fplugin-transform-function-name set size:undefined disposed:false
1895 silly fetch manifest @babel/plugin-transform-nullish-coalescing-operator@^7.24.7
1896 silly packumentCache full:https://registry.npmjs.org/@babel%2fplugin-transform-nullish-coalescing-operator cache-miss
1897 http fetch GET 200 https://registry.npmjs.org/@babel%2fplugin-transform-class-properties 120ms (cache miss)
1898 silly packumentCache full:https://registry.npmjs.org/@babel%2fplugin-transform-class-properties set size:undefined disposed:false
1899 silly fetch manifest @babel/plugin-transform-logical-assignment-operators@^7.24.7
1900 silly packumentCache full:https://registry.npmjs.org/@babel%2fplugin-transform-logical-assignment-operators cache-miss
1901 http fetch GET 200 https://registry.npmjs.org/@babel%2fplugin-transform-block-scoping 201ms (cache miss)
1902 silly packumentCache full:https://registry.npmjs.org/@babel%2fplugin-transform-block-scoping set size:undefined disposed:false
1903 silly fetch manifest @babel/plugin-transform-named-capturing-groups-regex@^7.24.7
1904 silly packumentCache full:https://registry.npmjs.org/@babel%2fplugin-transform-named-capturing-groups-regex cache-miss
1905 http fetch GET 200 https://registry.npmjs.org/@babel%2fplugin-transform-react-jsx-self 144ms (cache miss)
1906 silly packumentCache full:https://registry.npmjs.org/@babel%2fplugin-transform-react-jsx-self set size:undefined disposed:false
1907 silly fetch manifest @babel/plugin-syntax-flow@^7.12.1
1908 silly packumentCache full:https://registry.npmjs.org/@babel%2fplugin-syntax-flow cache-miss
1909 http fetch GET 200 https://registry.npmjs.org/@babel%2fplugin-transform-arrow-functions 137ms (cache miss)
1910 silly packumentCache full:https://registry.npmjs.org/@babel%2fplugin-transform-arrow-functions set size:undefined disposed:false
1911 http fetch GET 200 https://registry.npmjs.org/@babel%2fplugin-transform-numeric-separator 128ms (cache miss)
1912 silly packumentCache full:https://registry.npmjs.org/@babel%2fplugin-transform-numeric-separator set size:undefined disposed:false
1913 http fetch GET 200 https://registry.npmjs.org/@babel%2fplugin-transform-react-jsx-source 139ms (cache miss)
1914 silly packumentCache full:https://registry.npmjs.org/@babel%2fplugin-transform-react-jsx-source set size:undefined disposed:false
1915 http fetch GET 200 https://registry.npmjs.org/@react-native%2fbabel-plugin-codegen 251ms (cache miss)
1916 silly packumentCache full:https://registry.npmjs.org/@react-native%2fbabel-plugin-codegen set size:undefined disposed:false
1917 http fetch GET 200 https://registry.npmjs.org/@babel%2fplugin-transform-async-to-generator 138ms (cache miss)
1918 silly packumentCache full:https://registry.npmjs.org/@babel%2fplugin-transform-async-to-generator set size:undefined disposed:false
1919 http cache https://registry.npmjs.org/@babel%2fplugin-syntax-flow 34ms (cache hit)
1920 silly packumentCache full:https://registry.npmjs.org/@babel%2fplugin-syntax-flow set size:192800 disposed:false
1921 http fetch GET 200 https://registry.npmjs.org/@babel%2fplugin-transform-optional-catch-binding 109ms (cache miss)
1922 silly packumentCache full:https://registry.npmjs.org/@babel%2fplugin-transform-optional-catch-binding set size:undefined disposed:false
1923 http fetch GET 200 https://registry.npmjs.org/@babel%2fplugin-transform-computed-properties 143ms (cache miss)
1924 silly packumentCache full:https://registry.npmjs.org/@babel%2fplugin-transform-computed-properties set size:undefined disposed:false
1925 http fetch GET 200 https://registry.npmjs.org/@babel%2fplugin-syntax-nullish-coalescing-operator 111ms (cache miss)
1926 silly packumentCache full:https://registry.npmjs.org/@babel%2fplugin-syntax-nullish-coalescing-operator set size:undefined disposed:false
1927 http fetch GET 200 https://registry.npmjs.org/@babel%2fplugin-transform-nullish-coalescing-operator 85ms (cache miss)
1928 silly packumentCache full:https://registry.npmjs.org/@babel%2fplugin-transform-nullish-coalescing-operator set size:undefined disposed:false
1929 http fetch GET 200 https://registry.npmjs.org/@babel%2fplugin-transform-shorthand-properties 125ms (cache miss)
1930 silly packumentCache full:https://registry.npmjs.org/@babel%2fplugin-transform-shorthand-properties set size:undefined disposed:false
1931 http fetch GET 200 https://registry.npmjs.org/@babel%2fplugin-transform-logical-assignment-operators 91ms (cache miss)
1932 silly packumentCache full:https://registry.npmjs.org/@babel%2fplugin-transform-logical-assignment-operators set size:undefined disposed:false
1933 http fetch GET 200 https://registry.npmjs.org/@babel%2fplugin-transform-named-capturing-groups-regex 90ms (cache miss)
1934 silly packumentCache full:https://registry.npmjs.org/@babel%2fplugin-transform-named-capturing-groups-regex set size:undefined disposed:false
1935 http fetch GET 200 https://registry.npmjs.org/@babel%2fplugin-transform-optional-chaining 223ms (cache miss)
1936 silly packumentCache full:https://registry.npmjs.org/@babel%2fplugin-transform-optional-chaining set size:undefined disposed:false
1937 http fetch GET 200 https://registry.npmjs.org/@babel%2fplugin-transform-async-generator-functions 253ms (cache miss)
1938 silly packumentCache full:https://registry.npmjs.org/@babel%2fplugin-transform-async-generator-functions set size:undefined disposed:false
1939 silly placeDep ROOT @babel/helper-create-class-features-plugin@7.29.3 OK for: @babel/plugin-proposal-decorators@7.29.0 want: ^7.28.6
1940 silly placeDep ROOT @babel/plugin-syntax-decorators@7.28.6 OK for: @babel/plugin-proposal-decorators@7.29.0 want: ^7.28.6
1941 silly fetch manifest @babel/helper-replace-supers@^7.28.6
1942 silly packumentCache full:https://registry.npmjs.org/@babel%2fhelper-replace-supers cache-miss
1943 silly fetch manifest @babel/helper-optimise-call-expression@^7.27.1
1944 silly packumentCache full:https://registry.npmjs.org/@babel%2fhelper-optimise-call-expression cache-miss
1945 silly fetch manifest @babel/helper-member-expression-to-functions@^7.28.5
1946 silly packumentCache full:https://registry.npmjs.org/@babel%2fhelper-member-expression-to-functions cache-miss
1947 silly fetch manifest @babel/helper-skip-transparent-expression-wrappers@^7.27.1
1948 silly packumentCache full:https://registry.npmjs.org/@babel%2fhelper-skip-transparent-expression-wrappers cache-miss
1949 http fetch GET 200 https://registry.npmjs.org/@babel%2fhelper-skip-transparent-expression-wrappers 106ms (cache miss)
1950 silly packumentCache full:https://registry.npmjs.org/@babel%2fhelper-skip-transparent-expression-wrappers set size:undefined disposed:false
1951 http fetch GET 200 https://registry.npmjs.org/@babel%2fhelper-replace-supers 109ms (cache miss)
1952 silly packumentCache full:https://registry.npmjs.org/@babel%2fhelper-replace-supers set size:undefined disposed:false
1953 http fetch GET 200 https://registry.npmjs.org/@babel%2fhelper-optimise-call-expression 112ms (cache miss)
1954 silly packumentCache full:https://registry.npmjs.org/@babel%2fhelper-optimise-call-expression set size:undefined disposed:false
1955 http fetch GET 200 https://registry.npmjs.org/@babel%2fhelper-member-expression-to-functions 115ms (cache miss)
1956 silly packumentCache full:https://registry.npmjs.org/@babel%2fhelper-member-expression-to-functions set size:undefined disposed:false
1957 silly placeDep ROOT @babel/helper-annotate-as-pure@7.27.3 OK for: @babel/helper-create-class-features-plugin@7.29.3 want: ^7.27.3
1958 silly placeDep ROOT @babel/helper-member-expression-to-functions@7.28.5 OK for: @babel/helper-create-class-features-plugin@7.29.3 want: ^7.28.5
1959 silly placeDep ROOT @babel/helper-optimise-call-expression@7.27.1 OK for: @babel/helper-create-class-features-plugin@7.29.3 want: ^7.27.1
1960 silly placeDep ROOT @babel/helper-replace-supers@7.28.6 OK for: @babel/helper-create-class-features-plugin@7.29.3 want: ^7.28.6
1961 silly placeDep ROOT @babel/helper-skip-transparent-expression-wrappers@7.27.1 OK for: @babel/helper-create-class-features-plugin@7.29.3 want: ^7.27.1
1962 silly placeDep node_modules/@babel/helper-create-class-features-plugin semver@6.3.1 OK for: @babel/helper-create-class-features-plugin@7.29.3 want: ^6.3.1
1963 silly placeDep ROOT @babel/plugin-syntax-flow@7.28.6 OK for: @babel/plugin-transform-flow-strip-types@7.27.1 want: ^7.27.1
1964 silly placeDep ROOT @babel/plugin-transform-destructuring@7.28.5 OK for: @babel/plugin-transform-object-rest-spread@7.28.6 want: ^7.28.5
1965 silly placeDep ROOT babel-plugin-polyfill-corejs2@0.4.17 OK for: @babel/plugin-transform-runtime@7.29.0 want: ^0.4.14
1966 silly placeDep ROOT babel-plugin-polyfill-corejs3@0.13.0 OK for: @babel/plugin-transform-runtime@7.29.0 want: ^0.13.0
1967 silly placeDep ROOT babel-plugin-polyfill-regenerator@0.6.8 OK for: @babel/plugin-transform-runtime@7.29.0 want: ^0.6.5
1968 silly placeDep node_modules/@babel/plugin-transform-runtime semver@6.3.1 OK for: @babel/plugin-transform-runtime@7.29.0 want: ^6.3.1
1969 silly fetch manifest @babel/helper-define-polyfill-provider@^0.6.8
1970 silly packumentCache full:https://registry.npmjs.org/@babel%2fhelper-define-polyfill-provider cache-miss
1971 silly fetch manifest core-js-compat@^3.43.0
1972 silly packumentCache full:https://registry.npmjs.org/core-js-compat cache-miss
1973 silly fetch manifest @babel/helper-define-polyfill-provider@^0.6.5
1974 silly packumentCache full:https://registry.npmjs.org/@babel%2fhelper-define-polyfill-provider cache-miss
1975 silly fetch manifest @babel/helper-define-polyfill-provider@^0.6.8
1976 silly packumentCache full:https://registry.npmjs.org/@babel%2fhelper-define-polyfill-provider cache-miss
1977 http fetch GET 200 https://registry.npmjs.org/@babel%2fhelper-define-polyfill-provider 87ms (cache miss)
1978 silly packumentCache full:https://registry.npmjs.org/@babel%2fhelper-define-polyfill-provider set size:undefined disposed:false
1979 http fetch GET 200 https://registry.npmjs.org/@babel%2fhelper-define-polyfill-provider 89ms (cache miss)
1980 silly packumentCache full:https://registry.npmjs.org/@babel%2fhelper-define-polyfill-provider set size:undefined disposed:false
1981 http fetch GET 200 https://registry.npmjs.org/@babel%2fhelper-define-polyfill-provider 95ms (cache miss)
1982 silly packumentCache full:https://registry.npmjs.org/@babel%2fhelper-define-polyfill-provider set size:undefined disposed:false
1983 http fetch GET 200 https://registry.npmjs.org/core-js-compat 96ms (cache miss)
1984 silly packumentCache full:https://registry.npmjs.org/core-js-compat set size:undefined disposed:false
1985 silly placeDep ROOT @babel/plugin-transform-react-display-name@7.28.0 OK for: @babel/preset-react@7.28.5 want: ^7.28.0
1986 silly placeDep ROOT @babel/plugin-transform-react-jsx@7.28.6 OK for: @babel/preset-react@7.28.5 want: ^7.27.1
1987 silly placeDep ROOT @babel/plugin-transform-react-jsx-development@7.27.1 OK for: @babel/preset-react@7.28.5 want: ^7.27.1
1988 silly placeDep ROOT @babel/plugin-transform-react-pure-annotations@7.27.1 OK for: @babel/preset-react@7.28.5 want: ^7.27.1
1989 silly fetch manifest @babel/plugin-syntax-jsx@^7.28.6
1990 silly packumentCache full:https://registry.npmjs.org/@babel%2fplugin-syntax-jsx cache-miss
1991 http cache https://registry.npmjs.org/@babel%2fplugin-syntax-jsx 4ms (cache hit)
1992 silly packumentCache full:https://registry.npmjs.org/@babel%2fplugin-syntax-jsx set size:186824 disposed:false
1993 silly placeDep ROOT @babel/plugin-syntax-jsx@7.28.6 OK for: @babel/plugin-transform-react-jsx@7.28.6 want: ^7.28.6
1994 silly placeDep ROOT @babel/plugin-transform-typescript@7.28.6 OK for: @babel/preset-typescript@7.28.5 want: ^7.28.5
1995 silly fetch manifest @babel/plugin-syntax-typescript@^7.28.6
1996 silly packumentCache full:https://registry.npmjs.org/@babel%2fplugin-syntax-typescript cache-miss
1997 http fetch GET 200 https://registry.npmjs.org/@babel%2fplugin-syntax-typescript 93ms (cache miss)
1998 silly packumentCache full:https://registry.npmjs.org/@babel%2fplugin-syntax-typescript set size:undefined disposed:false
1999 silly placeDep ROOT @babel/plugin-syntax-typescript@7.28.6 OK for: @babel/plugin-transform-typescript@7.28.6 want: ^7.28.6
2000 silly placeDep ROOT @babel/plugin-syntax-dynamic-import@7.8.3 OK for: @react-native/babel-preset@0.83.6 want: ^7.8.3
2001 silly placeDep ROOT @babel/plugin-syntax-nullish-coalescing-operator@7.8.3 OK for: @react-native/babel-preset@0.83.6 want: ^7.8.3
2002 silly placeDep ROOT @babel/plugin-syntax-optional-chaining@7.8.3 OK for: @react-native/babel-preset@0.83.6 want: ^7.8.3
2003 silly placeDep ROOT @babel/plugin-transform-arrow-functions@7.27.1 OK for: @react-native/babel-preset@0.83.6 want: ^7.24.7
2004 silly placeDep ROOT @babel/plugin-transform-async-generator-functions@7.29.0 OK for: @react-native/babel-preset@0.83.6 want: ^7.25.4
2005 silly placeDep ROOT @babel/plugin-transform-async-to-generator@7.28.6 OK for: @react-native/babel-preset@0.83.6 want: ^7.24.7
2006 silly placeDep ROOT @babel/plugin-transform-block-scoping@7.28.6 OK for: @react-native/babel-preset@0.83.6 want: ^7.25.0
2007 silly placeDep ROOT @babel/plugin-transform-class-properties@7.28.6 OK for: @react-native/babel-preset@0.83.6 want: ^7.25.4
2008 silly placeDep ROOT @babel/plugin-transform-classes@7.28.6 OK for: @react-native/babel-preset@0.83.6 want: ^7.25.4
2009 silly placeDep ROOT @babel/plugin-transform-computed-properties@7.28.6 OK for: @react-native/babel-preset@0.83.6 want: ^7.24.7
2010 silly placeDep ROOT @babel/plugin-transform-for-of@7.27.1 OK for: @react-native/babel-preset@0.83.6 want: ^7.24.7
2011 silly placeDep ROOT @babel/plugin-transform-function-name@7.27.1 OK for: @react-native/babel-preset@0.83.6 want: ^7.25.1
2012 silly placeDep ROOT @babel/plugin-transform-literals@7.27.1 OK for: @react-native/babel-preset@0.83.6 want: ^7.25.2
2013 silly placeDep ROOT @babel/plugin-transform-logical-assignment-operators@7.28.6 OK for: @react-native/babel-preset@0.83.6 want: ^7.24.7
2014 silly placeDep ROOT @babel/plugin-transform-named-capturing-groups-regex@7.29.0 OK for: @react-native/babel-preset@0.83.6 want: ^7.24.7
2015 silly placeDep ROOT @babel/plugin-transform-nullish-coalescing-operator@7.28.6 OK for: @react-native/babel-preset@0.83.6 want: ^7.24.7
2016 silly placeDep ROOT @babel/plugin-transform-numeric-separator@7.28.6 OK for: @react-native/babel-preset@0.83.6 want: ^7.24.7
2017 silly placeDep ROOT @babel/plugin-transform-optional-catch-binding@7.28.6 OK for: @react-native/babel-preset@0.83.6 want: ^7.24.7
2018 silly placeDep ROOT @babel/plugin-transform-optional-chaining@7.28.6 OK for: @react-native/babel-preset@0.83.6 want: ^7.24.8
2019 silly placeDep ROOT @babel/plugin-transform-react-jsx-self@7.27.1 OK for: @react-native/babel-preset@0.83.6 want: ^7.24.7
2020 silly placeDep ROOT @babel/plugin-transform-react-jsx-source@7.27.1 OK for: @react-native/babel-preset@0.83.6 want: ^7.24.7
2021 silly placeDep ROOT @babel/plugin-transform-regenerator@7.29.0 OK for: @react-native/babel-preset@0.83.6 want: ^7.24.7
2022 silly placeDep ROOT @babel/plugin-transform-shorthand-properties@7.27.1 OK for: @react-native/babel-preset@0.83.6 want: ^7.24.7
2023 silly placeDep ROOT @babel/plugin-transform-spread@7.28.6 OK for: @react-native/babel-preset@0.83.6 want: ^7.24.7
2024 silly placeDep ROOT @babel/plugin-transform-sticky-regex@7.27.1 OK for: @react-native/babel-preset@0.83.6 want: ^7.24.7
2025 silly placeDep ROOT @babel/plugin-transform-unicode-regex@7.27.1 OK for: @react-native/babel-preset@0.83.6 want: ^7.24.7
2026 silly placeDep ROOT @react-native/babel-plugin-codegen@0.83.6 OK for: @react-native/babel-preset@0.83.6 want: 0.83.6
2027 silly placeDep node_modules/@react-native/babel-preset babel-plugin-syntax-hermes-parser@0.32.0 OK for: @react-native/babel-preset@0.83.6 want: 0.32.0
2028 silly fetch manifest @babel/helper-remap-async-to-generator@^7.27.1
2029 silly packumentCache full:https://registry.npmjs.org/@babel%2fhelper-remap-async-to-generator cache-miss
2030 silly fetch manifest @babel/helper-remap-async-to-generator@^7.27.1
2031 silly packumentCache full:https://registry.npmjs.org/@babel%2fhelper-remap-async-to-generator cache-miss
2032 silly fetch manifest @babel/helper-create-regexp-features-plugin@^7.28.5
2033 silly packumentCache full:https://registry.npmjs.org/@babel%2fhelper-create-regexp-features-plugin cache-miss
2034 silly fetch manifest @babel/helper-create-regexp-features-plugin@^7.27.1
2035 silly packumentCache full:https://registry.npmjs.org/@babel%2fhelper-create-regexp-features-plugin cache-miss
2036 silly fetch manifest @react-native/codegen@0.83.6
2037 silly packumentCache full:https://registry.npmjs.org/@react-native%2fcodegen cache-miss
2038 silly fetch manifest hermes-parser@0.32.0
2039 silly packumentCache full:https://registry.npmjs.org/hermes-parser cache-hit
2040 http cache https://registry.npmjs.org/@react-native%2fcodegen 19ms (cache hit)
2041 silly packumentCache full:https://registry.npmjs.org/@react-native%2fcodegen set size:2836748 disposed:false
2042 http fetch GET 200 https://registry.npmjs.org/@babel%2fhelper-create-regexp-features-plugin 69ms (cache miss)
2043 silly packumentCache full:https://registry.npmjs.org/@babel%2fhelper-create-regexp-features-plugin set size:undefined disposed:false
2044 http fetch GET 200 https://registry.npmjs.org/@babel%2fhelper-remap-async-to-generator 95ms (cache miss)
2045 silly packumentCache full:https://registry.npmjs.org/@babel%2fhelper-remap-async-to-generator set size:undefined disposed:false
2046 http fetch GET 200 https://registry.npmjs.org/@babel%2fhelper-create-regexp-features-plugin 104ms (cache miss)
2047 silly packumentCache full:https://registry.npmjs.org/@babel%2fhelper-create-regexp-features-plugin set size:undefined disposed:false
2048 http fetch GET 200 https://registry.npmjs.org/@babel%2fhelper-remap-async-to-generator 107ms (cache miss)
2049 silly packumentCache full:https://registry.npmjs.org/@babel%2fhelper-remap-async-to-generator set size:undefined disposed:false
2050 silly placeDep ROOT @babel/helper-remap-async-to-generator@7.27.1 OK for: @babel/plugin-transform-async-generator-functions@7.29.0 want: ^7.27.1
2051 silly fetch manifest @babel/helper-wrap-function@^7.27.1
2052 silly packumentCache full:https://registry.npmjs.org/@babel%2fhelper-wrap-function cache-miss
2053 http fetch GET 200 https://registry.npmjs.org/@babel%2fhelper-wrap-function 75ms (cache miss)
2054 silly packumentCache full:https://registry.npmjs.org/@babel%2fhelper-wrap-function set size:undefined disposed:false
2055 silly placeDep ROOT @babel/helper-wrap-function@7.28.6 OK for: @babel/helper-remap-async-to-generator@7.27.1 want: ^7.27.1
2056 silly placeDep ROOT @babel/helper-create-regexp-features-plugin@7.28.5 OK for: @babel/plugin-transform-named-capturing-groups-regex@7.29.0 want: ^7.28.5
2057 silly fetch manifest regexpu-core@^6.3.1
2058 silly packumentCache full:https://registry.npmjs.org/regexpu-core cache-miss
2059 http fetch GET 200 https://registry.npmjs.org/regexpu-core 75ms (cache miss)
2060 silly packumentCache full:https://registry.npmjs.org/regexpu-core set size:undefined disposed:false
2061 silly placeDep ROOT regexpu-core@6.4.0 OK for: @babel/helper-create-regexp-features-plugin@7.28.5 want: ^6.3.1
2062 silly placeDep node_modules/@babel/helper-create-regexp-features-plugin semver@6.3.1 OK for: @babel/helper-create-regexp-features-plugin@7.28.5 want: ^6.3.1
2063 silly fetch manifest regenerate@^1.4.2
2064 silly packumentCache full:https://registry.npmjs.org/regenerate cache-miss
2065 silly fetch manifest regenerate-unicode-properties@^10.2.2
2066 silly packumentCache full:https://registry.npmjs.org/regenerate-unicode-properties cache-miss
2067 silly fetch manifest regjsgen@^0.8.0
2068 silly packumentCache full:https://registry.npmjs.org/regjsgen cache-miss
2069 silly fetch manifest regjsparser@^0.13.0
2070 silly packumentCache full:https://registry.npmjs.org/regjsparser cache-miss
2071 silly fetch manifest unicode-match-property-ecmascript@^2.0.0
2072 silly packumentCache full:https://registry.npmjs.org/unicode-match-property-ecmascript cache-miss
2073 silly fetch manifest unicode-match-property-value-ecmascript@^2.2.1
2074 silly packumentCache full:https://registry.npmjs.org/unicode-match-property-value-ecmascript cache-miss
2075 http fetch GET 200 https://registry.npmjs.org/regenerate 49ms (cache miss)
2076 silly packumentCache full:https://registry.npmjs.org/regenerate set size:undefined disposed:false
2077 http fetch GET 200 https://registry.npmjs.org/regjsgen 66ms (cache miss)
2078 silly packumentCache full:https://registry.npmjs.org/regjsgen set size:undefined disposed:false
2079 http fetch GET 200 https://registry.npmjs.org/unicode-match-property-ecmascript 66ms (cache miss)
2080 silly packumentCache full:https://registry.npmjs.org/unicode-match-property-ecmascript set size:undefined disposed:false
2081 http fetch GET 200 https://registry.npmjs.org/unicode-match-property-value-ecmascript 66ms (cache miss)
2082 silly packumentCache full:https://registry.npmjs.org/unicode-match-property-value-ecmascript set size:undefined disposed:false
2083 http fetch GET 200 https://registry.npmjs.org/regenerate-unicode-properties 69ms (cache miss)
2084 silly packumentCache full:https://registry.npmjs.org/regenerate-unicode-properties set size:undefined disposed:false
2085 http fetch GET 200 https://registry.npmjs.org/regjsparser 70ms (cache miss)
2086 silly packumentCache full:https://registry.npmjs.org/regjsparser set size:undefined disposed:false
2087 silly placeDep ROOT @react-native/codegen@0.83.6 OK for: @react-native/babel-plugin-codegen@0.83.6 want: 0.83.6
2088 silly fetch manifest glob@^7.1.1
2089 silly packumentCache full:https://registry.npmjs.org/glob cache-miss
2090 http cache https://registry.npmjs.org/glob 5ms (cache hit)
2091 silly packumentCache full:https://registry.npmjs.org/glob set size:469465 disposed:false
2092 silly placeDep node_modules/@react-native/codegen glob@7.2.3 OK for: @react-native/codegen@0.83.6 want: ^7.1.1
2093 silly placeDep node_modules/@react-native/codegen hermes-parser@0.32.0 OK for: @react-native/codegen@0.83.6 want: 0.32.0
2094 silly placeDep ROOT yargs@17.7.2 OK for: @react-native/codegen@0.83.6 want: ^17.6.2
2095 silly fetch manifest once@^1.3.0
2096 silly packumentCache full:https://registry.npmjs.org/once cache-miss
2097 silly fetch manifest inflight@^1.0.4
2098 silly packumentCache full:https://registry.npmjs.org/inflight cache-miss
2099 silly fetch manifest inherits@2
2100 silly packumentCache full:https://registry.npmjs.org/inherits cache-miss
2101 silly fetch manifest minimatch@^3.1.1
2102 silly packumentCache full:https://registry.npmjs.org/minimatch cache-miss
2103 silly fetch manifest fs.realpath@^1.0.0
2104 silly packumentCache full:https://registry.npmjs.org/fs.realpath cache-miss
2105 silly fetch manifest path-is-absolute@^1.0.0
2106 silly packumentCache full:https://registry.npmjs.org/path-is-absolute cache-miss
2107 silly fetch manifest hermes-estree@0.32.0
2108 silly packumentCache full:https://registry.npmjs.org/hermes-estree cache-miss
2109 silly fetch manifest y18n@^5.0.5
2110 silly packumentCache full:https://registry.npmjs.org/y18n cache-miss
2111 silly fetch manifest cliui@^8.0.1
2112 silly packumentCache full:https://registry.npmjs.org/cliui cache-miss
2113 silly fetch manifest escalade@^3.1.1
2114 silly packumentCache full:https://registry.npmjs.org/escalade cache-miss
2115 silly fetch manifest string-width@^4.2.3
2116 silly packumentCache full:https://registry.npmjs.org/string-width cache-miss
2117 silly fetch manifest yargs-parser@^21.1.1
2118 silly packumentCache full:https://registry.npmjs.org/yargs-parser cache-miss
2119 silly fetch manifest get-caller-file@^2.0.5
2120 silly packumentCache full:https://registry.npmjs.org/get-caller-file cache-miss
2121 silly fetch manifest require-directory@^2.1.1
2122 silly packumentCache full:https://registry.npmjs.org/require-directory cache-miss
2123 http cache https://registry.npmjs.org/string-width 17ms (cache hit)
2124 silly packumentCache full:https://registry.npmjs.org/string-width set size:70381 disposed:false
2125 http cache https://registry.npmjs.org/minimatch 22ms (cache hit)
2126 silly packumentCache full:https://registry.npmjs.org/minimatch set size:375282 disposed:false
2127 http cache https://registry.npmjs.org/hermes-estree 26ms (cache hit)
2128 silly packumentCache full:https://registry.npmjs.org/hermes-estree set size:130205 disposed:false
2129 http fetch GET 200 https://registry.npmjs.org/once 64ms (cache miss)
2130 silly packumentCache full:https://registry.npmjs.org/once set size:undefined disposed:false
2131 http fetch GET 200 https://registry.npmjs.org/get-caller-file 59ms (cache miss)
2132 silly packumentCache full:https://registry.npmjs.org/get-caller-file set size:undefined disposed:false
2133 http fetch GET 200 https://registry.npmjs.org/inherits 65ms (cache miss)
2134 silly packumentCache full:https://registry.npmjs.org/inherits set size:undefined disposed:false
2135 http fetch GET 200 https://registry.npmjs.org/fs.realpath 65ms (cache miss)
2136 silly packumentCache full:https://registry.npmjs.org/fs.realpath set size:undefined disposed:false
2137 http fetch GET 200 https://registry.npmjs.org/escalade 65ms (cache miss)
2138 silly packumentCache full:https://registry.npmjs.org/escalade set size:undefined disposed:false
2139 http fetch GET 200 https://registry.npmjs.org/inflight 76ms (cache miss)
2140 silly packumentCache full:https://registry.npmjs.org/inflight set size:undefined disposed:false
2141 http fetch GET 200 https://registry.npmjs.org/require-directory 70ms (cache miss)
2142 silly packumentCache full:https://registry.npmjs.org/require-directory set size:undefined disposed:false
2143 http fetch GET 200 https://registry.npmjs.org/path-is-absolute 77ms (cache miss)
2144 silly packumentCache full:https://registry.npmjs.org/path-is-absolute set size:undefined disposed:false
2145 http fetch GET 200 https://registry.npmjs.org/cliui 79ms (cache miss)
2146 silly packumentCache full:https://registry.npmjs.org/cliui set size:undefined disposed:false
2147 http fetch GET 200 https://registry.npmjs.org/y18n 86ms (cache miss)
2148 silly packumentCache full:https://registry.npmjs.org/y18n set size:undefined disposed:false
2149 http fetch GET 200 https://registry.npmjs.org/yargs-parser 89ms (cache miss)
2150 silly packumentCache full:https://registry.npmjs.org/yargs-parser set size:undefined disposed:false
2151 silly fetch manifest @babel/core@^7.4.0 || ^8.0.0-0 <8.0.0
2152 silly packumentCache full:https://registry.npmjs.org/@babel%2fcore cache-hit
2153 silly placeDep ROOT @babel/helper-define-polyfill-provider@0.6.8 OK for: babel-plugin-polyfill-corejs2@0.4.17 want: ^0.6.8
2154 silly placeDep node_modules/babel-plugin-polyfill-corejs2 semver@6.3.1 OK for: babel-plugin-polyfill-corejs2@0.4.17 want: ^6.3.1
2155 silly fetch manifest resolve@^1.22.11
2156 silly packumentCache full:https://registry.npmjs.org/resolve cache-miss
2157 silly fetch manifest lodash.debounce@^4.0.8
2158 silly packumentCache full:https://registry.npmjs.org/lodash.debounce cache-miss
2159 http fetch GET 200 https://registry.npmjs.org/resolve 54ms (cache miss)
2160 silly packumentCache full:https://registry.npmjs.org/resolve set size:undefined disposed:false
2161 http fetch GET 200 https://registry.npmjs.org/lodash.debounce 59ms (cache miss)
2162 silly packumentCache full:https://registry.npmjs.org/lodash.debounce set size:undefined disposed:false
2163 silly placeDep ROOT lodash.debounce@4.0.8 OK for: @babel/helper-define-polyfill-provider@0.6.8 want: ^4.0.8
2164 silly placeDep ROOT resolve@1.22.12 OK for: @babel/helper-define-polyfill-provider@0.6.8 want: ^1.22.11
2165 silly fetch manifest es-errors@^1.3.0
2166 silly packumentCache full:https://registry.npmjs.org/es-errors cache-miss
2167 silly fetch manifest path-parse@^1.0.7
2168 silly packumentCache full:https://registry.npmjs.org/path-parse cache-miss
2169 silly fetch manifest is-core-module@^2.16.1
2170 silly packumentCache full:https://registry.npmjs.org/is-core-module cache-miss
2171 silly fetch manifest supports-preserve-symlinks-flag@^1.0.0
2172 silly packumentCache full:https://registry.npmjs.org/supports-preserve-symlinks-flag cache-miss
2173 http fetch GET 200 https://registry.npmjs.org/es-errors 50ms (cache miss)
2174 silly packumentCache full:https://registry.npmjs.org/es-errors set size:undefined disposed:false
2175 http fetch GET 200 https://registry.npmjs.org/supports-preserve-symlinks-flag 57ms (cache miss)
2176 silly packumentCache full:https://registry.npmjs.org/supports-preserve-symlinks-flag set size:undefined disposed:false
2177 http fetch GET 200 https://registry.npmjs.org/is-core-module 59ms (cache miss)
2178 silly packumentCache full:https://registry.npmjs.org/is-core-module set size:undefined disposed:false
2179 http fetch GET 200 https://registry.npmjs.org/path-parse 67ms (cache miss)
2180 silly packumentCache full:https://registry.npmjs.org/path-parse set size:undefined disposed:false
2181 silly placeDep ROOT core-js-compat@3.49.0 OK for: babel-plugin-polyfill-corejs3@0.13.0 want: ^3.43.0
2182 silly placeDep node_modules/better-opn open@8.4.2 OK for: better-opn@3.0.2 want: ^8.0.4
2183 silly fetch manifest is-docker@^2.1.1
2184 silly packumentCache full:https://registry.npmjs.org/is-docker cache-miss
2185 silly fetch manifest define-lazy-prop@^2.0.0
2186 silly packumentCache full:https://registry.npmjs.org/define-lazy-prop cache-miss
2187 http cache https://registry.npmjs.org/is-docker 5ms (cache hit)
2188 silly packumentCache full:https://registry.npmjs.org/is-docker set size:23690 disposed:false
2189 http fetch GET 200 https://registry.npmjs.org/define-lazy-prop 46ms (cache miss)
2190 silly packumentCache full:https://registry.npmjs.org/define-lazy-prop set size:undefined disposed:false
2191 silly placeDep ROOT stream-buffers@2.2.0 OK for: bplist-creator@0.1.0 want: 2.2.x
2192 silly placeDep ROOT big-integer@1.6.52 OK for: bplist-parser@0.3.2 want: 1.6.x
2193 silly fetch manifest browserslist@>= 4.21.0
2194 silly packumentCache full:https://registry.npmjs.org/browserslist cache-miss
2195 http cache https://registry.npmjs.org/browserslist 5ms (cache hit)
2196 silly packumentCache full:https://registry.npmjs.org/browserslist set size:504681 disposed:false
2197 silly placeDep ROOT baseline-browser-mapping@2.10.31 OK for: browserslist@4.28.2 want: ^2.10.12
2198 silly placeDep ROOT caniuse-lite@1.0.30001793 OK for: browserslist@4.28.2 want: ^1.0.30001782
2199 silly placeDep ROOT electron-to-chromium@1.5.360 OK for: browserslist@4.28.2 want: ^1.5.328
2200 silly placeDep ROOT node-releases@2.0.44 OK for: browserslist@4.28.2 want: ^2.0.36
2201 silly placeDep ROOT update-browserslist-db@1.2.3 OK for: browserslist@4.28.2 want: ^1.2.3
2202 silly fetch manifest escalade@^3.2.0
2203 silly packumentCache full:https://registry.npmjs.org/escalade cache-miss
2204 http cache https://registry.npmjs.org/escalade 5ms (cache hit)
2205 silly packumentCache full:https://registry.npmjs.org/escalade set size:33724 disposed:false
2206 silly placeDep ROOT ansi-styles@4.3.0 OK for: chalk@4.1.2 want: ^4.1.0
2207 silly placeDep ROOT supports-color@7.2.0 OK for: chalk@4.1.2 want: ^7.1.0
2208 silly fetch manifest color-convert@^2.0.1
2209 silly packumentCache full:https://registry.npmjs.org/color-convert cache-miss
2210 silly fetch manifest has-flag@^4.0.0
2211 silly packumentCache full:https://registry.npmjs.org/has-flag cache-miss
2212 http fetch GET 200 https://registry.npmjs.org/color-convert 52ms (cache miss)
2213 silly packumentCache full:https://registry.npmjs.org/color-convert set size:undefined disposed:false
2214 http fetch GET 200 https://registry.npmjs.org/has-flag 55ms (cache miss)
2215 silly packumentCache full:https://registry.npmjs.org/has-flag set size:undefined disposed:false
2216 silly placeDep ROOT color-convert@2.0.1 OK for: ansi-styles@4.3.0 want: ^2.0.1
2217 silly fetch manifest color-name@~1.1.4
2218 silly packumentCache full:https://registry.npmjs.org/color-name cache-miss
2219 http fetch GET 200 https://registry.npmjs.org/color-name 56ms (cache miss)
2220 silly packumentCache full:https://registry.npmjs.org/color-name set size:undefined disposed:false
2221 silly placeDep ROOT @types/node@25.9.1 OK for: chrome-launcher@0.15.2 want: *
2222 silly placeDep ROOT escape-string-regexp@4.0.0 OK for: chrome-launcher@0.15.2 want: ^4.0.0
2223 silly placeDep ROOT is-wsl@2.2.0 OK for: chrome-launcher@0.15.2 want: ^2.2.0
2224 silly placeDep ROOT lighthouse-logger@1.4.2 OK for: chrome-launcher@0.15.2 want: ^1.0.0
2225 silly fetch manifest undici-types@>=7.24.0 <7.24.7
2226 silly packumentCache full:https://registry.npmjs.org/undici-types cache-miss
2227 silly fetch manifest debug@^2.6.9
2228 silly packumentCache full:https://registry.npmjs.org/debug cache-hit
2229 silly fetch manifest marky@^1.2.2
2230 silly packumentCache full:https://registry.npmjs.org/marky cache-miss
2231 http fetch GET 200 https://registry.npmjs.org/undici-types 66ms (cache miss)
2232 silly packumentCache full:https://registry.npmjs.org/undici-types set size:undefined disposed:false
2233 http fetch GET 200 https://registry.npmjs.org/marky 75ms (cache miss)
2234 silly packumentCache full:https://registry.npmjs.org/marky set size:undefined disposed:false
2235 silly placeDep ROOT undici-types@7.24.6 OK for: @types/node@25.9.1 want: >=7.24.0 <7.24.7
2236 silly placeDep ROOT mkdirp@1.0.4 OK for: chromium-edge-launcher@0.2.0 want: ^1.0.4
2237 silly placeDep ROOT rimraf@3.0.2 OK for: chromium-edge-launcher@0.2.0 want: ^3.0.2
2238 silly fetch manifest glob@^7.1.3
2239 silly packumentCache full:https://registry.npmjs.org/glob cache-hit
2240 silly placeDep ROOT color-name@1.1.4 OK for: color-convert@2.0.1 want: ~1.1.4
2241 silly placeDep ROOT bytes@3.1.2 OK for: compression@1.8.1 want: 3.1.2
2242 silly placeDep ROOT compressible@2.0.18 OK for: compression@1.8.1 want: ~2.0.18
2243 silly placeDep node_modules/compression debug@2.6.9 OK for: compression@1.8.1 want: 2.6.9
2244 silly placeDep node_modules/compression negotiator@0.6.4 OK for: compression@1.8.1 want: ~0.6.4
2245 silly placeDep ROOT on-headers@1.1.0 OK for: compression@1.8.1 want: ~1.1.0
2246 silly placeDep ROOT safe-buffer@5.2.1 OK for: compression@1.8.1 want: 5.2.1
2247 silly placeDep ROOT vary@1.1.2 OK for: compression@1.8.1 want: ~1.1.2
2248 silly fetch manifest mime-db@>= 1.43.0 < 2
2249 silly packumentCache full:https://registry.npmjs.org/mime-db cache-miss
2250 silly fetch manifest ms@2.0.0
2251 silly packumentCache full:https://registry.npmjs.org/ms cache-hit
2252 http cache https://registry.npmjs.org/mime-db 12ms (cache hit)
2253 silly packumentCache full:https://registry.npmjs.org/mime-db set size:164953 disposed:false
2254 silly placeDep ROOT mime-db@1.54.0 OK for: compressible@2.0.18 want: >= 1.43.0 < 2
2255 silly placeDep node_modules/connect debug@2.6.9 OK for: connect@3.7.0 want: 2.6.9
2256 silly placeDep ROOT finalhandler@1.1.2 OK for: connect@3.7.0 want: 1.1.2
2257 silly placeDep ROOT parseurl@1.3.3 OK for: connect@3.7.0 want: ~1.3.3
2258 silly placeDep ROOT utils-merge@1.0.1 OK for: connect@3.7.0 want: 1.0.1
2259 silly fetch manifest unpipe@~1.0.0
2260 silly packumentCache full:https://registry.npmjs.org/unpipe cache-miss
2261 silly fetch manifest statuses@~1.5.0
2262 silly packumentCache full:https://registry.npmjs.org/statuses cache-miss
2263 silly fetch manifest encodeurl@~1.0.2
2264 silly packumentCache full:https://registry.npmjs.org/encodeurl cache-miss
2265 silly fetch manifest on-finished@~2.3.0
2266 silly packumentCache full:https://registry.npmjs.org/on-finished cache-miss
2267 http cache https://registry.npmjs.org/statuses 6ms (cache hit)
2268 silly packumentCache full:https://registry.npmjs.org/statuses set size:37117 disposed:false
2269 http cache https://registry.npmjs.org/on-finished 8ms (cache hit)
2270 silly packumentCache full:https://registry.npmjs.org/on-finished set size:23212 disposed:false
2271 http cache https://registry.npmjs.org/encodeurl 10ms (cache hit)
2272 silly packumentCache full:https://registry.npmjs.org/encodeurl set size:12296 disposed:false
2273 http fetch GET 200 https://registry.npmjs.org/unpipe 71ms (cache miss)
2274 silly packumentCache full:https://registry.npmjs.org/unpipe set size:undefined disposed:false
2275 silly placeDep ROOT path-key@3.1.1 OK for: cross-spawn@7.0.6 want: ^3.1.0
2276 silly placeDep ROOT shebang-command@2.0.0 OK for: cross-spawn@7.0.6 want: ^2.0.0
2277 silly placeDep ROOT which@2.0.2 OK for: cross-spawn@7.0.6 want: ^2.0.1
2278 silly fetch manifest shebang-regex@^3.0.0
2279 silly packumentCache full:https://registry.npmjs.org/shebang-regex cache-miss
2280 silly fetch manifest isexe@^2.0.0
2281 silly packumentCache full:https://registry.npmjs.org/isexe cache-miss
2282 http fetch GET 200 https://registry.npmjs.org/isexe 62ms (cache miss)
2283 silly packumentCache full:https://registry.npmjs.org/isexe set size:undefined disposed:false
2284 http fetch GET 200 https://registry.npmjs.org/shebang-regex 63ms (cache miss)
2285 silly packumentCache full:https://registry.npmjs.org/shebang-regex set size:undefined disposed:false
2286 silly placeDep ROOT ms@2.1.3 OK for: debug@4.4.3 want: ^2.1.3
2287 silly placeDep ROOT fontfaceobserver@2.3.0 OK for: expo-font@55.0.8 want: ^2.1.0
2288 silly placeDep ROOT commander@7.2.0 OK for: expo-modules-autolinking@55.0.23 want: ^7.2.0
2289 silly placeDep node_modules/finalhandler debug@2.6.9 OK for: finalhandler@1.1.2 want: 2.6.9
2290 silly placeDep ROOT encodeurl@1.0.2 OK for: finalhandler@1.1.2 want: ~1.0.2
2291 silly placeDep ROOT escape-html@1.0.3 OK for: finalhandler@1.1.2 want: ~1.0.3
2292 silly placeDep ROOT on-finished@2.3.0 OK for: finalhandler@1.1.2 want: ~2.3.0
2293 silly placeDep ROOT statuses@1.5.0 OK for: finalhandler@1.1.2 want: ~1.5.0
2294 silly placeDep ROOT unpipe@1.0.0 OK for: finalhandler@1.1.2 want: ~1.0.0
2295 silly fetch manifest ee-first@1.1.1
2296 silly packumentCache full:https://registry.npmjs.org/ee-first cache-miss
2297 http fetch GET 200 https://registry.npmjs.org/ee-first 46ms (cache miss)
2298 silly packumentCache full:https://registry.npmjs.org/ee-first set size:undefined disposed:false
2299 silly placeDep ROOT minipass@7.1.3 OK for: glob@13.0.6 want: ^7.1.3
2300 silly placeDep ROOT path-scurry@2.0.2 OK for: glob@13.0.6 want: ^2.0.2
2301 silly fetch manifest lru-cache@^11.0.0
2302 silly packumentCache full:https://registry.npmjs.org/lru-cache cache-miss
2303 http cache https://registry.npmjs.org/lru-cache 5ms (cache hit)
2304 silly packumentCache full:https://registry.npmjs.org/lru-cache set size:451987 disposed:false
2305 silly placeDep ROOT hermes-estree@0.32.1 OK for: hermes-parser@0.32.1 want: 0.32.1
2306 silly placeDep ROOT loose-envify@1.4.0 OK for: invariant@2.2.4 want: ^1.0.0
2307 silly placeDep ROOT is-docker@2.2.1 OK for: is-wsl@2.2.0 want: ^2.0.0
2308 silly placeDep ROOT argparse@2.0.1 OK for: js-yaml@4.1.1 want: ^2.0.1
2309 silly placeDep node_modules/lighthouse-logger debug@2.6.9 OK for: lighthouse-logger@1.4.2 want: ^2.6.9
2310 silly placeDep ROOT marky@1.3.0 OK for: lighthouse-logger@1.4.2 want: ^1.2.2
2311 silly placeDep ROOT detect-libc@2.1.2 OK for: lightningcss@1.32.0 want: ^2.0.3
2312 silly placeDep ROOT lightningcss-android-arm64@1.32.0 OK for: lightningcss@1.32.0 want: 1.32.0
2313 silly placeDep ROOT lightningcss-darwin-arm64@1.32.0 OK for: lightningcss@1.32.0 want: 1.32.0
2314 silly placeDep ROOT lightningcss-darwin-x64@1.32.0 OK for: lightningcss@1.32.0 want: 1.32.0
2315 silly placeDep ROOT lightningcss-freebsd-x64@1.32.0 OK for: lightningcss@1.32.0 want: 1.32.0
2316 silly placeDep ROOT lightningcss-linux-arm-gnueabihf@1.32.0 OK for: lightningcss@1.32.0 want: 1.32.0
2317 silly placeDep ROOT lightningcss-linux-arm64-gnu@1.32.0 OK for: lightningcss@1.32.0 want: 1.32.0
2318 silly placeDep ROOT lightningcss-linux-arm64-musl@1.32.0 OK for: lightningcss@1.32.0 want: 1.32.0
2319 silly placeDep ROOT lightningcss-linux-x64-gnu@1.32.0 OK for: lightningcss@1.32.0 want: 1.32.0
2320 silly placeDep ROOT lightningcss-linux-x64-musl@1.32.0 OK for: lightningcss@1.32.0 want: 1.32.0
2321 silly placeDep ROOT lightningcss-win32-arm64-msvc@1.32.0 OK for: lightningcss@1.32.0 want: 1.32.0
2322 silly placeDep ROOT lightningcss-win32-x64-msvc@1.32.0 OK for: lightningcss@1.32.0 want: 1.32.0
2323 silly placeDep ROOT yallist@3.1.1 OK for: lru-cache@5.1.1 want: ^3.0.2
2324 silly placeDep node_modules/metro accepts@2.0.0 OK for: metro@0.83.7 want: ^2.0.0
2325 silly placeDep node_modules/metro ci-info@2.0.0 OK for: metro@0.83.7 want: ^2.0.0
2326 silly placeDep ROOT error-stack-parser@2.1.4 OK for: metro@0.83.7 want: ^2.0.6
2327 silly placeDep ROOT flow-enums-runtime@0.0.6 OK for: metro@0.83.7 want: ^0.0.6
2328 silly placeDep ROOT graceful-fs@4.2.11 OK for: metro@0.83.7 want: ^4.2.4
2329 silly placeDep node_modules/metro hermes-parser@0.35.0 OK for: metro@0.83.7 want: 0.35.0
2330 silly placeDep ROOT image-size@1.2.1 OK for: metro@0.83.7 want: ^1.0.2
2331 silly placeDep ROOT jest-worker@29.7.0 OK for: metro@0.83.7 want: ^29.7.0
2332 silly placeDep ROOT lodash.throttle@4.1.1 OK for: metro@0.83.7 want: ^4.1.1
2333 silly placeDep node_modules/metro mime-types@3.0.2 OK for: metro@0.83.7 want: ^3.0.1
2334 silly placeDep ROOT serialize-error@2.1.0 OK for: metro@0.83.7 want: ^2.1.0
2335 silly placeDep ROOT source-map@0.5.7 OK for: metro@0.83.7 want: ^0.5.6
2336 silly placeDep ROOT throat@5.0.0 OK for: metro@0.83.7 want: ^5.0.0
2337 silly placeDep node_modules/metro ws@7.5.10 OK for: metro@0.83.7 want: ^7.5.10
2338 silly fetch manifest mime-types@^3.0.0
2339 silly packumentCache full:https://registry.npmjs.org/mime-types cache-hit
2340 silly fetch manifest negotiator@^1.0.0
2341 silly packumentCache full:https://registry.npmjs.org/negotiator cache-miss
2342 silly fetch manifest stackframe@^1.3.4
2343 silly packumentCache full:https://registry.npmjs.org/stackframe cache-miss
2344 silly fetch manifest hermes-estree@0.35.0
2345 silly packumentCache full:https://registry.npmjs.org/hermes-estree cache-hit
2346 silly fetch manifest queue@6.0.2
2347 silly packumentCache full:https://registry.npmjs.org/queue cache-miss
2348 silly fetch manifest jest-util@^29.7.0
2349 silly packumentCache full:https://registry.npmjs.org/jest-util cache-miss
2350 silly fetch manifest merge-stream@^2.0.0
2351 silly packumentCache full:https://registry.npmjs.org/merge-stream cache-miss
2352 silly fetch manifest supports-color@^8.0.0
2353 silly packumentCache full:https://registry.npmjs.org/supports-color cache-miss
2354 http cache https://registry.npmjs.org/negotiator 12ms (cache hit)
2355 silly packumentCache full:https://registry.npmjs.org/negotiator set size:48046 disposed:false
2356 http cache https://registry.npmjs.org/supports-color 11ms (cache hit)
2357 silly packumentCache full:https://registry.npmjs.org/supports-color set size:118680 disposed:false
2358 http fetch GET 200 https://registry.npmjs.org/merge-stream 58ms (cache miss)
2359 silly packumentCache full:https://registry.npmjs.org/merge-stream set size:undefined disposed:false
2360 http fetch GET 200 https://registry.npmjs.org/queue 61ms (cache miss)
2361 silly packumentCache full:https://registry.npmjs.org/queue set size:undefined disposed:false
2362 http fetch GET 200 https://registry.npmjs.org/stackframe 66ms (cache miss)
2363 silly packumentCache full:https://registry.npmjs.org/stackframe set size:undefined disposed:false
2364 http fetch GET 200 https://registry.npmjs.org/jest-util 92ms (cache miss)
2365 silly packumentCache full:https://registry.npmjs.org/jest-util set size:undefined disposed:false
2366 silly placeDep ROOT stackframe@1.3.4 OK for: error-stack-parser@2.1.4 want: ^1.3.4
2367 silly placeDep ROOT queue@6.0.2 OK for: image-size@1.2.1 want: 6.0.2
2368 silly fetch manifest inherits@~2.0.3
2369 silly packumentCache full:https://registry.npmjs.org/inherits cache-miss
2370 http cache https://registry.npmjs.org/inherits 3ms (cache hit)
2371 silly packumentCache full:https://registry.npmjs.org/inherits set size:12925 disposed:false
2372 silly placeDep ROOT jest-util@29.7.0 OK for: jest-worker@29.7.0 want: ^29.7.0
2373 silly placeDep ROOT merge-stream@2.0.0 OK for: jest-worker@29.7.0 want: ^2.0.0
2374 silly placeDep node_modules/jest-worker supports-color@8.1.1 OK for: jest-worker@29.7.0 want: ^8.0.0
2375 silly fetch manifest picomatch@^2.2.3
2376 silly packumentCache full:https://registry.npmjs.org/picomatch cache-miss
2377 silly fetch manifest @jest/types@^29.6.3
2378 silly packumentCache full:https://registry.npmjs.org/@jest%2ftypes cache-miss
2379 http cache https://registry.npmjs.org/picomatch 5ms (cache hit)
2380 silly packumentCache full:https://registry.npmjs.org/picomatch set size:126376 disposed:false
2381 http fetch GET 200 https://registry.npmjs.org/@jest%2ftypes 84ms (cache miss)
2382 silly packumentCache full:https://registry.npmjs.org/@jest%2ftypes set size:undefined disposed:false
2383 silly placeDep ROOT @jest/types@29.6.3 OK for: jest-util@29.7.0 want: ^29.6.3
2384 silly placeDep node_modules/jest-util picomatch@2.3.2 OK for: jest-util@29.7.0 want: ^2.2.3
2385 silly fetch manifest @types/yargs@^17.0.8
2386 silly packumentCache full:https://registry.npmjs.org/@types%2fyargs cache-miss
2387 silly fetch manifest @types/istanbul-reports@^3.0.0
2388 silly packumentCache full:https://registry.npmjs.org/@types%2fistanbul-reports cache-miss
2389 silly fetch manifest @types/istanbul-lib-coverage@^2.0.0
2390 silly packumentCache full:https://registry.npmjs.org/@types%2fistanbul-lib-coverage cache-miss
2391 http fetch GET 200 https://registry.npmjs.org/@types%2fistanbul-reports 71ms (cache miss)
2392 silly packumentCache full:https://registry.npmjs.org/@types%2fistanbul-reports set size:undefined disposed:false
2393 http fetch GET 200 https://registry.npmjs.org/@types%2fistanbul-lib-coverage 72ms (cache miss)
2394 silly packumentCache full:https://registry.npmjs.org/@types%2fistanbul-lib-coverage set size:undefined disposed:false
2395 http fetch GET 200 https://registry.npmjs.org/@types%2fyargs 75ms (cache miss)
2396 silly packumentCache full:https://registry.npmjs.org/@types%2fyargs set size:undefined disposed:false
2397 silly placeDep ROOT @jest/schemas@29.6.3 OK for: @jest/types@29.6.3 want: ^29.6.3
2398 silly placeDep ROOT @types/istanbul-lib-coverage@2.0.6 OK for: @jest/types@29.6.3 want: ^2.0.0
2399 silly placeDep ROOT @types/istanbul-reports@3.0.4 OK for: @jest/types@29.6.3 want: ^3.0.0
2400 silly placeDep ROOT @types/yargs@17.0.35 OK for: @jest/types@29.6.3 want: ^17.0.8
2401 silly fetch manifest @sinclair/typebox@^0.27.8
2402 silly packumentCache full:https://registry.npmjs.org/@sinclair%2ftypebox cache-miss
2403 silly fetch manifest @types/istanbul-lib-report@*
2404 silly packumentCache full:https://registry.npmjs.org/@types%2fistanbul-lib-report cache-miss
2405 silly fetch manifest @types/yargs-parser@*
2406 silly packumentCache full:https://registry.npmjs.org/@types%2fyargs-parser cache-miss
2407 http fetch GET 200 https://registry.npmjs.org/@types%2fistanbul-lib-report 62ms (cache miss)
2408 silly packumentCache full:https://registry.npmjs.org/@types%2fistanbul-lib-report set size:undefined disposed:false
2409 http fetch GET 200 https://registry.npmjs.org/@types%2fyargs-parser 83ms (cache miss)
2410 silly packumentCache full:https://registry.npmjs.org/@types%2fyargs-parser set size:undefined disposed:false
2411 http fetch GET 200 https://registry.npmjs.org/@sinclair%2ftypebox 116ms (cache miss)
2412 silly packumentCache full:https://registry.npmjs.org/@sinclair%2ftypebox set size:undefined disposed:false
2413 silly placeDep ROOT @sinclair/typebox@0.27.10 OK for: @jest/schemas@29.6.3 want: ^0.27.8
2414 silly placeDep ROOT @types/istanbul-lib-report@3.0.3 OK for: @types/istanbul-reports@3.0.4 want: *
2415 silly placeDep ROOT @types/yargs-parser@21.0.3 OK for: @types/yargs@17.0.35 want: *
2416 silly placeDep node_modules/metro-babel-transformer hermes-parser@0.35.0 OK for: metro-babel-transformer@0.83.7 want: 0.35.0
2417 silly placeDep ROOT exponential-backoff@3.1.3 OK for: metro-cache@0.83.7 want: ^3.1.1
2418 silly placeDep ROOT https-proxy-agent@7.0.6 OK for: metro-cache@0.83.7 want: ^7.0.5
2419 silly fetch manifest agent-base@^7.1.2
2420 silly packumentCache full:https://registry.npmjs.org/agent-base cache-miss
2421 http fetch GET 200 https://registry.npmjs.org/agent-base 67ms (cache miss)
2422 silly packumentCache full:https://registry.npmjs.org/agent-base set size:undefined disposed:false
2423 silly placeDep ROOT agent-base@7.1.4 OK for: https-proxy-agent@7.0.6 want: ^7.1.2
2424 silly placeDep ROOT jest-validate@29.7.0 OK for: metro-config@0.83.7 want: ^29.7.0
2425 silly placeDep ROOT yaml@2.9.0 OK for: metro-config@0.83.7 want: ^2.6.1
2426 silly fetch manifest leven@^3.1.0
2427 silly packumentCache full:https://registry.npmjs.org/leven cache-miss
2428 silly fetch manifest camelcase@^6.2.0
2429 silly packumentCache full:https://registry.npmjs.org/camelcase cache-miss
2430 silly fetch manifest jest-get-type@^29.6.3
2431 silly packumentCache full:https://registry.npmjs.org/jest-get-type cache-miss
2432 http fetch GET 200 https://registry.npmjs.org/leven 66ms (cache miss)
2433 silly packumentCache full:https://registry.npmjs.org/leven set size:undefined disposed:false
2434 http fetch GET 200 https://registry.npmjs.org/jest-get-type 67ms (cache miss)
2435 silly packumentCache full:https://registry.npmjs.org/jest-get-type set size:undefined disposed:false
2436 http fetch GET 200 https://registry.npmjs.org/camelcase 70ms (cache miss)
2437 silly packumentCache full:https://registry.npmjs.org/camelcase set size:undefined disposed:false
2438 silly placeDep ROOT camelcase@6.3.0 OK for: jest-validate@29.7.0 want: ^6.2.0
2439 silly placeDep ROOT jest-get-type@29.6.3 OK for: jest-validate@29.7.0 want: ^29.6.3
2440 silly placeDep ROOT leven@3.1.0 OK for: jest-validate@29.7.0 want: ^3.1.0
2441 silly placeDep ROOT fb-watchman@2.0.2 OK for: metro-file-map@0.83.7 want: ^2.0.0
2442 silly placeDep ROOT micromatch@4.0.8 OK for: metro-file-map@0.83.7 want: ^4.0.4
2443 silly placeDep ROOT walker@1.0.8 OK for: metro-file-map@0.83.7 want: ^1.0.7
2444 silly fetch manifest bser@2.1.1
2445 silly packumentCache full:https://registry.npmjs.org/bser cache-miss
2446 silly fetch manifest braces@^3.0.3
2447 silly packumentCache full:https://registry.npmjs.org/braces cache-miss
2448 silly fetch manifest picomatch@^2.3.1
2449 silly packumentCache full:https://registry.npmjs.org/picomatch cache-hit
2450 silly fetch manifest makeerror@1.0.12
2451 silly packumentCache full:https://registry.npmjs.org/makeerror cache-miss
2452 http fetch GET 200 https://registry.npmjs.org/bser 50ms (cache miss)
2453 silly packumentCache full:https://registry.npmjs.org/bser set size:undefined disposed:false
2454 http fetch GET 200 https://registry.npmjs.org/braces 61ms (cache miss)
2455 silly packumentCache full:https://registry.npmjs.org/braces set size:undefined disposed:false
2456 http fetch GET 200 https://registry.npmjs.org/makeerror 61ms (cache miss)
2457 silly packumentCache full:https://registry.npmjs.org/makeerror set size:undefined disposed:false
2458 silly placeDep ROOT bser@2.1.1 OK for: fb-watchman@2.0.2 want: 2.1.1
2459 silly fetch manifest node-int64@^0.4.0
2460 silly packumentCache full:https://registry.npmjs.org/node-int64 cache-miss
2461 http fetch GET 200 https://registry.npmjs.org/node-int64 50ms (cache miss)
2462 silly packumentCache full:https://registry.npmjs.org/node-int64 set size:undefined disposed:false
2463 silly placeDep ROOT node-int64@0.4.0 OK for: bser@2.1.1 want: ^0.4.0
2464 silly placeDep ROOT terser@5.47.1 OK for: metro-minify-terser@0.83.7 want: ^5.15.0
2465 silly fetch manifest @jridgewell/source-map@^0.3.3
2466 silly packumentCache full:https://registry.npmjs.org/@jridgewell%2fsource-map cache-miss
2467 silly fetch manifest acorn@^8.15.0
2468 silly packumentCache full:https://registry.npmjs.org/acorn cache-miss
2469 silly fetch manifest commander@^2.20.0
2470 silly packumentCache full:https://registry.npmjs.org/commander cache-hit
2471 http fetch GET 200 https://registry.npmjs.org/acorn 60ms (cache miss)
2472 silly packumentCache full:https://registry.npmjs.org/acorn set size:undefined disposed:false
2473 http fetch GET 200 https://registry.npmjs.org/@jridgewell%2fsource-map 73ms (cache miss)
2474 silly packumentCache full:https://registry.npmjs.org/@jridgewell%2fsource-map set size:undefined disposed:false
2475 silly placeDep ROOT ob1@0.83.7 OK for: metro-source-map@0.83.7 want: 0.83.7
2476 silly placeDep ROOT vlq@1.0.1 OK for: metro-source-map@0.83.7 want: ^1.0.0
2477 silly placeDep ROOT braces@3.0.3 OK for: micromatch@4.0.8 want: ^3.0.3
2478 silly placeDep node_modules/micromatch picomatch@2.3.2 OK for: micromatch@4.0.8 want: ^2.3.1
2479 silly fetch manifest fill-range@^7.1.1
2480 silly packumentCache full:https://registry.npmjs.org/fill-range cache-miss
2481 http fetch GET 200 https://registry.npmjs.org/fill-range 65ms (cache miss)
2482 silly packumentCache full:https://registry.npmjs.org/fill-range set size:undefined disposed:false
2483 silly placeDep ROOT fill-range@7.1.1 OK for: braces@3.0.3 want: ^7.1.1
2484 silly fetch manifest to-regex-range@^5.0.1
2485 silly packumentCache full:https://registry.npmjs.org/to-regex-range cache-miss
2486 http fetch GET 200 https://registry.npmjs.org/to-regex-range 49ms (cache miss)
2487 silly packumentCache full:https://registry.npmjs.org/to-regex-range set size:undefined disposed:false
2488 silly placeDep ROOT to-regex-range@5.0.1 OK for: fill-range@7.1.1 want: ^5.0.1
2489 silly fetch manifest is-number@^7.0.0
2490 silly packumentCache full:https://registry.npmjs.org/is-number cache-miss
2491 http fetch GET 200 https://registry.npmjs.org/is-number 52ms (cache miss)
2492 silly packumentCache full:https://registry.npmjs.org/is-number set size:undefined disposed:false
2493 silly placeDep node_modules/mime-types mime-db@1.52.0 OK for: mime-types@2.1.35 want: 1.52.0
2494 silly placeDep ROOT brace-expansion@5.0.6 OK for: minimatch@10.2.5 want: ^5.0.5
2495 silly fetch manifest balanced-match@^4.0.2
2496 silly packumentCache full:https://registry.npmjs.org/balanced-match cache-miss
2497 http fetch GET 200 https://registry.npmjs.org/balanced-match 65ms (cache miss)
2498 silly packumentCache full:https://registry.npmjs.org/balanced-match set size:undefined disposed:false
2499 silly placeDep ROOT balanced-match@4.0.4 OK for: brace-expansion@5.0.6 want: ^4.0.2
2500 silly placeDep ROOT hosted-git-info@7.0.2 OK for: npm-package-arg@11.0.3 want: ^7.0.0
2501 silly placeDep ROOT proc-log@4.2.0 OK for: npm-package-arg@11.0.3 want: ^4.0.0
2502 silly placeDep ROOT validate-npm-package-name@5.0.1 OK for: npm-package-arg@11.0.3 want: ^5.0.0
2503 silly fetch manifest lru-cache@^10.0.1
2504 silly packumentCache full:https://registry.npmjs.org/lru-cache cache-hit
2505 silly placeDep node_modules/hosted-git-info lru-cache@10.4.3 OK for: hosted-git-info@7.0.2 want: ^10.0.1
2506 silly placeDep ROOT ee-first@1.1.1 OK for: on-finished@2.3.0 want: 1.1.1
2507 silly placeDep node_modules/ora chalk@2.4.2 OK for: ora@3.4.0 want: ^2.4.2
2508 silly placeDep ROOT cli-cursor@2.1.0 OK for: ora@3.4.0 want: ^2.1.0
2509 silly placeDep ROOT cli-spinners@2.9.2 OK for: ora@3.4.0 want: ^2.0.0
2510 silly placeDep ROOT log-symbols@2.2.0 OK for: ora@3.4.0 want: ^2.2.0
2511 silly placeDep ROOT strip-ansi@5.2.0 OK for: ora@3.4.0 want: ^5.2.0
2512 silly placeDep ROOT wcwidth@1.0.1 OK for: ora@3.4.0 want: ^1.0.1
2513 silly fetch manifest ansi-styles@^3.2.1
2514 silly packumentCache full:https://registry.npmjs.org/ansi-styles cache-hit
2515 silly fetch manifest supports-color@^5.3.0
2516 silly packumentCache full:https://registry.npmjs.org/supports-color cache-hit
2517 silly fetch manifest escape-string-regexp@^1.0.5
2518 silly packumentCache full:https://registry.npmjs.org/escape-string-regexp cache-miss
2519 silly fetch manifest restore-cursor@^2.0.0
2520 silly packumentCache full:https://registry.npmjs.org/restore-cursor cache-miss
2521 silly fetch manifest chalk@^2.0.1
2522 silly packumentCache full:https://registry.npmjs.org/chalk cache-hit
2523 silly fetch manifest ansi-regex@^4.1.0
2524 silly packumentCache full:https://registry.npmjs.org/ansi-regex cache-miss
2525 silly fetch manifest defaults@^1.0.3
2526 silly packumentCache full:https://registry.npmjs.org/defaults cache-miss
2527 http cache https://registry.npmjs.org/escape-string-regexp 13ms (cache hit)
2528 silly packumentCache full:https://registry.npmjs.org/escape-string-regexp set size:22244 disposed:false
2529 http cache https://registry.npmjs.org/ansi-regex 14ms (cache hit)
2530 silly packumentCache full:https://registry.npmjs.org/ansi-regex set size:43572 disposed:false
2531 http fetch GET 200 https://registry.npmjs.org/defaults 68ms (cache miss)
2532 silly packumentCache full:https://registry.npmjs.org/defaults set size:undefined disposed:false
2533 http fetch GET 200 https://registry.npmjs.org/restore-cursor 72ms (cache miss)
2534 silly packumentCache full:https://registry.npmjs.org/restore-cursor set size:undefined disposed:false
2535 silly placeDep ROOT restore-cursor@2.0.0 OK for: cli-cursor@2.1.0 want: ^2.0.0
2536 silly fetch manifest onetime@^2.0.0
2537 silly packumentCache full:https://registry.npmjs.org/onetime cache-miss
2538 silly fetch manifest signal-exit@^3.0.2
2539 silly packumentCache full:https://registry.npmjs.org/signal-exit cache-miss
2540 http fetch GET 200 https://registry.npmjs.org/onetime 46ms (cache miss)
2541 silly packumentCache full:https://registry.npmjs.org/onetime set size:undefined disposed:false
2542 http fetch GET 200 https://registry.npmjs.org/signal-exit 64ms (cache miss)
2543 silly packumentCache full:https://registry.npmjs.org/signal-exit set size:undefined disposed:false
2544 silly placeDep node_modules/log-symbols chalk@2.4.2 OK for: log-symbols@2.2.0 want: ^2.0.1
2545 silly placeDep ROOT pngjs@3.4.0 OK for: parse-png@2.1.0 want: ^3.3.0
2546 silly placeDep node_modules/path-scurry lru-cache@11.5.0 OK for: path-scurry@2.0.2 want: ^11.0.0
2547 silly placeDep ROOT nanoid@3.3.12 OK for: postcss@8.5.15 want: ^3.3.12
2548 silly placeDep ROOT source-map-js@1.2.1 OK for: postcss@8.5.15 want: ^1.2.1
2549 silly placeDep node_modules/pretty-format ansi-styles@5.2.0 OK for: pretty-format@29.7.0 want: ^5.0.0
2550 silly placeDep ROOT react-is@18.3.1 OK for: pretty-format@29.7.0 want: ^18.0.0
2551 silly placeDep ROOT kleur@3.0.3 OK for: prompts@2.4.2 want: ^3.0.3
2552 silly placeDep ROOT sisteransi@1.0.5 OK for: prompts@2.4.2 want: ^1.0.5
2553 silly placeDep ROOT inherits@2.0.4 OK for: queue@6.0.2 want: ~2.0.3
2554 silly fetch manifest react@^19.2.3
2555 silly packumentCache full:https://registry.npmjs.org/react cache-miss
2556 http cache https://registry.npmjs.org/react 15ms (cache hit)
2557 silly packumentCache full:https://registry.npmjs.org/react set size:6650647 disposed:false
2558 silly fetch manifest react-native@0.85.3
2559 silly packumentCache full:https://registry.npmjs.org/react-native cache-miss
2560 http cache https://registry.npmjs.org/react-native 35ms (cache hit)
2561 silly packumentCache full:https://registry.npmjs.org/react-native set size:15284045 disposed:false
2562 silly fetch manifest @react-native-community/cli@*
2563 silly packumentCache full:https://registry.npmjs.org/@react-native-community%2fcli cache-miss
2564 http fetch GET 200 https://registry.npmjs.org/@react-native-community%2fcli 179ms (cache miss)
2565 silly packumentCache full:https://registry.npmjs.org/@react-native-community%2fcli set size:undefined disposed:false
2566 silly fetch manifest @react-native/metro-config@0.85.3
2567 silly packumentCache full:https://registry.npmjs.org/@react-native%2fmetro-config cache-miss
2568 http cache https://registry.npmjs.org/@react-native%2fmetro-config 8ms (cache hit)
2569 silly packumentCache full:https://registry.npmjs.org/@react-native%2fmetro-config set size:2182789 disposed:false
2570 silly placeDep ROOT @react-native/assets-registry@0.85.3 OK for: react-native@0.85.3 want: 0.85.3
2571 silly placeDep node_modules/react-native @react-native/codegen@0.85.3 OK for: react-native@0.85.3 want: 0.85.3
2572 silly placeDep ROOT @react-native/community-cli-plugin@0.85.3 OK for: react-native@0.85.3 want: 0.85.3
2573 silly placeDep ROOT @react-native/gradle-plugin@0.85.3 OK for: react-native@0.85.3 want: 0.85.3
2574 silly placeDep ROOT @react-native/js-polyfills@0.85.3 OK for: react-native@0.85.3 want: 0.85.3
2575 silly placeDep node_modules/react-native @react-native/normalize-colors@0.85.3 OK for: react-native@0.85.3 want: 0.85.3
2576 silly placeDep ROOT @react-native/virtualized-lists@0.85.3 OK for: react-native@0.85.3 want: 0.85.3
2577 silly placeDep ROOT abort-controller@3.0.0 OK for: react-native@0.85.3 want: ^3.0.0
2578 silly placeDep ROOT ansi-regex@5.0.1 OK for: react-native@0.85.3 want: ^5.0.0
2579 silly placeDep node_modules/react-native babel-plugin-syntax-hermes-parser@0.33.3 OK for: react-native@0.85.3 want: 0.33.3
2580 silly placeDep node_modules/react-native commander@12.1.0 OK for: react-native@0.85.3 want: ^12.0.0
2581 silly placeDep ROOT hermes-compiler@250829098.0.10 OK for: react-native@0.85.3 want: 250829098.0.10
2582 silly placeDep ROOT memoize-one@5.2.1 OK for: react-native@0.85.3 want: ^5.0.0
2583 silly placeDep node_modules/react-native metro-runtime@0.84.4 OK for: react-native@0.85.3 want: ^0.84.3
2584 silly placeDep node_modules/react-native metro-source-map@0.84.4 OK for: react-native@0.85.3 want: ^0.84.3
2585 silly placeDep ROOT promise@8.3.0 OK for: react-native@0.85.3 want: ^8.3.0
2586 silly placeDep ROOT react-devtools-core@6.1.5 OK for: react-native@0.85.3 want: ^6.1.5
2587 silly placeDep ROOT regenerator-runtime@0.13.11 OK for: react-native@0.85.3 want: ^0.13.2
2588 silly placeDep ROOT scheduler@0.27.0 OK for: react-native@0.85.3 want: 0.27.0
2589 silly placeDep ROOT tinyglobby@0.2.16 OK for: react-native@0.85.3 want: ^0.2.15
2590 silly placeDep ROOT whatwg-fetch@3.6.20 OK for: react-native@0.85.3 want: ^3.0.0
2591 silly placeDep node_modules/react-native ws@7.5.10 OK for: react-native@0.85.3 want: ^7.5.10
2592 silly fetch manifest hermes-parser@0.33.3
2593 silly packumentCache full:https://registry.npmjs.org/hermes-parser cache-hit
2594 silly fetch manifest metro@^0.84.3
2595 silly packumentCache full:https://registry.npmjs.org/metro cache-miss
2596 silly fetch manifest metro-core@^0.84.3
2597 silly packumentCache full:https://registry.npmjs.org/metro-core cache-miss
2598 silly fetch manifest metro-config@^0.84.3
2599 silly packumentCache full:https://registry.npmjs.org/metro-config cache-miss
2600 silly fetch manifest @react-native/dev-middleware@0.85.3
2601 silly packumentCache full:https://registry.npmjs.org/@react-native%2fdev-middleware cache-miss
2602 silly fetch manifest event-target-shim@^5.0.0
2603 silly packumentCache full:https://registry.npmjs.org/event-target-shim cache-miss
2604 silly fetch manifest hermes-parser@0.33.3
2605 silly packumentCache full:https://registry.npmjs.org/hermes-parser cache-hit
2606 silly fetch manifest metro-symbolicate@0.84.4
2607 silly packumentCache full:https://registry.npmjs.org/metro-symbolicate cache-miss
2608 silly fetch manifest ob1@0.84.4
2609 silly packumentCache full:https://registry.npmjs.org/ob1 cache-miss
2610 silly fetch manifest asap@~2.0.6
2611 silly packumentCache full:https://registry.npmjs.org/asap cache-miss
2612 silly fetch manifest ws@^7
2613 silly packumentCache full:https://registry.npmjs.org/ws cache-hit
2614 silly fetch manifest shell-quote@^1.6.1
2615 silly packumentCache full:https://registry.npmjs.org/shell-quote cache-miss
2616 silly fetch manifest fdir@^6.5.0
2617 silly packumentCache full:https://registry.npmjs.org/fdir cache-miss
2618 http cache https://registry.npmjs.org/ob1 11ms (cache hit)
2619 silly packumentCache full:https://registry.npmjs.org/ob1 set size:221944 disposed:false
2620 http cache https://registry.npmjs.org/metro-symbolicate 14ms (cache hit)
2621 silly packumentCache full:https://registry.npmjs.org/metro-symbolicate set size:259408 disposed:false
2622 http cache https://registry.npmjs.org/metro 19ms (cache hit)
2623 silly packumentCache full:https://registry.npmjs.org/metro set size:725588 disposed:false
2624 http cache https://registry.npmjs.org/metro-config 27ms (cache hit)
2625 silly packumentCache full:https://registry.npmjs.org/metro-config set size:330908 disposed:false
2626 http cache https://registry.npmjs.org/metro-core 31ms (cache hit)
2627 silly packumentCache full:https://registry.npmjs.org/metro-core set size:389842 disposed:false
2628 http cache https://registry.npmjs.org/@react-native%2fdev-middleware 39ms (cache hit)
2629 silly packumentCache full:https://registry.npmjs.org/@react-native%2fdev-middleware set size:2392589 disposed:false
2630 http fetch GET 200 https://registry.npmjs.org/asap 57ms (cache miss)
2631 silly packumentCache full:https://registry.npmjs.org/asap set size:undefined disposed:false
2632 http fetch GET 200 https://registry.npmjs.org/event-target-shim 61ms (cache miss)
2633 silly packumentCache full:https://registry.npmjs.org/event-target-shim set size:undefined disposed:false
2634 http fetch GET 200 https://registry.npmjs.org/shell-quote 65ms (cache miss)
2635 silly packumentCache full:https://registry.npmjs.org/shell-quote set size:undefined disposed:false
2636 http fetch GET 200 https://registry.npmjs.org/fdir 67ms (cache miss)
2637 silly packumentCache full:https://registry.npmjs.org/fdir set size:undefined disposed:false
2638 silly placeDep node_modules/@react-native/community-cli-plugin @react-native/dev-middleware@0.85.3 OK for: @react-native/community-cli-plugin@0.85.3 want: 0.85.3
2639 silly placeDep node_modules/@react-native/community-cli-plugin metro@0.84.4 OK for: @react-native/community-cli-plugin@0.85.3 want: ^0.84.3
2640 silly placeDep node_modules/@react-native/community-cli-plugin metro-config@0.84.4 OK for: @react-native/community-cli-plugin@0.85.3 want: ^0.84.3
2641 silly placeDep node_modules/@react-native/community-cli-plugin metro-core@0.84.4 OK for: @react-native/community-cli-plugin@0.85.3 want: ^0.84.3
2642 silly fetch manifest chromium-edge-launcher@^0.3.0
2643 silly packumentCache full:https://registry.npmjs.org/chromium-edge-launcher cache-miss
2644 silly fetch manifest @react-native/debugger-shell@0.85.3
2645 silly packumentCache full:https://registry.npmjs.org/@react-native%2fdebugger-shell cache-miss
2646 silly fetch manifest @react-native/debugger-frontend@0.85.3
2647 silly packumentCache full:https://registry.npmjs.org/@react-native%2fdebugger-frontend cache-miss
2648 silly fetch manifest metro-babel-transformer@0.84.4
2649 silly packumentCache full:https://registry.npmjs.org/metro-babel-transformer cache-miss
2650 silly fetch manifest metro-cache@0.84.4
2651 silly packumentCache full:https://registry.npmjs.org/metro-cache cache-miss
2652 silly fetch manifest metro-cache-key@0.84.4
2653 silly packumentCache full:https://registry.npmjs.org/metro-cache-key cache-miss
2654 silly fetch manifest metro-config@0.84.4
2655 silly packumentCache full:https://registry.npmjs.org/metro-config cache-hit
2656 silly fetch manifest metro-core@0.84.4
2657 silly packumentCache full:https://registry.npmjs.org/metro-core cache-hit
2658 silly fetch manifest metro-file-map@0.84.4
2659 silly packumentCache full:https://registry.npmjs.org/metro-file-map cache-miss
2660 silly fetch manifest metro-resolver@0.84.4
2661 silly packumentCache full:https://registry.npmjs.org/metro-resolver cache-miss
2662 silly fetch manifest metro-runtime@0.84.4
2663 silly packumentCache full:https://registry.npmjs.org/metro-runtime cache-hit
2664 silly fetch manifest metro-source-map@0.84.4
2665 silly packumentCache full:https://registry.npmjs.org/metro-source-map cache-hit
2666 silly fetch manifest metro-transform-plugins@0.84.4
2667 silly packumentCache full:https://registry.npmjs.org/metro-transform-plugins cache-miss
2668 silly fetch manifest metro-transform-worker@0.84.4
2669 silly packumentCache full:https://registry.npmjs.org/metro-transform-worker cache-miss
2670 silly fetch manifest metro-cache@0.84.4
2671 silly packumentCache full:https://registry.npmjs.org/metro-cache cache-miss
2672 silly fetch manifest metro-resolver@0.84.4
2673 silly packumentCache full:https://registry.npmjs.org/metro-resolver cache-miss
2674 http cache https://registry.npmjs.org/metro-cache 16ms (cache hit)
2675 silly packumentCache full:https://registry.npmjs.org/metro-cache set size:370347 disposed:false
2676 http cache https://registry.npmjs.org/metro-babel-transformer 19ms (cache hit)
2677 silly packumentCache full:https://registry.npmjs.org/metro-babel-transformer set size:257306 disposed:false
2678 http cache https://registry.npmjs.org/chromium-edge-launcher 22ms (cache hit)
2679 silly packumentCache full:https://registry.npmjs.org/chromium-edge-launcher set size:72314 disposed:false
2680 http cache https://registry.npmjs.org/metro-file-map 21ms (cache hit)
2681 silly packumentCache full:https://registry.npmjs.org/metro-file-map set size:188481 disposed:false
2682 http cache https://registry.npmjs.org/metro-resolver 24ms (cache hit)
2683 silly packumentCache full:https://registry.npmjs.org/metro-resolver set size:358806 disposed:false
2684 http cache https://registry.npmjs.org/metro-cache 26ms (cache hit)
2685 silly packumentCache full:https://registry.npmjs.org/metro-cache set size:370347 disposed:false
2686 silly packumentCache full:https://registry.npmjs.org/metro-cache dispose
2687 http cache https://registry.npmjs.org/@react-native%2fdebugger-frontend 33ms (cache hit)
2688 silly packumentCache full:https://registry.npmjs.org/@react-native%2fdebugger-frontend set size:1904102 disposed:false
2689 http cache https://registry.npmjs.org/metro-cache-key 41ms (cache hit)
2690 silly packumentCache full:https://registry.npmjs.org/metro-cache-key set size:200137 disposed:false
2691 http cache https://registry.npmjs.org/metro-transform-worker 42ms (cache hit)
2692 silly packumentCache full:https://registry.npmjs.org/metro-transform-worker set size:254965 disposed:false
2693 http cache https://registry.npmjs.org/metro-resolver 44ms (cache hit)
2694 silly packumentCache full:https://registry.npmjs.org/metro-resolver set size:358806 disposed:false
2695 silly packumentCache full:https://registry.npmjs.org/metro-resolver dispose
2696 http cache https://registry.npmjs.org/@react-native%2fdebugger-shell 52ms (cache hit)
2697 silly packumentCache full:https://registry.npmjs.org/@react-native%2fdebugger-shell set size:803955 disposed:false
2698 http cache https://registry.npmjs.org/metro-transform-plugins 54ms (cache hit)
2699 silly packumentCache full:https://registry.npmjs.org/metro-transform-plugins set size:246332 disposed:false
2700 silly placeDep ROOT event-target-shim@5.0.1 OK for: abort-controller@3.0.0 want: ^5.0.0
2701 silly placeDep ROOT asap@2.0.6 OK for: promise@8.3.0 want: ~2.0.6
2702 silly placeDep ROOT shell-quote@1.8.3 OK for: react-devtools-core@6.1.5 want: ^1.6.1
2703 silly placeDep node_modules/react-devtools-core ws@7.5.10 OK for: react-devtools-core@6.1.5 want: ^7
2704 silly placeDep ROOT regenerate@1.4.2 OK for: regexpu-core@6.4.0 want: ^1.4.2
2705 silly placeDep ROOT regenerate-unicode-properties@10.2.2 OK for: regexpu-core@6.4.0 want: ^10.2.2
2706 silly placeDep ROOT regjsgen@0.8.0 OK for: regexpu-core@6.4.0 want: ^0.8.0
2707 silly placeDep ROOT regjsparser@0.13.1 OK for: regexpu-core@6.4.0 want: ^0.13.0
2708 silly placeDep ROOT unicode-match-property-ecmascript@2.0.0 OK for: regexpu-core@6.4.0 want: ^2.0.0
2709 silly placeDep ROOT unicode-match-property-value-ecmascript@2.2.1 OK for: regexpu-core@6.4.0 want: ^2.2.1
2710 silly fetch manifest unicode-canonical-property-names-ecmascript@^2.0.0
2711 silly packumentCache full:https://registry.npmjs.org/unicode-canonical-property-names-ecmascript cache-miss
2712 silly fetch manifest unicode-property-aliases-ecmascript@^2.0.0
2713 silly packumentCache full:https://registry.npmjs.org/unicode-property-aliases-ecmascript cache-miss
2714 http fetch GET 200 https://registry.npmjs.org/unicode-canonical-property-names-ecmascript 44ms (cache miss)
2715 silly packumentCache full:https://registry.npmjs.org/unicode-canonical-property-names-ecmascript set size:undefined disposed:false
2716 http fetch GET 200 https://registry.npmjs.org/unicode-property-aliases-ecmascript 53ms (cache miss)
2717 silly packumentCache full:https://registry.npmjs.org/unicode-property-aliases-ecmascript set size:undefined disposed:false
2718 silly placeDep ROOT es-errors@1.3.0 OK for: resolve@1.22.12 want: ^1.3.0
2719 silly placeDep ROOT is-core-module@2.16.2 OK for: resolve@1.22.12 want: ^2.16.1
2720 silly placeDep ROOT path-parse@1.0.7 OK for: resolve@1.22.12 want: ^1.0.7
2721 silly placeDep ROOT supports-preserve-symlinks-flag@1.0.0 OK for: resolve@1.22.12 want: ^1.0.0
2722 silly fetch manifest hasown@^2.0.3
2723 silly packumentCache full:https://registry.npmjs.org/hasown cache-miss
2724 http fetch GET 200 https://registry.npmjs.org/hasown 50ms (cache miss)
2725 silly packumentCache full:https://registry.npmjs.org/hasown set size:undefined disposed:false
2726 silly placeDep ROOT hasown@2.0.3 OK for: is-core-module@2.16.2 want: ^2.0.3
2727 silly fetch manifest function-bind@^1.1.2
2728 silly packumentCache full:https://registry.npmjs.org/function-bind cache-miss
2729 http fetch GET 200 https://registry.npmjs.org/function-bind 57ms (cache miss)
2730 silly packumentCache full:https://registry.npmjs.org/function-bind set size:undefined disposed:false
2731 silly placeDep ROOT function-bind@1.1.2 OK for: hasown@2.0.3 want: ^1.1.2
2732 silly placeDep ROOT onetime@2.0.1 OK for: restore-cursor@2.0.0 want: ^2.0.0
2733 silly placeDep ROOT signal-exit@3.0.7 OK for: restore-cursor@2.0.0 want: ^3.0.2
2734 silly fetch manifest mimic-fn@^1.0.0
2735 silly packumentCache full:https://registry.npmjs.org/mimic-fn cache-miss
2736 http fetch GET 200 https://registry.npmjs.org/mimic-fn 49ms (cache miss)
2737 silly packumentCache full:https://registry.npmjs.org/mimic-fn set size:undefined disposed:false
2738 silly placeDep ROOT mimic-fn@1.2.0 OK for: onetime@2.0.1 want: ^1.0.0
2739 silly placeDep node_modules/rimraf glob@7.2.3 OK for: rimraf@3.0.2 want: ^7.1.3
2740 silly placeDep node_modules/send debug@2.6.9 OK for: send@0.19.2 want: 2.6.9
2741 silly placeDep ROOT depd@2.0.0 OK for: send@0.19.2 want: 2.0.0
2742 silly placeDep ROOT destroy@1.2.0 OK for: send@0.19.2 want: 1.2.0
2743 silly placeDep node_modules/send encodeurl@2.0.0 OK for: send@0.19.2 want: ~2.0.0
2744 silly placeDep ROOT etag@1.8.1 OK for: send@0.19.2 want: ~1.8.1
2745 silly placeDep ROOT fresh@0.5.2 OK for: send@0.19.2 want: ~0.5.2
2746 silly placeDep ROOT http-errors@2.0.1 OK for: send@0.19.2 want: ~2.0.1
2747 silly placeDep ROOT mime@1.6.0 OK for: send@0.19.2 want: 1.6.0
2748 silly placeDep node_modules/send on-finished@2.4.1 OK for: send@0.19.2 want: ~2.4.1
2749 silly placeDep ROOT range-parser@1.2.1 OK for: send@0.19.2 want: ~1.2.1
2750 silly placeDep node_modules/send statuses@2.0.2 OK for: send@0.19.2 want: ~2.0.2
2751 silly fetch manifest setprototypeof@~1.2.0
2752 silly packumentCache full:https://registry.npmjs.org/setprototypeof cache-miss
2753 silly fetch manifest toidentifier@~1.0.1
2754 silly packumentCache full:https://registry.npmjs.org/toidentifier cache-miss
2755 http fetch GET 200 https://registry.npmjs.org/setprototypeof 64ms (cache miss)
2756 silly packumentCache full:https://registry.npmjs.org/setprototypeof set size:undefined disposed:false
2757 http fetch GET 200 https://registry.npmjs.org/toidentifier 73ms (cache miss)
2758 silly packumentCache full:https://registry.npmjs.org/toidentifier set size:undefined disposed:false
2759 silly placeDep ROOT setprototypeof@1.2.0 OK for: http-errors@2.0.1 want: ~1.2.0
2760 silly placeDep node_modules/http-errors statuses@2.0.2 OK for: http-errors@2.0.1 want: ~2.0.2
2761 silly placeDep ROOT toidentifier@1.0.1 OK for: http-errors@2.0.1 want: ~1.0.1
2762 silly placeDep node_modules/serve-static encodeurl@2.0.0 OK for: serve-static@1.16.3 want: ~2.0.0
2763 silly placeDep ROOT shebang-regex@3.0.0 OK for: shebang-command@2.0.0 want: ^3.0.0
2764 silly placeDep ROOT buffer-from@1.1.2 OK for: source-map-support@0.5.21 want: ^1.0.0
2765 silly placeDep node_modules/source-map-support source-map@0.6.1 OK for: source-map-support@0.5.21 want: ^0.6.0
2766 silly placeDep ROOT type-fest@0.7.1 OK for: stacktrace-parser@0.1.11 want: ^0.7.1
2767 silly placeDep node_modules/strip-ansi ansi-regex@4.1.1 OK for: strip-ansi@5.2.0 want: ^4.1.0
2768 silly placeDep ROOT has-flag@4.0.0 OK for: supports-color@7.2.0 want: ^4.0.0
2769 silly placeDep ROOT ansi-escapes@4.3.2 OK for: terminal-link@2.1.1 want: ^4.2.1
2770 silly placeDep ROOT supports-hyperlinks@2.3.0 OK for: terminal-link@2.1.1 want: ^2.0.0
2771 silly fetch manifest type-fest@^0.21.3
2772 silly packumentCache full:https://registry.npmjs.org/type-fest cache-miss
2773 http cache https://registry.npmjs.org/type-fest 4ms (cache hit)
2774 silly packumentCache full:https://registry.npmjs.org/type-fest set size:560517 disposed:false
2775 silly placeDep node_modules/ansi-escapes type-fest@0.21.3 OK for: ansi-escapes@4.3.2 want: ^0.21.3
2776 silly placeDep ROOT @jridgewell/source-map@0.3.11 OK for: terser@5.47.1 want: ^0.3.3
2777 silly placeDep ROOT acorn@8.16.0 OK for: terser@5.47.1 want: ^8.15.0
2778 silly placeDep node_modules/terser commander@2.20.3 OK for: terser@5.47.1 want: ^2.20.0
2779 silly fetch manifest picomatch@^4.0.4
2780 silly packumentCache full:https://registry.npmjs.org/picomatch cache-hit
2781 silly placeDep ROOT fdir@6.5.0 OK for: tinyglobby@0.2.16 want: ^6.5.0
2782 silly placeDep ROOT is-number@7.0.0 OK for: to-regex-range@5.0.1 want: ^7.0.0
2783 silly placeDep ROOT unicode-canonical-property-names-ecmascript@2.0.1 OK for: unicode-match-property-ecmascript@2.0.0 want: ^2.0.0
2784 silly placeDep ROOT unicode-property-aliases-ecmascript@2.2.0 OK for: unicode-match-property-ecmascript@2.0.0 want: ^2.0.0
2785 silly placeDep ROOT escalade@3.2.0 OK for: update-browserslist-db@1.2.3 want: ^3.2.0
2786 silly placeDep ROOT makeerror@1.0.12 OK for: walker@1.0.8 want: 1.0.12
2787 silly fetch manifest tmpl@1.0.5
2788 silly packumentCache full:https://registry.npmjs.org/tmpl cache-miss
2789 http fetch GET 200 https://registry.npmjs.org/tmpl 56ms (cache miss)
2790 silly packumentCache full:https://registry.npmjs.org/tmpl set size:undefined disposed:false
2791 silly placeDep ROOT tmpl@1.0.5 OK for: makeerror@1.0.12 want: 1.0.5
2792 silly placeDep ROOT defaults@1.0.4 OK for: wcwidth@1.0.1 want: ^1.0.3
2793 silly fetch manifest clone@^1.0.2
2794 silly packumentCache full:https://registry.npmjs.org/clone cache-miss
2795 http fetch GET 200 https://registry.npmjs.org/clone 49ms (cache miss)
2796 silly packumentCache full:https://registry.npmjs.org/clone set size:undefined disposed:false
2797 silly placeDep ROOT clone@1.0.4 OK for: defaults@1.0.4 want: ^1.0.2
2798 silly placeDep ROOT isexe@2.0.0 OK for: which@2.0.2 want: ^2.0.0
2799 silly placeDep ROOT string-width@4.2.3 OK for: wrap-ansi@7.0.0 want: ^4.1.0
2800 silly placeDep node_modules/wrap-ansi strip-ansi@6.0.1 OK for: wrap-ansi@7.0.0 want: ^6.0.0
2801 silly fetch manifest strip-ansi@^6.0.1
2802 silly packumentCache full:https://registry.npmjs.org/strip-ansi cache-hit
2803 silly fetch manifest emoji-regex@^8.0.0
2804 silly packumentCache full:https://registry.npmjs.org/emoji-regex cache-miss
2805 silly fetch manifest is-fullwidth-code-point@^3.0.0
2806 silly packumentCache full:https://registry.npmjs.org/is-fullwidth-code-point cache-miss
2807 http fetch GET 200 https://registry.npmjs.org/is-fullwidth-code-point 59ms (cache miss)
2808 silly packumentCache full:https://registry.npmjs.org/is-fullwidth-code-point set size:undefined disposed:false
2809 http fetch GET 200 https://registry.npmjs.org/emoji-regex 79ms (cache miss)
2810 silly packumentCache full:https://registry.npmjs.org/emoji-regex set size:undefined disposed:false
2811 silly placeDep ROOT emoji-regex@8.0.0 OK for: string-width@4.2.3 want: ^8.0.0
2812 silly placeDep ROOT is-fullwidth-code-point@3.0.0 OK for: string-width@4.2.3 want: ^3.0.0
2813 silly placeDep node_modules/string-width strip-ansi@6.0.1 OK for: string-width@4.2.3 want: ^6.0.1
2814 silly placeDep ROOT simple-plist@1.3.1 OK for: xcode@3.0.1 want: ^1.1.0
2815 silly placeDep ROOT uuid@7.0.3 OK for: xcode@3.0.1 want: ^7.0.3
2816 silly fetch manifest bplist-parser@0.3.1
2817 silly packumentCache full:https://registry.npmjs.org/bplist-parser cache-miss
2818 silly fetch manifest plist@^3.0.5
2819 silly packumentCache full:https://registry.npmjs.org/plist cache-miss
2820 http cache https://registry.npmjs.org/bplist-parser 4ms (cache hit)
2821 silly packumentCache full:https://registry.npmjs.org/bplist-parser set size:21877 disposed:false
2822 http fetch GET 200 https://registry.npmjs.org/plist 51ms (cache miss)
2823 silly packumentCache full:https://registry.npmjs.org/plist set size:undefined disposed:false
2824 silly placeDep node_modules/simple-plist bplist-parser@0.3.1 OK for: simple-plist@1.3.1 want: 0.3.1
2825 silly placeDep ROOT plist@3.1.1 OK for: simple-plist@1.3.1 want: ^3.0.5
2826 silly fetch manifest @xmldom/xmldom@^0.9.10
2827 silly packumentCache full:https://registry.npmjs.org/@xmldom%2fxmldom cache-miss
2828 http cache https://registry.npmjs.org/@xmldom%2fxmldom 5ms (cache hit)
2829 silly packumentCache full:https://registry.npmjs.org/@xmldom%2fxmldom set size:166253 disposed:false
2830 silly placeDep node_modules/plist @xmldom/xmldom@0.9.10 OK for: plist@3.1.1 want: ^0.9.10
2831 silly placeDep ROOT sax@1.6.0 OK for: xml2js@0.6.0 want: >=0.6.0
2832 silly placeDep node_modules/xml2js xmlbuilder@11.0.1 OK for: xml2js@0.6.0 want: ~11.0.0
2833 silly placeDep ROOT cliui@8.0.1 OK for: yargs@17.7.2 want: ^8.0.1
2834 silly placeDep ROOT get-caller-file@2.0.5 OK for: yargs@17.7.2 want: ^2.0.5
2835 silly placeDep ROOT require-directory@2.1.1 OK for: yargs@17.7.2 want: ^2.1.1
2836 silly placeDep ROOT y18n@5.0.8 OK for: yargs@17.7.2 want: ^5.0.5
2837 silly placeDep ROOT yargs-parser@21.1.1 OK for: yargs@17.7.2 want: ^21.1.1
2838 silly placeDep node_modules/cliui strip-ansi@6.0.1 OK for: cliui@8.0.1 want: ^6.0.1
2839 silly placeDep node_modules/@react-native/babel-preset hermes-parser@0.32.0 OK for: babel-plugin-syntax-hermes-parser@0.32.0 want: 0.32.0
2840 silly placeDep node_modules/@react-native/babel-preset hermes-estree@0.32.0 OK for: hermes-parser@0.32.0 want: 0.32.0
2841 silly placeDep ROOT fs.realpath@1.0.0 OK for: glob@7.2.3 want: ^1.0.0
2842 silly placeDep ROOT inflight@1.0.6 OK for: glob@7.2.3 want: ^1.0.4
2843 silly placeDep node_modules/@react-native/codegen minimatch@3.1.5 OK for: glob@7.2.3 want: ^3.1.1
2844 silly placeDep ROOT once@1.4.0 OK for: glob@7.2.3 want: ^1.3.0
2845 silly placeDep ROOT path-is-absolute@1.0.1 OK for: glob@7.2.3 want: ^1.0.0
2846 silly fetch manifest wrappy@1
2847 silly packumentCache full:https://registry.npmjs.org/wrappy cache-miss
2848 silly fetch manifest brace-expansion@^1.1.7
2849 silly packumentCache full:https://registry.npmjs.org/brace-expansion cache-miss
2850 silly fetch manifest wrappy@1
2851 silly packumentCache full:https://registry.npmjs.org/wrappy cache-miss
2852 http cache https://registry.npmjs.org/brace-expansion 5ms (cache hit)
2853 silly packumentCache full:https://registry.npmjs.org/brace-expansion set size:70654 disposed:false
2854 http fetch GET 200 https://registry.npmjs.org/wrappy 53ms (cache miss)
2855 silly packumentCache full:https://registry.npmjs.org/wrappy set size:undefined disposed:false
2856 http fetch GET 200 https://registry.npmjs.org/wrappy 55ms (cache miss)
2857 silly packumentCache full:https://registry.npmjs.org/wrappy set size:undefined disposed:false
2858 silly placeDep ROOT wrappy@1.0.2 OK for: inflight@1.0.6 want: 1
2859 silly placeDep node_modules/@react-native/codegen hermes-estree@0.32.0 OK for: hermes-parser@0.32.0 want: 0.32.0
2860 silly placeDep node_modules/@react-native/codegen brace-expansion@1.1.14 OK for: minimatch@3.1.5 want: ^1.1.7
2861 silly fetch manifest concat-map@0.0.1
2862 silly packumentCache full:https://registry.npmjs.org/concat-map cache-miss
2863 silly fetch manifest balanced-match@^1.0.0
2864 silly packumentCache full:https://registry.npmjs.org/balanced-match cache-miss
2865 http cache https://registry.npmjs.org/balanced-match 4ms (cache hit)
2866 silly packumentCache full:https://registry.npmjs.org/balanced-match set size:39082 disposed:false
2867 http fetch GET 200 https://registry.npmjs.org/concat-map 52ms (cache miss)
2868 silly packumentCache full:https://registry.npmjs.org/concat-map set size:undefined disposed:false
2869 silly placeDep node_modules/@react-native/codegen balanced-match@1.0.2 OK for: brace-expansion@1.1.14 want: ^1.0.0
2870 silly placeDep ROOT concat-map@0.0.1 OK for: brace-expansion@1.1.14 want: 0.0.1
2871 silly placeDep node_modules/@react-native/community-cli-plugin @react-native/debugger-frontend@0.85.3 OK for: @react-native/dev-middleware@0.85.3 want: 0.85.3
2872 silly placeDep node_modules/@react-native/community-cli-plugin @react-native/debugger-shell@0.85.3 OK for: @react-native/dev-middleware@0.85.3 want: 0.85.3
2873 silly placeDep node_modules/@react-native/community-cli-plugin chromium-edge-launcher@0.3.0 OK for: @react-native/dev-middleware@0.85.3 want: ^0.3.0
2874 silly placeDep node_modules/@react-native/community-cli-plugin ws@7.5.10 OK for: @react-native/dev-middleware@0.85.3 want: ^7.5.10
2875 silly placeDep node_modules/@react-native/community-cli-plugin accepts@2.0.0 OK for: metro@0.84.4 want: ^2.0.0
2876 silly placeDep node_modules/@react-native/community-cli-plugin ci-info@2.0.0 OK for: metro@0.84.4 want: ^2.0.0
2877 silly placeDep node_modules/@react-native/community-cli-plugin hermes-parser@0.35.0 OK for: metro@0.84.4 want: 0.35.0
2878 silly placeDep node_modules/@react-native/community-cli-plugin metro-babel-transformer@0.84.4 OK for: metro@0.84.4 want: 0.84.4
2879 silly placeDep node_modules/@react-native/community-cli-plugin metro-cache@0.84.4 OK for: metro@0.84.4 want: 0.84.4
2880 silly placeDep node_modules/@react-native/community-cli-plugin metro-cache-key@0.84.4 OK for: metro@0.84.4 want: 0.84.4
2881 silly placeDep node_modules/@react-native/community-cli-plugin metro-file-map@0.84.4 OK for: metro@0.84.4 want: 0.84.4
2882 silly placeDep node_modules/@react-native/community-cli-plugin metro-resolver@0.84.4 OK for: metro@0.84.4 want: 0.84.4
2883 silly placeDep node_modules/@react-native/community-cli-plugin metro-runtime@0.84.4 OK for: metro@0.84.4 want: 0.84.4
2884 silly placeDep node_modules/@react-native/community-cli-plugin metro-source-map@0.84.4 OK for: metro@0.84.4 want: 0.84.4
2885 silly placeDep node_modules/@react-native/community-cli-plugin metro-symbolicate@0.84.4 OK for: metro@0.84.4 want: 0.84.4
2886 silly placeDep node_modules/@react-native/community-cli-plugin metro-transform-plugins@0.84.4 OK for: metro@0.84.4 want: 0.84.4
2887 silly placeDep node_modules/@react-native/community-cli-plugin metro-transform-worker@0.84.4 OK for: metro@0.84.4 want: 0.84.4
2888 silly placeDep node_modules/@react-native/community-cli-plugin mime-types@3.0.2 OK for: metro@0.84.4 want: ^3.0.1
2889 silly fetch manifest metro-minify-terser@0.84.4
2890 silly packumentCache full:https://registry.npmjs.org/metro-minify-terser cache-miss
2891 http cache https://registry.npmjs.org/metro-minify-terser 4ms (cache hit)
2892 silly packumentCache full:https://registry.npmjs.org/metro-minify-terser set size:266979 disposed:false
2893 silly placeDep node_modules/@react-native/community-cli-plugin negotiator@1.0.0 OK for: accepts@2.0.0 want: ^1.0.0
2894 silly placeDep node_modules/@react-native/community-cli-plugin hermes-estree@0.35.0 OK for: hermes-parser@0.35.0 want: 0.35.0
2895 silly placeDep node_modules/@react-native/community-cli-plugin ob1@0.84.4 OK for: metro-source-map@0.84.4 want: 0.84.4
2896 silly placeDep node_modules/@react-native/community-cli-plugin metro-minify-terser@0.84.4 OK for: metro-transform-worker@0.84.4 want: 0.84.4
2897 silly placeDep ROOT define-lazy-prop@2.0.0 OK for: open@8.4.2 want: ^2.0.0
2898 silly placeDep node_modules/compression ms@2.0.0 OK for: debug@2.6.9 want: 2.0.0
2899 silly placeDep node_modules/connect ms@2.0.0 OK for: debug@2.6.9 want: 2.0.0
2900 silly placeDep node_modules/finalhandler ms@2.0.0 OK for: debug@2.6.9 want: 2.0.0
2901 silly placeDep node_modules/lighthouse-logger ms@2.0.0 OK for: debug@2.6.9 want: 2.0.0
2902 silly placeDep node_modules/log-symbols ansi-styles@3.2.1 OK for: chalk@2.4.2 want: ^3.2.1
2903 silly placeDep node_modules/log-symbols escape-string-regexp@1.0.5 OK for: chalk@2.4.2 want: ^1.0.5
2904 silly placeDep node_modules/log-symbols supports-color@5.5.0 OK for: chalk@2.4.2 want: ^5.3.0
2905 silly fetch manifest color-convert@^1.9.0
2906 silly packumentCache full:https://registry.npmjs.org/color-convert cache-miss
2907 silly fetch manifest has-flag@^3.0.0
2908 silly packumentCache full:https://registry.npmjs.org/has-flag cache-miss
2909 http cache https://registry.npmjs.org/color-convert 6ms (cache hit)
2910 silly packumentCache full:https://registry.npmjs.org/color-convert set size:72663 disposed:false
2911 http cache https://registry.npmjs.org/has-flag 6ms (cache hit)
2912 silly packumentCache full:https://registry.npmjs.org/has-flag set size:15180 disposed:false
2913 silly placeDep node_modules/log-symbols color-convert@1.9.3 OK for: ansi-styles@3.2.1 want: ^1.9.0
2914 silly fetch manifest color-name@1.1.3
2915 silly packumentCache full:https://registry.npmjs.org/color-name cache-miss
2916 http cache https://registry.npmjs.org/color-name 3ms (cache hit)
2917 silly packumentCache full:https://registry.npmjs.org/color-name set size:19467 disposed:false
2918 silly placeDep node_modules/log-symbols color-name@1.1.3 OK for: color-convert@1.9.3 want: 1.1.3
2919 silly placeDep node_modules/log-symbols has-flag@3.0.0 OK for: supports-color@5.5.0 want: ^3.0.0
2920 silly placeDep node_modules/metro-babel-transformer hermes-estree@0.35.0 OK for: hermes-parser@0.35.0 want: 0.35.0
2921 silly placeDep node_modules/metro negotiator@1.0.0 OK for: accepts@2.0.0 want: ^1.0.0
2922 silly placeDep node_modules/metro hermes-estree@0.35.0 OK for: hermes-parser@0.35.0 want: 0.35.0
2923 silly placeDep node_modules/ora ansi-styles@3.2.1 OK for: chalk@2.4.2 want: ^3.2.1
2924 silly placeDep node_modules/ora escape-string-regexp@1.0.5 OK for: chalk@2.4.2 want: ^1.0.5
2925 silly placeDep node_modules/ora supports-color@5.5.0 OK for: chalk@2.4.2 want: ^5.3.0
2926 silly placeDep node_modules/ora color-convert@1.9.3 OK for: ansi-styles@3.2.1 want: ^1.9.0
2927 silly placeDep node_modules/ora color-name@1.1.3 OK for: color-convert@1.9.3 want: 1.1.3
2928 silly placeDep node_modules/ora has-flag@3.0.0 OK for: supports-color@5.5.0 want: ^3.0.0
2929 silly placeDep node_modules/react-native hermes-parser@0.33.3 OK for: @react-native/codegen@0.85.3 want: 0.33.3
2930 silly fetch manifest hermes-estree@0.33.3
2931 silly packumentCache full:https://registry.npmjs.org/hermes-estree cache-hit
2932 silly placeDep node_modules/react-native hermes-estree@0.33.3 OK for: hermes-parser@0.33.3 want: 0.33.3
2933 silly placeDep node_modules/react-native metro-symbolicate@0.84.4 OK for: metro-source-map@0.84.4 want: 0.84.4
2934 silly placeDep node_modules/react-native ob1@0.84.4 OK for: metro-source-map@0.84.4 want: 0.84.4
2935 silly placeDep node_modules/rimraf minimatch@3.1.5 OK for: glob@7.2.3 want: ^3.1.1
2936 silly placeDep node_modules/rimraf brace-expansion@1.1.14 OK for: minimatch@3.1.5 want: ^1.1.7
2937 silly placeDep node_modules/rimraf balanced-match@1.0.2 OK for: brace-expansion@1.1.14 want: ^1.0.0
2938 silly placeDep node_modules/send/node_modules/debug ms@2.0.0 OK for: debug@2.6.9 want: 2.0.0
2939 silly reify moves {}
2940 silly audit bulk request {
2940 silly audit   expo: [ '55.0.25' ],
2940 silly audit   react: [ '19.2.6' ],
2940 silly audit   'react-native': [ '0.85.3' ],
2940 silly audit   '@babel/runtime': [ '7.29.2' ],
2940 silly audit   '@expo/cli': [ '55.0.31' ],
2940 silly audit   '@expo/config': [ '55.0.17' ],
2940 silly audit   '@expo/config-plugins': [ '55.0.9' ],
2940 silly audit   '@expo/devtools': [ '55.0.3' ],
2940 silly audit   '@expo/fingerprint': [ '0.16.7' ],
2940 silly audit   '@expo/local-build-cache-provider': [ '55.0.13' ],
2940 silly audit   '@expo/log-box': [ '55.0.12' ],
2940 silly audit   '@expo/metro': [ '55.1.1' ],
2940 silly audit   '@expo/metro-config': [ '55.0.22' ],
2940 silly audit   '@expo/vector-icons': [ '15.1.1' ],
2940 silly audit   'expo-font': [ '55.0.8' ],
2940 silly audit   '@ungap/structured-clone': [ '1.3.1' ],
2940 silly audit   'babel-preset-expo': [ '55.0.22' ],
2940 silly audit   'react-refresh': [ '0.14.2' ],
2940 silly audit   'expo-asset': [ '55.0.17' ],
2940 silly audit   'expo-constants': [ '55.0.16' ],
2940 silly audit   'expo-file-system': [ '55.0.21' ],
2940 silly audit   'expo-keep-awake': [ '55.0.8' ],
2940 silly audit   'expo-modules-autolinking': [ '55.0.23' ],
2940 silly audit   'expo-modules-core': [ '55.0.25' ],
2940 silly audit   'pretty-format': [ '29.7.0' ],
2940 silly audit   'whatwg-url-minimum': [ '0.1.2' ],
2940 silly audit   '@expo/code-signing-certificates': [ '0.0.6' ],
2940 silly audit   '@expo/devcert': [ '1.2.1' ],
2940 silly audit   '@expo/env': [ '2.1.2' ],
2940 silly audit   '@expo/image-utils': [ '0.8.14' ],
2940 silly audit   '@expo/json-file': [ '10.0.14' ],
2940 silly audit   '@expo/osascript': [ '2.4.3' ],
2940 silly audit   '@expo/package-manager': [ '1.10.5' ],
2940 silly audit   '@expo/plist': [ '0.5.3' ],
2940 silly audit   '@expo/prebuild-config': [ '55.0.18' ],
2940 silly audit   '@expo/require-utils': [ '55.0.5' ],
2940 silly audit   '@expo/router-server': [ '55.0.17' ],
2940 silly audit   'expo-server': [ '55.0.10' ],
2940 silly audit   '@expo/schema-utils': [ '55.0.4' ],
2940 silly audit   '@expo/spawn-async': [ '1.8.0' ],
2940 silly audit   '@expo/ws-tunnel': [ '1.0.6' ],
2940 silly audit   '@expo/xcpretty': [ '4.4.4' ],
2940 silly audit   '@react-native/dev-middleware': [ '0.83.6', '0.85.3' ],
2940 silly audit   accepts: [ '1.3.8', '2.0.0' ],
2940 silly audit   arg: [ '5.0.2' ],
2940 silly audit   'better-opn': [ '3.0.2' ],
2940 silly audit   'bplist-creator': [ '0.1.0' ],
2940 silly audit   'bplist-parser': [ '0.3.2', '0.3.1' ],
2940 silly audit   chalk: [ '4.1.2', '2.4.2' ],
2940 silly audit   'ci-info': [ '3.9.0', '2.0.0' ],
2940 silly audit   compression: [ '1.8.1' ],
2940 silly audit   connect: [ '3.7.0' ],
2940 silly audit   debug: [ '4.4.3', '3.2.7', '2.6.9' ],
2940 silly audit   'dnssd-advertise': [ '1.1.4' ],
2940 silly audit   'fetch-nodeshim': [ '0.4.10' ],
2940 silly audit   getenv: [ '2.0.0' ],
2940 silly audit   glob: [ '13.0.6', '7.2.3' ],
2940 silly audit   'lan-network': [ '0.2.1' ],
2940 silly audit   multitars: [ '1.0.0' ],
2940 silly audit   'node-forge': [ '1.4.0' ],
2940 silly audit   'npm-package-arg': [ '11.0.3' ],
2940 silly audit   ora: [ '3.4.0' ],
2940 silly audit   picomatch: [ '4.0.4', '2.3.2' ],
2940 silly audit   progress: [ '2.0.3' ],
2940 silly audit   prompts: [ '2.4.2' ],
2940 silly audit   'resolve-from': [ '5.0.0' ],
2940 silly audit   semver: [ '7.8.0', '6.3.1' ],
2940 silly audit   send: [ '0.19.2' ],
2940 silly audit   slugify: [ '1.6.9' ],
2940 silly audit   'source-map-support': [ '0.5.21' ],
2940 silly audit   'stacktrace-parser': [ '0.1.11' ],
2940 silly audit   'structured-headers': [ '0.4.1' ],
2940 silly audit   'terminal-link': [ '2.1.1' ],
2940 silly audit   toqr: [ '0.1.1' ],
2940 silly audit   'wrap-ansi': [ '7.0.0' ],
2940 silly audit   ws: [ '8.20.1', '7.5.10' ],
2940 silly audit   zod: [ '3.25.76' ],
2940 silly audit   '@expo/config-types': [ '55.0.5' ],
2940 silly audit   deepmerge: [ '4.3.1' ],
2940 silly audit   'resolve-workspace-root': [ '2.0.1' ],
2940 silly audit   '@expo/sdk-runtime-versions': [ '1.0.0' ],
2940 silly audit   xcode: [ '3.0.1' ],
2940 silly audit   xml2js: [ '0.6.0' ],
2940 silly audit   '@expo/sudo-prompt': [ '9.3.2' ],
2940 silly audit   ignore: [ '5.3.2' ],
2940 silly audit   minimatch: [ '10.2.5', '3.1.5' ],
2940 silly audit   'jimp-compact': [ '0.16.1' ],
2940 silly audit   'parse-png': [ '2.1.0' ],
2940 silly audit   '@babel/code-frame': [ '7.29.0' ],
2940 silly audit   json5: [ '2.2.3' ],
2940 silly audit   '@babel/helper-validator-identifier': [ '7.28.5' ],
2940 silly audit   'js-tokens': [ '4.0.0' ],
2940 silly audit   picocolors: [ '1.1.1' ],
2940 silly audit   '@expo/dom-webview': [ '55.0.6' ],
2940 silly audit   anser: [ '1.4.10' ],
2940 silly audit   metro: [ '0.83.7', '0.84.4' ],
2940 silly audit   'metro-babel-transformer': [ '0.83.7', '0.84.4' ],
2940 silly audit   'metro-cache': [ '0.83.7', '0.84.4' ],
2940 silly audit   'metro-cache-key': [ '0.83.7', '0.84.4' ],
2940 silly audit   'metro-config': [ '0.83.7', '0.84.4' ],
2940 silly audit   'metro-core': [ '0.83.7', '0.84.4' ],
2940 silly audit   'metro-file-map': [ '0.83.7', '0.84.4' ],
2940 silly audit   'metro-minify-terser': [ '0.83.7', '0.84.4' ],
2940 silly audit   'metro-resolver': [ '0.83.7', '0.84.4' ],
2940 silly audit   'metro-runtime': [ '0.83.7', '0.84.4' ],
2940 silly audit   'metro-source-map': [ '0.83.7', '0.84.4' ],
2940 silly audit   'metro-symbolicate': [ '0.83.7', '0.84.4' ],
2940 silly audit   'metro-transform-plugins': [ '0.83.7', '0.84.4' ],
2940 silly audit   'metro-transform-worker': [ '0.83.7', '0.84.4' ],
2940 silly audit   '@babel/core': [ '7.29.0' ],
2940 silly audit   '@babel/generator': [ '7.29.1' ],
2940 silly audit   browserslist: [ '4.28.2' ],
2940 silly audit   'hermes-parser': [ '0.32.1', '0.32.0', '0.35.0', '0.33.3' ],
2940 silly audit   'jsc-safe-url': [ '0.2.4' ],
2940 silly audit   lightningcss: [ '1.32.0' ],
2940 silly audit   postcss: [ '8.5.15' ],
2940 silly audit   '@babel/helper-compilation-targets': [ '7.28.6' ],
2940 silly audit   '@babel/helper-module-transforms': [ '7.28.6' ],
2940 silly audit   '@babel/helpers': [ '7.29.2' ],
2940 silly audit   '@babel/parser': [ '7.29.3' ],
2940 silly audit   '@babel/template': [ '7.28.6' ],
2940 silly audit   '@babel/traverse': [ '7.29.0' ],
2940 silly audit   '@babel/types': [ '7.29.0' ],
2940 silly audit   '@jridgewell/remapping': [ '2.3.5' ],
2940 silly audit   'convert-source-map': [ '2.0.0' ],
2940 silly audit   gensync: [ '1.0.0-beta.2' ],
2940 silly audit   '@jridgewell/gen-mapping': [ '0.3.13' ],
2940 silly audit   '@jridgewell/trace-mapping': [ '0.3.31' ],
2940 silly audit   jsesc: [ '3.1.0' ],
2940 silly audit   '@babel/compat-data': [ '7.29.3' ],
2940 silly audit   '@babel/helper-validator-option': [ '7.27.1' ],
2940 silly audit   'lru-cache': [ '5.1.1', '10.4.3', '11.5.0' ],
2940 silly audit   '@babel/helper-module-imports': [ '7.28.6' ],
2940 silly audit   '@babel/helper-globals': [ '7.28.0' ],
2940 silly audit   '@babel/helper-string-parser': [ '7.27.1' ],
2940 silly audit   '@xmldom/xmldom': [ '0.8.13', '0.9.10' ],
2940 silly audit   'base64-js': [ '1.5.1' ],
2940 silly audit   xmlbuilder: [ '15.1.1', '11.0.1' ],
2940 silly audit   '@react-native/normalize-colors': [ '0.83.6', '0.85.3' ],
2940 silly audit   '@babel/plugin-transform-modules-commonjs': [ '7.28.6' ],
2940 silly audit   '@babel/helper-plugin-utils': [ '7.28.6' ],
2940 silly audit   'cross-spawn': [ '7.0.6' ],
2940 silly audit   'js-yaml': [ '4.1.1' ],
2940 silly audit   '@jridgewell/sourcemap-codec': [ '1.5.5' ],
2940 silly audit   '@jridgewell/resolve-uri': [ '3.1.2' ],
2940 silly audit   '@isaacs/ttlcache': [ '1.4.1' ],
2940 silly audit   '@react-native/debugger-frontend': [ '0.83.6', '0.85.3' ],
2940 silly audit   '@react-native/debugger-shell': [ '0.83.6', '0.85.3' ],
2940 silly audit   'chrome-launcher': [ '0.15.2' ],
2940 silly audit   'chromium-edge-launcher': [ '0.2.0', '0.3.0' ],
2940 silly audit   invariant: [ '2.2.4' ],
2940 silly audit   nullthrows: [ '1.1.1' ],
2940 silly audit   open: [ '7.4.2', '8.4.2' ],
2940 silly audit   'serve-static': [ '1.16.3' ],
2940 silly audit   'fb-dotslash': [ '0.5.8' ],
2940 silly audit   'mime-types': [ '2.1.35', '3.0.2' ],
2940 silly audit   negotiator: [ '0.6.3', '0.6.4', '1.0.0' ],
2940 silly audit   '@babel/plugin-proposal-decorators': [ '7.29.0' ],
2940 silly audit   '@babel/plugin-proposal-export-default-from': [ '7.27.1' ],
2940 silly audit   '@babel/plugin-syntax-export-default-from': [ '7.28.6' ],
2940 silly audit   '@babel/plugin-transform-class-static-block': [ '7.28.6' ],
2940 silly audit   '@babel/plugin-transform-export-namespace-from': [ '7.27.1' ],
2940 silly audit   '@babel/plugin-transform-flow-strip-types': [ '7.27.1' ],
2940 silly audit   '@babel/plugin-transform-object-rest-spread': [ '7.28.6' ],
2940 silly audit   '@babel/plugin-transform-parameters': [ '7.27.7' ],
2940 silly audit   '@babel/plugin-transform-private-methods': [ '7.28.6' ],
2940 silly audit   '@babel/plugin-transform-private-property-in-object': [ '7.28.6' ],
2940 silly audit   '@babel/plugin-transform-runtime': [ '7.29.0' ],
2940 silly audit   '@babel/preset-react': [ '7.28.5' ],
2940 silly audit   '@babel/preset-typescript': [ '7.28.5' ],
2940 silly audit   '@react-native/babel-preset': [ '0.83.6' ],
2940 silly audit   'babel-plugin-react-compiler': [ '1.0.0' ],
2940 silly audit   'babel-plugin-react-native-web': [ '0.21.2' ],
2940 silly audit   'babel-plugin-syntax-hermes-parser': [ '0.32.1', '0.32.0', '0.33.3' ],
2940 silly audit   'babel-plugin-transform-flow-enums': [ '0.0.2' ],
2940 silly audit   '@babel/helper-create-class-features-plugin': [ '7.29.3' ],
2940 silly audit   '@babel/plugin-syntax-decorators': [ '7.28.6' ],
2940 silly audit   '@babel/helper-annotate-as-pure': [ '7.27.3' ],
2940 silly audit   '@babel/helper-member-expression-to-functions': [ '7.28.5' ],
2940 silly audit   '@babel/helper-optimise-call-expression': [ '7.27.1' ],
2940 silly audit   '@babel/helper-replace-supers': [ '7.28.6' ],
2940 silly audit   '@babel/helper-skip-transparent-expression-wrappers': [ '7.27.1' ],
2940 silly audit   '@babel/plugin-syntax-flow': [ '7.28.6' ],
2940 silly audit   '@babel/plugin-transform-destructuring': [ '7.28.5' ],
2940 silly audit   'babel-plugin-polyfill-corejs2': [ '0.4.17' ],
2940 silly audit   'babel-plugin-polyfill-corejs3': [ '0.13.0' ],
2940 silly audit   'babel-plugin-polyfill-regenerator': [ '0.6.8' ],
2940 silly audit   '@babel/plugin-transform-react-display-name': [ '7.28.0' ],
2940 silly audit   '@babel/plugin-transform-react-jsx': [ '7.28.6' ],
2940 silly audit   '@babel/plugin-transform-react-jsx-development': [ '7.27.1' ],
2940 silly audit   '@babel/plugin-transform-react-pure-annotations': [ '7.27.1' ],
2940 silly audit   '@babel/plugin-syntax-jsx': [ '7.28.6' ],
2940 silly audit   '@babel/plugin-transform-typescript': [ '7.28.6' ],
2940 silly audit   '@babel/plugin-syntax-typescript': [ '7.28.6' ],
2940 silly audit   '@babel/plugin-syntax-dynamic-import': [ '7.8.3' ],
2940 silly audit   '@babel/plugin-syntax-nullish-coalescing-operator': [ '7.8.3' ],
2940 silly audit   '@babel/plugin-syntax-optional-chaining': [ '7.8.3' ],
2940 silly audit   '@babel/plugin-transform-arrow-functions': [ '7.27.1' ],
2940 silly audit   '@babel/plugin-transform-async-generator-functions': [ '7.29.0' ],
2940 silly audit   '@babel/plugin-transform-async-to-generator': [ '7.28.6' ],
2940 silly audit   '@babel/plugin-transform-block-scoping': [ '7.28.6' ],
2940 silly audit   '@babel/plugin-transform-class-properties': [ '7.28.6' ],
2940 silly audit   '@babel/plugin-transform-classes': [ '7.28.6' ],
2940 silly audit   '@babel/plugin-transform-computed-properties': [ '7.28.6' ],
2940 silly audit   '@babel/plugin-transform-for-of': [ '7.27.1' ],
2940 silly audit   '@babel/plugin-transform-function-name': [ '7.27.1' ],
2940 silly audit   '@babel/plugin-transform-literals': [ '7.27.1' ],
2940 silly audit   '@babel/plugin-transform-logical-assignment-operators': [ '7.28.6' ],
2940 silly audit   '@babel/plugin-transform-named-capturing-groups-regex': [ '7.29.0' ],
2940 silly audit   '@babel/plugin-transform-nullish-coalescing-operator': [ '7.28.6' ],
2940 silly audit   '@babel/plugin-transform-numeric-separator': [ '7.28.6' ],
2940 silly audit   '@babel/plugin-transform-optional-catch-binding': [ '7.28.6' ],
2940 silly audit   '@babel/plugin-transform-optional-chaining': [ '7.28.6' ],
2940 silly audit   '@babel/plugin-transform-react-jsx-self': [ '7.27.1' ],
2940 silly audit   '@babel/plugin-transform-react-jsx-source': [ '7.27.1' ],
2940 silly audit   '@babel/plugin-transform-regenerator': [ '7.29.0' ],
2940 silly audit   '@babel/plugin-transform-shorthand-properties': [ '7.27.1' ],
2940 silly audit   '@babel/plugin-transform-spread': [ '7.28.6' ],
2940 silly audit   '@babel/plugin-transform-sticky-regex': [ '7.27.1' ],
2940 silly audit   '@babel/plugin-transform-unicode-regex': [ '7.27.1' ],
2940 silly audit   '@react-native/babel-plugin-codegen': [ '0.83.6' ],
2940 silly audit   '@babel/helper-remap-async-to-generator': [ '7.27.1' ],
2940 silly audit   '@babel/helper-wrap-function': [ '7.28.6' ],
2940 silly audit   '@babel/helper-create-regexp-features-plugin': [ '7.28.5' ],
2940 silly audit   'regexpu-core': [ '6.4.0' ],
2940 silly audit   '@react-native/codegen': [ '0.83.6', '0.85.3' ],
2940 silly audit   yargs: [ '17.7.2' ],
2940 silly audit   '@babel/helper-define-polyfill-provider': [ '0.6.8' ],
2940 silly audit   'lodash.debounce': [ '4.0.8' ],
2940 silly audit   resolve: [ '1.22.12' ],
2940 silly audit   'core-js-compat': [ '3.49.0' ],
2940 silly audit   'stream-buffers': [ '2.2.0' ],
2940 silly audit   'big-integer': [ '1.6.52' ],
2940 silly audit   'baseline-browser-mapping': [ '2.10.31' ],
2940 silly audit   'caniuse-lite': [ '1.0.30001793' ],
2940 silly audit   'electron-to-chromium': [ '1.5.360' ],
2940 silly audit   'node-releases': [ '2.0.44' ],
2940 silly audit   'update-browserslist-db': [ '1.2.3' ],
2940 silly audit   'ansi-styles': [ '4.3.0', '5.2.0', '3.2.1' ],
2940 silly audit   'supports-color': [ '7.2.0', '8.1.1', '5.5.0' ],
2940 silly audit   'color-convert': [ '2.0.1', '1.9.3' ],
2940 silly audit   '@types/node': [ '25.9.1' ],
2940 silly audit   'escape-string-regexp': [ '4.0.0', '1.0.5' ],
2940 silly audit   'is-wsl': [ '2.2.0' ],
2940 silly audit   'lighthouse-logger': [ '1.4.2' ],
2940 silly audit   'undici-types': [ '7.24.6' ],
2940 silly audit   mkdirp: [ '1.0.4' ],
2940 silly audit   rimraf: [ '3.0.2' ],
2940 silly audit   'color-name': [ '1.1.4', '1.1.3' ],
2940 silly audit   bytes: [ '3.1.2' ],
2940 silly audit   compressible: [ '2.0.18' ],
2940 silly audit   'on-headers': [ '1.1.0' ],
2940 silly audit   'safe-buffer': [ '5.2.1' ],
2940 silly audit   vary: [ '1.1.2' ],
2940 silly audit   'mime-db': [ '1.54.0', '1.52.0' ],
2940 silly audit   finalhandler: [ '1.1.2' ],
2940 silly audit   parseurl: [ '1.3.3' ],
2940 silly audit   'utils-merge': [ '1.0.1' ],
2940 silly audit   'path-key': [ '3.1.1' ],
2940 silly audit   'shebang-command': [ '2.0.0' ],
2940 silly audit   which: [ '2.0.2' ],
2940 silly audit   ms: [ '2.1.3', '2.0.0' ],
2940 silly audit   fontfaceobserver: [ '2.3.0' ],
2940 silly audit   commander: [ '7.2.0', '12.1.0', '2.20.3' ],
2940 silly audit   encodeurl: [ '1.0.2', '2.0.0' ],
2940 silly audit   'escape-html': [ '1.0.3' ],
2940 silly audit   'on-finished': [ '2.3.0', '2.4.1' ],
2940 silly audit   statuses: [ '1.5.0', '2.0.2' ],
2940 silly audit   unpipe: [ '1.0.0' ],
2940 silly audit   minipass: [ '7.1.3' ],
2940 silly audit   'path-scurry': [ '2.0.2' ],
2940 silly audit   'hermes-estree': [ '0.32.1', '0.32.0', '0.35.0', '0.33.3' ],
2940 silly audit   'loose-envify': [ '1.4.0' ],
2940 silly audit   'is-docker': [ '2.2.1' ],
2940 silly audit   argparse: [ '2.0.1' ],
2940 silly audit   marky: [ '1.3.0' ],
2940 silly audit   'detect-libc': [ '2.1.2' ],
2940 silly audit   'lightningcss-android-arm64': [ '1.32.0' ],
2940 silly audit   'lightningcss-darwin-arm64': [ '1.32.0' ],
2940 silly audit   'lightningcss-darwin-x64': [ '1.32.0' ],
2940 silly audit   'lightningcss-freebsd-x64': [ '1.32.0' ],
2940 silly audit   'lightningcss-linux-arm-gnueabihf': [ '1.32.0' ],
2940 silly audit   'lightningcss-linux-arm64-gnu': [ '1.32.0' ],
2940 silly audit   'lightningcss-linux-arm64-musl': [ '1.32.0' ],
2940 silly audit   'lightningcss-linux-x64-gnu': [ '1.32.0' ],
2940 silly audit   'lightningcss-linux-x64-musl': [ '1.32.0' ],
2940 silly audit   'lightningcss-win32-arm64-msvc': [ '1.32.0' ],
2940 silly audit   'lightningcss-win32-x64-msvc': [ '1.32.0' ],
2940 silly audit   yallist: [ '3.1.1' ],
2940 silly audit   'error-stack-parser': [ '2.1.4' ],
2940 silly audit   'flow-enums-runtime': [ '0.0.6' ],
2940 silly audit   'graceful-fs': [ '4.2.11' ],
2940 silly audit   'image-size': [ '1.2.1' ],
2940 silly audit   'jest-worker': [ '29.7.0' ],
2940 silly audit   'lodash.throttle': [ '4.1.1' ],
2940 silly audit   'serialize-error': [ '2.1.0' ],
2940 silly audit   'source-map': [ '0.5.7', '0.6.1' ],
2940 silly audit   throat: [ '5.0.0' ],
2940 silly audit   stackframe: [ '1.3.4' ],
2940 silly audit   queue: [ '6.0.2' ],
2940 silly audit   'jest-util': [ '29.7.0' ],
2940 silly audit   'merge-stream': [ '2.0.0' ],
2940 silly audit   '@jest/types': [ '29.6.3' ],
2940 silly audit   '@jest/schemas': [ '29.6.3' ],
2940 silly audit   '@types/istanbul-lib-coverage': [ '2.0.6' ],
2940 silly audit   '@types/istanbul-reports': [ '3.0.4' ],
2940 silly audit   '@types/yargs': [ '17.0.35' ],
2940 silly audit   '@sinclair/typebox': [ '0.27.10' ],
2940 silly audit   '@types/istanbul-lib-report': [ '3.0.3' ],
2940 silly audit   '@types/yargs-parser': [ '21.0.3' ],
2940 silly audit   'exponential-backoff': [ '3.1.3' ],
2940 silly audit   'https-proxy-agent': [ '7.0.6' ],
2940 silly audit   'agent-base': [ '7.1.4' ],
2940 silly audit   'jest-validate': [ '29.7.0' ],
2940 silly audit   yaml: [ '2.9.0' ],
2940 silly audit   camelcase: [ '6.3.0' ],
2940 silly audit   'jest-get-type': [ '29.6.3' ],
2940 silly audit   leven: [ '3.1.0' ],
2940 silly audit   'fb-watchman': [ '2.0.2' ],
2940 silly audit   micromatch: [ '4.0.8' ],
2940 silly audit   walker: [ '1.0.8' ],
2940 silly audit   bser: [ '2.1.1' ],
2940 silly audit   'node-int64': [ '0.4.0' ],
2940 silly audit   terser: [ '5.47.1' ],
2940 silly audit   ob1: [ '0.83.7', '0.84.4' ],
2940 silly audit   vlq: [ '1.0.1' ],
2940 silly audit   braces: [ '3.0.3' ],
2940 silly audit   'fill-range': [ '7.1.1' ],
2940 silly audit   'to-regex-range': [ '5.0.1' ],
2940 silly audit   'brace-expansion': [ '5.0.6', '1.1.14' ],
2940 silly audit   'balanced-match': [ '4.0.4', '1.0.2' ],
2940 silly audit   'hosted-git-info': [ '7.0.2' ],
2940 silly audit   'proc-log': [ '4.2.0' ],
2940 silly audit   'validate-npm-package-name': [ '5.0.1' ],
2940 silly audit   'ee-first': [ '1.1.1' ],
2940 silly audit   'cli-cursor': [ '2.1.0' ],
2940 silly audit   'cli-spinners': [ '2.9.2' ],
2940 silly audit   'log-symbols': [ '2.2.0' ],
2940 silly audit   'strip-ansi': [ '5.2.0', '6.0.1' ],
2940 silly audit   wcwidth: [ '1.0.1' ],
2940 silly audit   'restore-cursor': [ '2.0.0' ],
2940 silly audit   pngjs: [ '3.4.0' ],
2940 silly audit   nanoid: [ '3.3.12' ],
2940 silly audit   'source-map-js': [ '1.2.1' ],
2940 silly audit   'react-is': [ '18.3.1' ],
2940 silly audit   kleur: [ '3.0.3' ],
2940 silly audit   sisteransi: [ '1.0.5' ],
2940 silly audit   inherits: [ '2.0.4' ],
2940 silly audit   '@react-native/assets-registry': [ '0.85.3' ],
2940 silly audit   '@react-native/community-cli-plugin': [ '0.85.3' ],
2940 silly audit   '@react-native/gradle-plugin': [ '0.85.3' ],
2940 silly audit   '@react-native/js-polyfills': [ '0.85.3' ],
2940 silly audit   '@react-native/virtualized-lists': [ '0.85.3' ],
2940 silly audit   'abort-controller': [ '3.0.0' ],
2940 silly audit   'ansi-regex': [ '5.0.1', '4.1.1' ],
2940 silly audit   'hermes-compiler': [ '250829098.0.10' ],
2940 silly audit   'memoize-one': [ '5.2.1' ],
2940 silly audit   promise: [ '8.3.0' ],
2940 silly audit   'react-devtools-core': [ '6.1.5' ],
2940 silly audit   'regenerator-runtime': [ '0.13.11' ],
2940 silly audit   scheduler: [ '0.27.0' ],
2940 silly audit   tinyglobby: [ '0.2.16' ],
2940 silly audit   'whatwg-fetch': [ '3.6.20' ],
2940 silly audit   'event-target-shim': [ '5.0.1' ],
2940 silly audit   asap: [ '2.0.6' ],
2940 silly audit   'shell-quote': [ '1.8.3' ],
2940 silly audit   regenerate: [ '1.4.2' ],
2940 silly audit   'regenerate-unicode-properties': [ '10.2.2' ],
2940 silly audit   regjsgen: [ '0.8.0' ],
2940 silly audit   regjsparser: [ '0.13.1' ],
2940 silly audit   'unicode-match-property-ecmascript': [ '2.0.0' ],
2940 silly audit   'unicode-match-property-value-ecmascript': [ '2.2.1' ],
2940 silly audit   'es-errors': [ '1.3.0' ],
2940 silly audit   'is-core-module': [ '2.16.2' ],
2940 silly audit   'path-parse': [ '1.0.7' ],
2940 silly audit   'supports-preserve-symlinks-flag': [ '1.0.0' ],
2940 silly audit   hasown: [ '2.0.3' ],
2940 silly audit   'function-bind': [ '1.1.2' ],
2940 silly audit   onetime: [ '2.0.1' ],
2940 silly audit   'signal-exit': [ '3.0.7' ],
2940 silly audit   'mimic-fn': [ '1.2.0' ],
2940 silly audit   depd: [ '2.0.0' ],
2940 silly audit   destroy: [ '1.2.0' ],
2940 silly audit   etag: [ '1.8.1' ],
2940 silly audit   fresh: [ '0.5.2' ],
2940 silly audit   'http-errors': [ '2.0.1' ],
2940 silly audit   mime: [ '1.6.0' ],
2940 silly audit   'range-parser': [ '1.2.1' ],
2940 silly audit   setprototypeof: [ '1.2.0' ],
2940 silly audit   toidentifier: [ '1.0.1' ],
2940 silly audit   'shebang-regex': [ '3.0.0' ],
2940 silly audit   'buffer-from': [ '1.1.2' ],
2940 silly audit   'type-fest': [ '0.7.1', '0.21.3' ],
2940 silly audit   'has-flag': [ '4.0.0', '3.0.0' ],
2940 silly audit   'ansi-escapes': [ '4.3.2' ],
2940 silly audit   'supports-hyperlinks': [ '2.3.0' ],
2940 silly audit   '@jridgewell/source-map': [ '0.3.11' ],
2940 silly audit   acorn: [ '8.16.0' ],
2940 silly audit   fdir: [ '6.5.0' ],
2940 silly audit   'is-number': [ '7.0.0' ],
2940 silly audit   'unicode-canonical-property-names-ecmascript': [ '2.0.1' ],
2940 silly audit   'unicode-property-aliases-ecmascript': [ '2.2.0' ],
2940 silly audit   escalade: [ '3.2.0' ],
2940 silly audit   makeerror: [ '1.0.12' ],
2940 silly audit   tmpl: [ '1.0.5' ],
2940 silly audit   defaults: [ '1.0.4' ],
2940 silly audit   clone: [ '1.0.4' ],
2940 silly audit   isexe: [ '2.0.0' ],
2940 silly audit   'string-width': [ '4.2.3' ],
2940 silly audit   'emoji-regex': [ '8.0.0' ],
2940 silly audit   'is-fullwidth-code-point': [ '3.0.0' ],
2940 silly audit   'simple-plist': [ '1.3.1' ],
2940 silly audit   uuid: [ '7.0.3' ],
2940 silly audit   plist: [ '3.1.1' ],
2940 silly audit   sax: [ '1.6.0' ],
2940 silly audit   cliui: [ '8.0.1' ],
2940 silly audit   'get-caller-file': [ '2.0.5' ],
2940 silly audit   'require-directory': [ '2.1.1' ],
2940 silly audit   y18n: [ '5.0.8' ],
2940 silly audit   'yargs-parser': [ '21.1.1' ],
2940 silly audit   'fs.realpath': [ '1.0.0' ],
2940 silly audit   inflight: [ '1.0.6' ],
2940 silly audit   once: [ '1.4.0' ],
2940 silly audit   'path-is-absolute': [ '1.0.1' ],
2940 silly audit   wrappy: [ '1.0.2' ],
2940 silly audit   'concat-map': [ '0.0.1' ],
2940 silly audit   'define-lazy-prop': [ '2.0.0' ]
2940 silly audit }
2941 http cache define-lazy-prop@https://registry.npmjs.org/define-lazy-prop/-/define-lazy-prop-2.0.0.tgz 1ms (cache hit)
2942 http cache concat-map@https://registry.npmjs.org/concat-map/-/concat-map-0.0.1.tgz 0ms (cache hit)
2943 http cache wrappy@https://registry.npmjs.org/wrappy/-/wrappy-1.0.2.tgz 0ms (cache hit)
2944 http cache path-is-absolute@https://registry.npmjs.org/path-is-absolute/-/path-is-absolute-1.0.1.tgz 0ms (cache hit)
2945 http cache inflight@https://registry.npmjs.org/inflight/-/inflight-1.0.6.tgz 0ms (cache hit)
2946 http cache once@https://registry.npmjs.org/once/-/once-1.4.0.tgz 0ms (cache hit)
2947 http cache y18n@https://registry.npmjs.org/y18n/-/y18n-5.0.8.tgz 0ms (cache hit)
2948 http cache yargs-parser@https://registry.npmjs.org/yargs-parser/-/yargs-parser-21.1.1.tgz 0ms (cache hit)
2949 http cache require-directory@https://registry.npmjs.org/require-directory/-/require-directory-2.1.1.tgz 0ms (cache hit)
2950 http cache get-caller-file@https://registry.npmjs.org/get-caller-file/-/get-caller-file-2.0.5.tgz 0ms (cache hit)
2951 http cache sax@https://registry.npmjs.org/sax/-/sax-1.6.0.tgz 0ms (cache hit)
2952 http cache plist@https://registry.npmjs.org/plist/-/plist-3.1.1.tgz 0ms (cache hit)
2953 http cache cliui@https://registry.npmjs.org/cliui/-/cliui-8.0.1.tgz 0ms (cache hit)
2954 http cache uuid@https://registry.npmjs.org/uuid/-/uuid-7.0.3.tgz 0ms (cache hit)
2955 http cache fs.realpath@https://registry.npmjs.org/fs.realpath/-/fs.realpath-1.0.0.tgz 0ms (cache hit)
2956 http cache is-fullwidth-code-point@https://registry.npmjs.org/is-fullwidth-code-point/-/is-fullwidth-code-point-3.0.0.tgz 0ms (cache hit)
2957 http cache emoji-regex@https://registry.npmjs.org/emoji-regex/-/emoji-regex-8.0.0.tgz 0ms (cache hit)
2958 http cache simple-plist@https://registry.npmjs.org/simple-plist/-/simple-plist-1.3.1.tgz 0ms (cache hit)
2959 http cache string-width@https://registry.npmjs.org/string-width/-/string-width-4.2.3.tgz 0ms (cache hit)
2960 http cache isexe@https://registry.npmjs.org/isexe/-/isexe-2.0.0.tgz 0ms (cache hit)
2961 http cache defaults@https://registry.npmjs.org/defaults/-/defaults-1.0.4.tgz 0ms (cache hit)
2962 http cache clone@https://registry.npmjs.org/clone/-/clone-1.0.4.tgz 0ms (cache hit)
2963 http cache tmpl@https://registry.npmjs.org/tmpl/-/tmpl-1.0.5.tgz 0ms (cache hit)
2964 http cache makeerror@https://registry.npmjs.org/makeerror/-/makeerror-1.0.12.tgz 0ms (cache hit)
2965 http cache unicode-property-aliases-ecmascript@https://registry.npmjs.org/unicode-property-aliases-ecmascript/-/unicode-property-aliases-ecmascript-2.2.0.tgz 0ms (cache hit)
2966 http cache unicode-canonical-property-names-ecmascript@https://registry.npmjs.org/unicode-canonical-property-names-ecmascript/-/unicode-canonical-property-names-ecmascript-2.0.1.tgz 0ms (cache hit)
2967 http cache is-number@https://registry.npmjs.org/is-number/-/is-number-7.0.0.tgz 0ms (cache hit)
2968 http cache fdir@https://registry.npmjs.org/fdir/-/fdir-6.5.0.tgz 0ms (cache hit)
2969 http cache escalade@https://registry.npmjs.org/escalade/-/escalade-3.2.0.tgz 0ms (cache hit)
2970 http cache acorn@https://registry.npmjs.org/acorn/-/acorn-8.16.0.tgz 0ms (cache hit)
2971 http cache ansi-escapes@https://registry.npmjs.org/ansi-escapes/-/ansi-escapes-4.3.2.tgz 0ms (cache hit)
2972 http cache supports-hyperlinks@https://registry.npmjs.org/supports-hyperlinks/-/supports-hyperlinks-2.3.0.tgz 0ms (cache hit)
2973 http cache type-fest@https://registry.npmjs.org/type-fest/-/type-fest-0.7.1.tgz 0ms (cache hit)
2974 http cache @jridgewell/source-map@https://registry.npmjs.org/@jridgewell/source-map/-/source-map-0.3.11.tgz 0ms (cache hit)
2975 http cache has-flag@https://registry.npmjs.org/has-flag/-/has-flag-4.0.0.tgz 0ms (cache hit)
2976 http cache buffer-from@https://registry.npmjs.org/buffer-from/-/buffer-from-1.1.2.tgz 0ms (cache hit)
2977 http cache setprototypeof@https://registry.npmjs.org/setprototypeof/-/setprototypeof-1.2.0.tgz 0ms (cache hit)
2978 http cache shebang-regex@https://registry.npmjs.org/shebang-regex/-/shebang-regex-3.0.0.tgz 0ms (cache hit)
2979 http cache toidentifier@https://registry.npmjs.org/toidentifier/-/toidentifier-1.0.1.tgz 0ms (cache hit)
2980 http cache range-parser@https://registry.npmjs.org/range-parser/-/range-parser-1.2.1.tgz 0ms (cache hit)
2981 http cache mime@https://registry.npmjs.org/mime/-/mime-1.6.0.tgz 0ms (cache hit)
2982 http cache fresh@https://registry.npmjs.org/fresh/-/fresh-0.5.2.tgz 0ms (cache hit)
2983 http cache etag@https://registry.npmjs.org/etag/-/etag-1.8.1.tgz 0ms (cache hit)
2984 http cache destroy@https://registry.npmjs.org/destroy/-/destroy-1.2.0.tgz 0ms (cache hit)
2985 http cache mimic-fn@https://registry.npmjs.org/mimic-fn/-/mimic-fn-1.2.0.tgz 0ms (cache hit)
2986 http cache depd@https://registry.npmjs.org/depd/-/depd-2.0.0.tgz 0ms (cache hit)
2987 http cache signal-exit@https://registry.npmjs.org/signal-exit/-/signal-exit-3.0.7.tgz 0ms (cache hit)
2988 http cache http-errors@https://registry.npmjs.org/http-errors/-/http-errors-2.0.1.tgz 0ms (cache hit)
2989 http cache onetime@https://registry.npmjs.org/onetime/-/onetime-2.0.1.tgz 0ms (cache hit)
2990 http cache path-parse@https://registry.npmjs.org/path-parse/-/path-parse-1.0.7.tgz 0ms (cache hit)
2991 http cache hasown@https://registry.npmjs.org/hasown/-/hasown-2.0.3.tgz 0ms (cache hit)
2992 http cache supports-preserve-symlinks-flag@https://registry.npmjs.org/supports-preserve-symlinks-flag/-/supports-preserve-symlinks-flag-1.0.0.tgz 0ms (cache hit)
2993 http cache is-core-module@https://registry.npmjs.org/is-core-module/-/is-core-module-2.16.2.tgz 0ms (cache hit)
2994 http cache es-errors@https://registry.npmjs.org/es-errors/-/es-errors-1.3.0.tgz 0ms (cache hit)
2995 http cache unicode-match-property-ecmascript@https://registry.npmjs.org/unicode-match-property-ecmascript/-/unicode-match-property-ecmascript-2.0.0.tgz 0ms (cache hit)
2996 http cache unicode-match-property-value-ecmascript@https://registry.npmjs.org/unicode-match-property-value-ecmascript/-/unicode-match-property-value-ecmascript-2.2.1.tgz 0ms (cache hit)
2997 http cache regjsgen@https://registry.npmjs.org/regjsgen/-/regjsgen-0.8.0.tgz 0ms (cache hit)
2998 http cache regjsparser@https://registry.npmjs.org/regjsparser/-/regjsparser-0.13.1.tgz 0ms (cache hit)
2999 http cache regenerate@https://registry.npmjs.org/regenerate/-/regenerate-1.4.2.tgz 0ms (cache hit)
3000 http cache regenerate-unicode-properties@https://registry.npmjs.org/regenerate-unicode-properties/-/regenerate-unicode-properties-10.2.2.tgz 0ms (cache hit)
3001 http cache shell-quote@https://registry.npmjs.org/shell-quote/-/shell-quote-1.8.3.tgz 0ms (cache hit)
3002 http cache whatwg-fetch@https://registry.npmjs.org/whatwg-fetch/-/whatwg-fetch-3.6.20.tgz 0ms (cache hit)
3003 http cache event-target-shim@https://registry.npmjs.org/event-target-shim/-/event-target-shim-5.0.1.tgz 0ms (cache hit)
3004 http cache asap@https://registry.npmjs.org/asap/-/asap-2.0.6.tgz 0ms (cache hit)
3005 http cache tinyglobby@https://registry.npmjs.org/tinyglobby/-/tinyglobby-0.2.16.tgz 0ms (cache hit)
3006 http cache scheduler@https://registry.npmjs.org/scheduler/-/scheduler-0.27.0.tgz 0ms (cache hit)
3007 http cache regenerator-runtime@https://registry.npmjs.org/regenerator-runtime/-/regenerator-runtime-0.13.11.tgz 0ms (cache hit)
3008 http cache react-devtools-core@https://registry.npmjs.org/react-devtools-core/-/react-devtools-core-6.1.5.tgz 0ms (cache hit)
3009 http cache hermes-compiler@https://registry.npmjs.org/hermes-compiler/-/hermes-compiler-250829098.0.10.tgz 0ms (cache hit)
3010 http cache ansi-regex@https://registry.npmjs.org/ansi-regex/-/ansi-regex-5.0.1.tgz 0ms (cache hit)
3011 http cache function-bind@https://registry.npmjs.org/function-bind/-/function-bind-1.1.2.tgz 0ms (cache hit)
3012 http cache promise@https://registry.npmjs.org/promise/-/promise-8.3.0.tgz 0ms (cache hit)
3013 http cache abort-controller@https://registry.npmjs.org/abort-controller/-/abort-controller-3.0.0.tgz 0ms (cache hit)
3014 http cache @react-native/gradle-plugin@https://registry.npmjs.org/@react-native/gradle-plugin/-/gradle-plugin-0.85.3.tgz 0ms (cache hit)
3015 http cache @react-native/js-polyfills@https://registry.npmjs.org/@react-native/js-polyfills/-/js-polyfills-0.85.3.tgz 0ms (cache hit)
3016 http cache @react-native/virtualized-lists@https://registry.npmjs.org/@react-native/virtualized-lists/-/virtualized-lists-0.85.3.tgz 0ms (cache hit)
3017 http cache inherits@https://registry.npmjs.org/inherits/-/inherits-2.0.4.tgz 0ms (cache hit)
3018 http cache sisteransi@https://registry.npmjs.org/sisteransi/-/sisteransi-1.0.5.tgz 0ms (cache hit)
3019 http cache memoize-one@https://registry.npmjs.org/memoize-one/-/memoize-one-5.2.1.tgz 0ms (cache hit)
3020 http cache @react-native/community-cli-plugin@https://registry.npmjs.org/@react-native/community-cli-plugin/-/community-cli-plugin-0.85.3.tgz 0ms (cache hit)
3021 http cache @react-native/assets-registry@https://registry.npmjs.org/@react-native/assets-registry/-/assets-registry-0.85.3.tgz 0ms (cache hit)
3022 http cache react-is@https://registry.npmjs.org/react-is/-/react-is-18.3.1.tgz 0ms (cache hit)
3023 http cache restore-cursor@https://registry.npmjs.org/restore-cursor/-/restore-cursor-2.0.0.tgz 0ms (cache hit)
3024 http cache kleur@https://registry.npmjs.org/kleur/-/kleur-3.0.3.tgz 0ms (cache hit)
3025 http cache source-map-js@https://registry.npmjs.org/source-map-js/-/source-map-js-1.2.1.tgz 0ms (cache hit)
3026 http cache nanoid@https://registry.npmjs.org/nanoid/-/nanoid-3.3.12.tgz 0ms (cache hit)
3027 http cache pngjs@https://registry.npmjs.org/pngjs/-/pngjs-3.4.0.tgz 0ms (cache hit)
3028 http cache log-symbols@https://registry.npmjs.org/log-symbols/-/log-symbols-2.2.0.tgz 0ms (cache hit)
3029 http cache cli-spinners@https://registry.npmjs.org/cli-spinners/-/cli-spinners-2.9.2.tgz 0ms (cache hit)
3030 http cache strip-ansi@https://registry.npmjs.org/strip-ansi/-/strip-ansi-5.2.0.tgz 0ms (cache hit)
3031 http cache ee-first@https://registry.npmjs.org/ee-first/-/ee-first-1.1.1.tgz 0ms (cache hit)
3032 http cache cli-cursor@https://registry.npmjs.org/cli-cursor/-/cli-cursor-2.1.0.tgz 0ms (cache hit)
3033 http cache wcwidth@https://registry.npmjs.org/wcwidth/-/wcwidth-1.0.1.tgz 0ms (cache hit)
3034 http cache validate-npm-package-name@https://registry.npmjs.org/validate-npm-package-name/-/validate-npm-package-name-5.0.1.tgz 0ms (cache hit)
3035 http cache hosted-git-info@https://registry.npmjs.org/hosted-git-info/-/hosted-git-info-7.0.2.tgz 0ms (cache hit)
3036 http cache brace-expansion@https://registry.npmjs.org/brace-expansion/-/brace-expansion-5.0.6.tgz 0ms (cache hit)
3037 http cache to-regex-range@https://registry.npmjs.org/to-regex-range/-/to-regex-range-5.0.1.tgz 0ms (cache hit)
3038 http cache proc-log@https://registry.npmjs.org/proc-log/-/proc-log-4.2.0.tgz 0ms (cache hit)
3039 http cache braces@https://registry.npmjs.org/braces/-/braces-3.0.3.tgz 0ms (cache hit)
3040 http cache ob1@https://registry.npmjs.org/ob1/-/ob1-0.83.7.tgz 0ms (cache hit)
3041 http cache balanced-match@https://registry.npmjs.org/balanced-match/-/balanced-match-4.0.4.tgz 0ms (cache hit)
3042 http cache node-int64@https://registry.npmjs.org/node-int64/-/node-int64-0.4.0.tgz 0ms (cache hit)
3043 http cache fill-range@https://registry.npmjs.org/fill-range/-/fill-range-7.1.1.tgz 0ms (cache hit)
3044 http cache walker@https://registry.npmjs.org/walker/-/walker-1.0.8.tgz 0ms (cache hit)
3045 http cache bser@https://registry.npmjs.org/bser/-/bser-2.1.1.tgz 0ms (cache hit)
3046 http cache micromatch@https://registry.npmjs.org/micromatch/-/micromatch-4.0.8.tgz 0ms (cache hit)
3047 http cache fb-watchman@https://registry.npmjs.org/fb-watchman/-/fb-watchman-2.0.2.tgz 0ms (cache hit)
3048 http cache terser@https://registry.npmjs.org/terser/-/terser-5.47.1.tgz 0ms (cache hit)
3049 http cache leven@https://registry.npmjs.org/leven/-/leven-3.1.0.tgz 0ms (cache hit)
3050 http cache camelcase@https://registry.npmjs.org/camelcase/-/camelcase-6.3.0.tgz 0ms (cache hit)
3051 http cache yaml@https://registry.npmjs.org/yaml/-/yaml-2.9.0.tgz 0ms (cache hit)
3052 http cache jest-validate@https://registry.npmjs.org/jest-validate/-/jest-validate-29.7.0.tgz 0ms (cache hit)
3053 http cache agent-base@https://registry.npmjs.org/agent-base/-/agent-base-7.1.4.tgz 0ms (cache hit)
3054 http cache vlq@https://registry.npmjs.org/vlq/-/vlq-1.0.1.tgz 0ms (cache hit)
3055 http cache https-proxy-agent@https://registry.npmjs.org/https-proxy-agent/-/https-proxy-agent-7.0.6.tgz 0ms (cache hit)
3056 http cache exponential-backoff@https://registry.npmjs.org/exponential-backoff/-/exponential-backoff-3.1.3.tgz 0ms (cache hit)
3057 http cache @types/istanbul-lib-report@https://registry.npmjs.org/@types/istanbul-lib-report/-/istanbul-lib-report-3.0.3.tgz 0ms (cache hit)
3058 http cache jest-get-type@https://registry.npmjs.org/jest-get-type/-/jest-get-type-29.6.3.tgz 0ms (cache hit)
3059 http cache @jest/schemas@https://registry.npmjs.org/@jest/schemas/-/schemas-29.6.3.tgz 0ms (cache hit)
3060 http cache @sinclair/typebox@https://registry.npmjs.org/@sinclair/typebox/-/typebox-0.27.10.tgz 0ms (cache hit)
3061 http cache @types/yargs-parser@https://registry.npmjs.org/@types/yargs-parser/-/yargs-parser-21.0.3.tgz 0ms (cache hit)
3062 http cache @types/istanbul-reports@https://registry.npmjs.org/@types/istanbul-reports/-/istanbul-reports-3.0.4.tgz 0ms (cache hit)
3063 http cache merge-stream@https://registry.npmjs.org/merge-stream/-/merge-stream-2.0.0.tgz 0ms (cache hit)
3064 http cache @types/yargs@https://registry.npmjs.org/@types/yargs/-/yargs-17.0.35.tgz 0ms (cache hit)
3065 http cache @jest/types@https://registry.npmjs.org/@jest/types/-/types-29.6.3.tgz 0ms (cache hit)
3066 http cache @types/istanbul-lib-coverage@https://registry.npmjs.org/@types/istanbul-lib-coverage/-/istanbul-lib-coverage-2.0.6.tgz 0ms (cache hit)
3067 http cache jest-util@https://registry.npmjs.org/jest-util/-/jest-util-29.7.0.tgz 0ms (cache hit)
3068 http cache queue@https://registry.npmjs.org/queue/-/queue-6.0.2.tgz 0ms (cache hit)
3069 http cache throat@https://registry.npmjs.org/throat/-/throat-5.0.0.tgz 0ms (cache hit)
3070 http cache stackframe@https://registry.npmjs.org/stackframe/-/stackframe-1.3.4.tgz 0ms (cache hit)
3071 http cache source-map@https://registry.npmjs.org/source-map/-/source-map-0.5.7.tgz 0ms (cache hit)
3072 http cache serialize-error@https://registry.npmjs.org/serialize-error/-/serialize-error-2.1.0.tgz 0ms (cache hit)
3073 http cache jest-worker@https://registry.npmjs.org/jest-worker/-/jest-worker-29.7.0.tgz 0ms (cache hit)
3074 http cache lodash.throttle@https://registry.npmjs.org/lodash.throttle/-/lodash.throttle-4.1.1.tgz 0ms (cache hit)
3075 http cache graceful-fs@https://registry.npmjs.org/graceful-fs/-/graceful-fs-4.2.11.tgz 0ms (cache hit)
3076 http cache image-size@https://registry.npmjs.org/image-size/-/image-size-1.2.1.tgz 0ms (cache hit)
3077 http cache error-stack-parser@https://registry.npmjs.org/error-stack-parser/-/error-stack-parser-2.1.4.tgz 0ms (cache hit)
3078 http cache yallist@https://registry.npmjs.org/yallist/-/yallist-3.1.1.tgz 0ms (cache hit)
3079 http cache lightningcss-win32-x64-msvc@https://registry.npmjs.org/lightningcss-win32-x64-msvc/-/lightningcss-win32-x64-msvc-1.32.0.tgz 0ms (cache hit)
3080 http cache marky@https://registry.npmjs.org/marky/-/marky-1.3.0.tgz 0ms (cache hit)
3081 http cache detect-libc@https://registry.npmjs.org/detect-libc/-/detect-libc-2.1.2.tgz 0ms (cache hit)
3082 http cache argparse@https://registry.npmjs.org/argparse/-/argparse-2.0.1.tgz 0ms (cache hit)
3083 http cache loose-envify@https://registry.npmjs.org/loose-envify/-/loose-envify-1.4.0.tgz 0ms (cache hit)
3084 http cache flow-enums-runtime@https://registry.npmjs.org/flow-enums-runtime/-/flow-enums-runtime-0.0.6.tgz 0ms (cache hit)
3085 http cache hermes-estree@https://registry.npmjs.org/hermes-estree/-/hermes-estree-0.32.1.tgz 0ms (cache hit)
3086 http cache path-scurry@https://registry.npmjs.org/path-scurry/-/path-scurry-2.0.2.tgz 0ms (cache hit)
3087 http cache minipass@https://registry.npmjs.org/minipass/-/minipass-7.1.3.tgz 0ms (cache hit)
3088 http cache is-docker@https://registry.npmjs.org/is-docker/-/is-docker-2.2.1.tgz 0ms (cache hit)
3089 http cache on-finished@https://registry.npmjs.org/on-finished/-/on-finished-2.3.0.tgz 0ms (cache hit)
3090 http cache statuses@https://registry.npmjs.org/statuses/-/statuses-1.5.0.tgz 0ms (cache hit)
3091 http cache unpipe@https://registry.npmjs.org/unpipe/-/unpipe-1.0.0.tgz 0ms (cache hit)
3092 http cache escape-html@https://registry.npmjs.org/escape-html/-/escape-html-1.0.3.tgz 0ms (cache hit)
3093 http cache fontfaceobserver@https://registry.npmjs.org/fontfaceobserver/-/fontfaceobserver-2.3.0.tgz 0ms (cache hit)
3094 http cache ms@https://registry.npmjs.org/ms/-/ms-2.1.3.tgz 0ms (cache hit)
3095 http cache encodeurl@https://registry.npmjs.org/encodeurl/-/encodeurl-1.0.2.tgz 0ms (cache hit)
3096 http cache which@https://registry.npmjs.org/which/-/which-2.0.2.tgz 0ms (cache hit)
3097 http cache shebang-command@https://registry.npmjs.org/shebang-command/-/shebang-command-2.0.0.tgz 0ms (cache hit)
3098 http cache utils-merge@https://registry.npmjs.org/utils-merge/-/utils-merge-1.0.1.tgz 0ms (cache hit)
3099 http cache finalhandler@https://registry.npmjs.org/finalhandler/-/finalhandler-1.1.2.tgz 0ms (cache hit)
3100 http cache path-key@https://registry.npmjs.org/path-key/-/path-key-3.1.1.tgz 1ms (cache hit)
3101 http cache mime-db@https://registry.npmjs.org/mime-db/-/mime-db-1.54.0.tgz 0ms (cache hit)
3102 http cache commander@https://registry.npmjs.org/commander/-/commander-7.2.0.tgz 0ms (cache hit)
3103 http cache parseurl@https://registry.npmjs.org/parseurl/-/parseurl-1.3.3.tgz 0ms (cache hit)
3104 http cache vary@https://registry.npmjs.org/vary/-/vary-1.1.2.tgz 0ms (cache hit)
3105 http cache safe-buffer@https://registry.npmjs.org/safe-buffer/-/safe-buffer-5.2.1.tgz 0ms (cache hit)
3106 http cache on-headers@https://registry.npmjs.org/on-headers/-/on-headers-1.1.0.tgz 0ms (cache hit)
3107 http cache color-name@https://registry.npmjs.org/color-name/-/color-name-1.1.4.tgz 0ms (cache hit)
3108 http cache bytes@https://registry.npmjs.org/bytes/-/bytes-3.1.2.tgz 0ms (cache hit)
3109 http cache rimraf@https://registry.npmjs.org/rimraf/-/rimraf-3.0.2.tgz 0ms (cache hit)
3110 http cache mkdirp@https://registry.npmjs.org/mkdirp/-/mkdirp-1.0.4.tgz 0ms (cache hit)
3111 http cache undici-types@https://registry.npmjs.org/undici-types/-/undici-types-7.24.6.tgz 0ms (cache hit)
3112 http cache lighthouse-logger@https://registry.npmjs.org/lighthouse-logger/-/lighthouse-logger-1.4.2.tgz 0ms (cache hit)
3113 http cache @types/node@https://registry.npmjs.org/@types/node/-/node-25.9.1.tgz 0ms (cache hit)
3114 http cache is-wsl@https://registry.npmjs.org/is-wsl/-/is-wsl-2.2.0.tgz 0ms (cache hit)
3115 http cache escape-string-regexp@https://registry.npmjs.org/escape-string-regexp/-/escape-string-regexp-4.0.0.tgz 0ms (cache hit)
3116 http cache color-convert@https://registry.npmjs.org/color-convert/-/color-convert-2.0.1.tgz 0ms (cache hit)
3117 http cache compressible@https://registry.npmjs.org/compressible/-/compressible-2.0.18.tgz 0ms (cache hit)
3118 http cache supports-color@https://registry.npmjs.org/supports-color/-/supports-color-7.2.0.tgz 0ms (cache hit)
3119 http cache node-releases@https://registry.npmjs.org/node-releases/-/node-releases-2.0.44.tgz 0ms (cache hit)
3120 http cache ansi-styles@https://registry.npmjs.org/ansi-styles/-/ansi-styles-4.3.0.tgz 0ms (cache hit)
3121 http cache electron-to-chromium@https://registry.npmjs.org/electron-to-chromium/-/electron-to-chromium-1.5.360.tgz 0ms (cache hit)
3122 http cache update-browserslist-db@https://registry.npmjs.org/update-browserslist-db/-/update-browserslist-db-1.2.3.tgz 0ms (cache hit)
3123 http cache caniuse-lite@https://registry.npmjs.org/caniuse-lite/-/caniuse-lite-1.0.30001793.tgz 0ms (cache hit)
3124 http cache baseline-browser-mapping@https://registry.npmjs.org/baseline-browser-mapping/-/baseline-browser-mapping-2.10.31.tgz 0ms (cache hit)
3125 http cache big-integer@https://registry.npmjs.org/big-integer/-/big-integer-1.6.52.tgz 0ms (cache hit)
3126 http cache stream-buffers@https://registry.npmjs.org/stream-buffers/-/stream-buffers-2.2.0.tgz 0ms (cache hit)
3127 http cache @babel/helper-define-polyfill-provider@https://registry.npmjs.org/@babel/helper-define-polyfill-provider/-/helper-define-polyfill-provider-0.6.8.tgz 0ms (cache hit)
3128 http cache lodash.debounce@https://registry.npmjs.org/lodash.debounce/-/lodash.debounce-4.0.8.tgz 0ms (cache hit)
3129 http cache resolve@https://registry.npmjs.org/resolve/-/resolve-1.22.12.tgz 0ms (cache hit)
3130 http cache @react-native/codegen@https://registry.npmjs.org/@react-native/codegen/-/codegen-0.83.6.tgz 0ms (cache hit)
3131 http cache yargs@https://registry.npmjs.org/yargs/-/yargs-17.7.2.tgz 0ms (cache hit)
3132 http cache regexpu-core@https://registry.npmjs.org/regexpu-core/-/regexpu-core-6.4.0.tgz 0ms (cache hit)
3133 http cache @babel/helper-create-regexp-features-plugin@https://registry.npmjs.org/@babel/helper-create-regexp-features-plugin/-/helper-create-regexp-features-plugin-7.28.5.tgz 0ms (cache hit)
3134 http cache @babel/plugin-transform-unicode-regex@https://registry.npmjs.org/@babel/plugin-transform-unicode-regex/-/plugin-transform-unicode-regex-7.27.1.tgz 0ms (cache hit)
3135 http cache @babel/helper-remap-async-to-generator@https://registry.npmjs.org/@babel/helper-remap-async-to-generator/-/helper-remap-async-to-generator-7.27.1.tgz 0ms (cache hit)
3136 http cache core-js-compat@https://registry.npmjs.org/core-js-compat/-/core-js-compat-3.49.0.tgz 0ms (cache hit)
3137 http cache @babel/helper-wrap-function@https://registry.npmjs.org/@babel/helper-wrap-function/-/helper-wrap-function-7.28.6.tgz 0ms (cache hit)
3138 http cache @babel/plugin-transform-sticky-regex@https://registry.npmjs.org/@babel/plugin-transform-sticky-regex/-/plugin-transform-sticky-regex-7.27.1.tgz 0ms (cache hit)
3139 http cache @babel/plugin-transform-regenerator@https://registry.npmjs.org/@babel/plugin-transform-regenerator/-/plugin-transform-regenerator-7.29.0.tgz 0ms (cache hit)
3140 http cache @babel/plugin-transform-shorthand-properties@https://registry.npmjs.org/@babel/plugin-transform-shorthand-properties/-/plugin-transform-shorthand-properties-7.27.1.tgz 0ms (cache hit)
3141 http cache @babel/plugin-transform-spread@https://registry.npmjs.org/@babel/plugin-transform-spread/-/plugin-transform-spread-7.28.6.tgz 0ms (cache hit)
3142 http cache @babel/plugin-transform-react-jsx-self@https://registry.npmjs.org/@babel/plugin-transform-react-jsx-self/-/plugin-transform-react-jsx-self-7.27.1.tgz 0ms (cache hit)
3143 http cache @babel/plugin-transform-optional-chaining@https://registry.npmjs.org/@babel/plugin-transform-optional-chaining/-/plugin-transform-optional-chaining-7.28.6.tgz 0ms (cache hit)
3144 http cache @babel/plugin-transform-optional-catch-binding@https://registry.npmjs.org/@babel/plugin-transform-optional-catch-binding/-/plugin-transform-optional-catch-binding-7.28.6.tgz 0ms (cache hit)
3145 http cache @babel/plugin-transform-numeric-separator@https://registry.npmjs.org/@babel/plugin-transform-numeric-separator/-/plugin-transform-numeric-separator-7.28.6.tgz 0ms (cache hit)
3146 http cache @babel/plugin-transform-named-capturing-groups-regex@https://registry.npmjs.org/@babel/plugin-transform-named-capturing-groups-regex/-/plugin-transform-named-capturing-groups-regex-7.29.0.tgz 0ms (cache hit)
3147 http cache @react-native/babel-plugin-codegen@https://registry.npmjs.org/@react-native/babel-plugin-codegen/-/babel-plugin-codegen-0.83.6.tgz 0ms (cache hit)
3148 http cache @babel/plugin-transform-nullish-coalescing-operator@https://registry.npmjs.org/@babel/plugin-transform-nullish-coalescing-operator/-/plugin-transform-nullish-coalescing-operator-7.28.6.tgz 0ms (cache hit)
3149 http cache @babel/plugin-transform-literals@https://registry.npmjs.org/@babel/plugin-transform-literals/-/plugin-transform-literals-7.27.1.tgz 0ms (cache hit)
3150 http cache @babel/plugin-transform-react-jsx-source@https://registry.npmjs.org/@babel/plugin-transform-react-jsx-source/-/plugin-transform-react-jsx-source-7.27.1.tgz 0ms (cache hit)
3151 http cache @babel/plugin-transform-logical-assignment-operators@https://registry.npmjs.org/@babel/plugin-transform-logical-assignment-operators/-/plugin-transform-logical-assignment-operators-7.28.6.tgz 0ms (cache hit)
3152 http cache @babel/plugin-transform-function-name@https://registry.npmjs.org/@babel/plugin-transform-function-name/-/plugin-transform-function-name-7.27.1.tgz 0ms (cache hit)
3153 http cache @babel/plugin-transform-for-of@https://registry.npmjs.org/@babel/plugin-transform-for-of/-/plugin-transform-for-of-7.27.1.tgz 0ms (cache hit)
3154 http cache @babel/plugin-transform-computed-properties@https://registry.npmjs.org/@babel/plugin-transform-computed-properties/-/plugin-transform-computed-properties-7.28.6.tgz 0ms (cache hit)
3155 http cache @babel/plugin-transform-classes@https://registry.npmjs.org/@babel/plugin-transform-classes/-/plugin-transform-classes-7.28.6.tgz 0ms (cache hit)
3156 http cache @babel/plugin-transform-class-properties@https://registry.npmjs.org/@babel/plugin-transform-class-properties/-/plugin-transform-class-properties-7.28.6.tgz 0ms (cache hit)
3157 http cache @babel/plugin-transform-block-scoping@https://registry.npmjs.org/@babel/plugin-transform-block-scoping/-/plugin-transform-block-scoping-7.28.6.tgz 0ms (cache hit)
3158 http cache @babel/plugin-transform-async-to-generator@https://registry.npmjs.org/@babel/plugin-transform-async-to-generator/-/plugin-transform-async-to-generator-7.28.6.tgz 0ms (cache hit)
3159 http cache @babel/plugin-syntax-optional-chaining@https://registry.npmjs.org/@babel/plugin-syntax-optional-chaining/-/plugin-syntax-optional-chaining-7.8.3.tgz 0ms (cache hit)
3160 http cache @babel/plugin-syntax-dynamic-import@https://registry.npmjs.org/@babel/plugin-syntax-dynamic-import/-/plugin-syntax-dynamic-import-7.8.3.tgz 0ms (cache hit)
3161 http cache @babel/plugin-syntax-typescript@https://registry.npmjs.org/@babel/plugin-syntax-typescript/-/plugin-syntax-typescript-7.28.6.tgz 0ms (cache hit)
3162 http cache @babel/plugin-transform-typescript@https://registry.npmjs.org/@babel/plugin-transform-typescript/-/plugin-transform-typescript-7.28.6.tgz 0ms (cache hit)
3163 http cache @babel/plugin-transform-react-jsx-development@https://registry.npmjs.org/@babel/plugin-transform-react-jsx-development/-/plugin-transform-react-jsx-development-7.27.1.tgz 0ms (cache hit)
3164 http cache @babel/plugin-transform-async-generator-functions@https://registry.npmjs.org/@babel/plugin-transform-async-generator-functions/-/plugin-transform-async-generator-functions-7.29.0.tgz 0ms (cache hit)
3165 http cache @babel/plugin-syntax-jsx@https://registry.npmjs.org/@babel/plugin-syntax-jsx/-/plugin-syntax-jsx-7.28.6.tgz 0ms (cache hit)
3166 http cache babel-plugin-polyfill-corejs3@https://registry.npmjs.org/babel-plugin-polyfill-corejs3/-/babel-plugin-polyfill-corejs3-0.13.0.tgz 0ms (cache hit)
3167 http cache babel-plugin-polyfill-regenerator@https://registry.npmjs.org/babel-plugin-polyfill-regenerator/-/babel-plugin-polyfill-regenerator-0.6.8.tgz 0ms (cache hit)
3168 http cache @babel/plugin-transform-react-pure-annotations@https://registry.npmjs.org/@babel/plugin-transform-react-pure-annotations/-/plugin-transform-react-pure-annotations-7.27.1.tgz 0ms (cache hit)
3169 http cache @babel/plugin-transform-arrow-functions@https://registry.npmjs.org/@babel/plugin-transform-arrow-functions/-/plugin-transform-arrow-functions-7.27.1.tgz 0ms (cache hit)
3170 http cache @babel/plugin-transform-react-display-name@https://registry.npmjs.org/@babel/plugin-transform-react-display-name/-/plugin-transform-react-display-name-7.28.0.tgz 0ms (cache hit)
3171 http cache @babel/plugin-transform-destructuring@https://registry.npmjs.org/@babel/plugin-transform-destructuring/-/plugin-transform-destructuring-7.28.5.tgz 0ms (cache hit)
3172 http cache @babel/plugin-syntax-nullish-coalescing-operator@https://registry.npmjs.org/@babel/plugin-syntax-nullish-coalescing-operator/-/plugin-syntax-nullish-coalescing-operator-7.8.3.tgz 0ms (cache hit)
3173 http cache @babel/plugin-transform-react-jsx@https://registry.npmjs.org/@babel/plugin-transform-react-jsx/-/plugin-transform-react-jsx-7.28.6.tgz 0ms (cache hit)
3174 http cache @babel/helper-skip-transparent-expression-wrappers@https://registry.npmjs.org/@babel/helper-skip-transparent-expression-wrappers/-/helper-skip-transparent-expression-wrappers-7.27.1.tgz 0ms (cache hit)
3175 http cache @babel/helper-replace-supers@https://registry.npmjs.org/@babel/helper-replace-supers/-/helper-replace-supers-7.28.6.tgz 0ms (cache hit)
3176 http cache babel-plugin-polyfill-corejs2@https://registry.npmjs.org/babel-plugin-polyfill-corejs2/-/babel-plugin-polyfill-corejs2-0.4.17.tgz 0ms (cache hit)
3177 http cache babel-plugin-transform-flow-enums@https://registry.npmjs.org/babel-plugin-transform-flow-enums/-/babel-plugin-transform-flow-enums-0.0.2.tgz 0ms (cache hit)
3178 http cache @babel/helper-annotate-as-pure@https://registry.npmjs.org/@babel/helper-annotate-as-pure/-/helper-annotate-as-pure-7.27.3.tgz 0ms (cache hit)
3179 http cache @babel/plugin-syntax-flow@https://registry.npmjs.org/@babel/plugin-syntax-flow/-/plugin-syntax-flow-7.28.6.tgz 0ms (cache hit)
3180 http cache @babel/helper-member-expression-to-functions@https://registry.npmjs.org/@babel/helper-member-expression-to-functions/-/helper-member-expression-to-functions-7.28.5.tgz 0ms (cache hit)
3181 http cache babel-plugin-syntax-hermes-parser@https://registry.npmjs.org/babel-plugin-syntax-hermes-parser/-/babel-plugin-syntax-hermes-parser-0.32.1.tgz 0ms (cache hit)
3182 http cache @babel/plugin-syntax-decorators@https://registry.npmjs.org/@babel/plugin-syntax-decorators/-/plugin-syntax-decorators-7.28.6.tgz 0ms (cache hit)
3183 http cache @babel/helper-create-class-features-plugin@https://registry.npmjs.org/@babel/helper-create-class-features-plugin/-/helper-create-class-features-plugin-7.29.3.tgz 0ms (cache hit)
3184 http cache @react-native/babel-preset@https://registry.npmjs.org/@react-native/babel-preset/-/babel-preset-0.83.6.tgz 0ms (cache hit)
3185 http cache babel-plugin-react-native-web@https://registry.npmjs.org/babel-plugin-react-native-web/-/babel-plugin-react-native-web-0.21.2.tgz 0ms (cache hit)
3186 http cache babel-plugin-react-compiler@https://registry.npmjs.org/babel-plugin-react-compiler/-/babel-plugin-react-compiler-1.0.0.tgz 0ms (cache hit)
3187 http cache @babel/helper-optimise-call-expression@https://registry.npmjs.org/@babel/helper-optimise-call-expression/-/helper-optimise-call-expression-7.27.1.tgz 0ms (cache hit)
3188 http cache @babel/preset-typescript@https://registry.npmjs.org/@babel/preset-typescript/-/preset-typescript-7.28.5.tgz 0ms (cache hit)
3189 http cache @babel/preset-react@https://registry.npmjs.org/@babel/preset-react/-/preset-react-7.28.5.tgz 0ms (cache hit)
3190 http cache @babel/plugin-transform-private-property-in-object@https://registry.npmjs.org/@babel/plugin-transform-private-property-in-object/-/plugin-transform-private-property-in-object-7.28.6.tgz 0ms (cache hit)
3191 http cache @babel/plugin-transform-private-methods@https://registry.npmjs.org/@babel/plugin-transform-private-methods/-/plugin-transform-private-methods-7.28.6.tgz 0ms (cache hit)
3192 http cache @babel/plugin-transform-object-rest-spread@https://registry.npmjs.org/@babel/plugin-transform-object-rest-spread/-/plugin-transform-object-rest-spread-7.28.6.tgz 0ms (cache hit)
3193 http cache @babel/plugin-transform-export-namespace-from@https://registry.npmjs.org/@babel/plugin-transform-export-namespace-from/-/plugin-transform-export-namespace-from-7.27.1.tgz 0ms (cache hit)
3194 http cache @babel/plugin-transform-flow-strip-types@https://registry.npmjs.org/@babel/plugin-transform-flow-strip-types/-/plugin-transform-flow-strip-types-7.27.1.tgz 0ms (cache hit)
3195 http cache @babel/plugin-transform-class-static-block@https://registry.npmjs.org/@babel/plugin-transform-class-static-block/-/plugin-transform-class-static-block-7.28.6.tgz 0ms (cache hit)
3196 http cache @babel/plugin-transform-runtime@https://registry.npmjs.org/@babel/plugin-transform-runtime/-/plugin-transform-runtime-7.29.0.tgz 0ms (cache hit)
3197 http cache negotiator@https://registry.npmjs.org/negotiator/-/negotiator-0.6.3.tgz 0ms (cache hit)
3198 http cache mime-types@https://registry.npmjs.org/mime-types/-/mime-types-2.1.35.tgz 0ms (cache hit)
3199 http cache @babel/plugin-syntax-export-default-from@https://registry.npmjs.org/@babel/plugin-syntax-export-default-from/-/plugin-syntax-export-default-from-7.28.6.tgz 0ms (cache hit)
3200 http cache @babel/plugin-proposal-export-default-from@https://registry.npmjs.org/@babel/plugin-proposal-export-default-from/-/plugin-proposal-export-default-from-7.27.1.tgz 0ms (cache hit)
3201 http cache @babel/plugin-transform-parameters@https://registry.npmjs.org/@babel/plugin-transform-parameters/-/plugin-transform-parameters-7.27.7.tgz 0ms (cache hit)
3202 http cache serve-static@https://registry.npmjs.org/serve-static/-/serve-static-1.16.3.tgz 0ms (cache hit)
3203 http cache open@https://registry.npmjs.org/open/-/open-7.4.2.tgz 0ms (cache hit)
3204 http cache invariant@https://registry.npmjs.org/invariant/-/invariant-2.2.4.tgz 0ms (cache hit)
3205 http cache @babel/plugin-proposal-decorators@https://registry.npmjs.org/@babel/plugin-proposal-decorators/-/plugin-proposal-decorators-7.29.0.tgz 0ms (cache hit)
3206 http cache nullthrows@https://registry.npmjs.org/nullthrows/-/nullthrows-1.1.1.tgz 0ms (cache hit)
3207 http cache fb-dotslash@https://registry.npmjs.org/fb-dotslash/-/fb-dotslash-0.5.8.tgz 0ms (cache hit)
3208 http cache @react-native/debugger-shell@https://registry.npmjs.org/@react-native/debugger-shell/-/debugger-shell-0.83.6.tgz 0ms (cache hit)
3209 http cache chrome-launcher@https://registry.npmjs.org/chrome-launcher/-/chrome-launcher-0.15.2.tgz 0ms (cache hit)
3210 http cache @jridgewell/resolve-uri@https://registry.npmjs.org/@jridgewell/resolve-uri/-/resolve-uri-3.1.2.tgz 0ms (cache hit)
3211 http cache chromium-edge-launcher@https://registry.npmjs.org/chromium-edge-launcher/-/chromium-edge-launcher-0.2.0.tgz 0ms (cache hit)
3212 http cache @react-native/debugger-frontend@https://registry.npmjs.org/@react-native/debugger-frontend/-/debugger-frontend-0.83.6.tgz 0ms (cache hit)
3213 http cache @jridgewell/sourcemap-codec@https://registry.npmjs.org/@jridgewell/sourcemap-codec/-/sourcemap-codec-1.5.5.tgz 0ms (cache hit)
3214 http cache js-yaml@https://registry.npmjs.org/js-yaml/-/js-yaml-4.1.1.tgz 0ms (cache hit)
3215 http cache @babel/helper-plugin-utils@https://registry.npmjs.org/@babel/helper-plugin-utils/-/helper-plugin-utils-7.28.6.tgz 0ms (cache hit)
3216 http cache cross-spawn@https://registry.npmjs.org/cross-spawn/-/cross-spawn-7.0.6.tgz 0ms (cache hit)
3217 http cache @isaacs/ttlcache@https://registry.npmjs.org/@isaacs/ttlcache/-/ttlcache-1.4.1.tgz 0ms (cache hit)
3218 http cache xmlbuilder@https://registry.npmjs.org/xmlbuilder/-/xmlbuilder-15.1.1.tgz 0ms (cache hit)
3219 http cache @babel/plugin-transform-modules-commonjs@https://registry.npmjs.org/@babel/plugin-transform-modules-commonjs/-/plugin-transform-modules-commonjs-7.28.6.tgz 0ms (cache hit)
3220 http cache base64-js@https://registry.npmjs.org/base64-js/-/base64-js-1.5.1.tgz 0ms (cache hit)
3221 http cache @babel/helper-string-parser@https://registry.npmjs.org/@babel/helper-string-parser/-/helper-string-parser-7.27.1.tgz 0ms (cache hit)
3222 http cache @babel/helper-globals@https://registry.npmjs.org/@babel/helper-globals/-/helper-globals-7.28.0.tgz 0ms (cache hit)
3223 http cache lru-cache@https://registry.npmjs.org/lru-cache/-/lru-cache-5.1.1.tgz 0ms (cache hit)
3224 http cache @babel/helper-module-imports@https://registry.npmjs.org/@babel/helper-module-imports/-/helper-module-imports-7.28.6.tgz 0ms (cache hit)
3225 http cache @babel/helper-validator-option@https://registry.npmjs.org/@babel/helper-validator-option/-/helper-validator-option-7.27.1.tgz 0ms (cache hit)
3226 http cache jsesc@https://registry.npmjs.org/jsesc/-/jsesc-3.1.0.tgz 0ms (cache hit)
3227 http cache @react-native/normalize-colors@https://registry.npmjs.org/@react-native/normalize-colors/-/normalize-colors-0.83.6.tgz 0ms (cache hit)
3228 http cache @xmldom/xmldom@https://registry.npmjs.org/@xmldom/xmldom/-/xmldom-0.8.13.tgz 0ms (cache hit)
3229 http cache @babel/compat-data@https://registry.npmjs.org/@babel/compat-data/-/compat-data-7.29.3.tgz 0ms (cache hit)
3230 http cache @jridgewell/gen-mapping@https://registry.npmjs.org/@jridgewell/gen-mapping/-/gen-mapping-0.3.13.tgz 0ms (cache hit)
3231 http cache @jridgewell/remapping@https://registry.npmjs.org/@jridgewell/remapping/-/remapping-2.3.5.tgz 0ms (cache hit)
3232 http cache convert-source-map@https://registry.npmjs.org/convert-source-map/-/convert-source-map-2.0.0.tgz 0ms (cache hit)
3233 http cache @babel/types@https://registry.npmjs.org/@babel/types/-/types-7.29.0.tgz 0ms (cache hit)
3234 http cache @babel/parser@https://registry.npmjs.org/@babel/parser/-/parser-7.29.3.tgz 0ms (cache hit)
3235 http cache @babel/template@https://registry.npmjs.org/@babel/template/-/template-7.28.6.tgz 0ms (cache hit)
3236 http cache gensync@https://registry.npmjs.org/gensync/-/gensync-1.0.0-beta.2.tgz 0ms (cache hit)
3237 http cache postcss@https://registry.npmjs.org/postcss/-/postcss-8.5.15.tgz 0ms (cache hit)
3238 http cache @babel/helpers@https://registry.npmjs.org/@babel/helpers/-/helpers-7.29.2.tgz 0ms (cache hit)
3239 http cache jsc-safe-url@https://registry.npmjs.org/jsc-safe-url/-/jsc-safe-url-0.2.4.tgz 0ms (cache hit)
3240 http cache @babel/traverse@https://registry.npmjs.org/@babel/traverse/-/traverse-7.29.0.tgz 0ms (cache hit)
3241 http cache @babel/helper-module-transforms@https://registry.npmjs.org/@babel/helper-module-transforms/-/helper-module-transforms-7.28.6.tgz 0ms (cache hit)
3242 http cache @babel/generator@https://registry.npmjs.org/@babel/generator/-/generator-7.29.1.tgz 0ms (cache hit)
3243 http cache @babel/helper-compilation-targets@https://registry.npmjs.org/@babel/helper-compilation-targets/-/helper-compilation-targets-7.28.6.tgz 0ms (cache hit)
3244 http cache hermes-parser@https://registry.npmjs.org/hermes-parser/-/hermes-parser-0.32.1.tgz 0ms (cache hit)
3245 http cache @jridgewell/trace-mapping@https://registry.npmjs.org/@jridgewell/trace-mapping/-/trace-mapping-0.3.31.tgz 0ms (cache hit)
3246 http cache browserslist@https://registry.npmjs.org/browserslist/-/browserslist-4.28.2.tgz 0ms (cache hit)
3247 http cache @babel/core@https://registry.npmjs.org/@babel/core/-/core-7.29.0.tgz 0ms (cache hit)
3248 http cache metro-transform-plugins@https://registry.npmjs.org/metro-transform-plugins/-/metro-transform-plugins-0.83.7.tgz 0ms (cache hit)
3249 http cache metro-transform-worker@https://registry.npmjs.org/metro-transform-worker/-/metro-transform-worker-0.83.7.tgz 0ms (cache hit)
3250 http cache metro-resolver@https://registry.npmjs.org/metro-resolver/-/metro-resolver-0.83.7.tgz 0ms (cache hit)
3251 http cache metro-source-map@https://registry.npmjs.org/metro-source-map/-/metro-source-map-0.83.7.tgz 0ms (cache hit)
3252 http cache metro-symbolicate@https://registry.npmjs.org/metro-symbolicate/-/metro-symbolicate-0.83.7.tgz 0ms (cache hit)
3253 http cache metro-minify-terser@https://registry.npmjs.org/metro-minify-terser/-/metro-minify-terser-0.83.7.tgz 0ms (cache hit)
3254 http cache metro-file-map@https://registry.npmjs.org/metro-file-map/-/metro-file-map-0.83.7.tgz 0ms (cache hit)
3255 http cache lightningcss@https://registry.npmjs.org/lightningcss/-/lightningcss-1.32.0.tgz 0ms (cache hit)
3256 http cache metro-core@https://registry.npmjs.org/metro-core/-/metro-core-0.83.7.tgz 0ms (cache hit)
3257 http cache metro-runtime@https://registry.npmjs.org/metro-runtime/-/metro-runtime-0.83.7.tgz 0ms (cache hit)
3258 http cache metro-config@https://registry.npmjs.org/metro-config/-/metro-config-0.83.7.tgz 0ms (cache hit)
3259 http cache metro-cache-key@https://registry.npmjs.org/metro-cache-key/-/metro-cache-key-0.83.7.tgz 0ms (cache hit)
3260 http cache metro-cache@https://registry.npmjs.org/metro-cache/-/metro-cache-0.83.7.tgz 0ms (cache hit)
3261 http cache @expo/dom-webview@https://registry.npmjs.org/@expo/dom-webview/-/dom-webview-55.0.6.tgz 0ms (cache hit)
3262 http cache metro-babel-transformer@https://registry.npmjs.org/metro-babel-transformer/-/metro-babel-transformer-0.83.7.tgz 0ms (cache hit)
3263 http cache metro@https://registry.npmjs.org/metro/-/metro-0.83.7.tgz 0ms (cache hit)
3264 http cache @babel/helper-validator-identifier@https://registry.npmjs.org/@babel/helper-validator-identifier/-/helper-validator-identifier-7.28.5.tgz 0ms (cache hit)
3265 http cache anser@https://registry.npmjs.org/anser/-/anser-1.4.10.tgz 0ms (cache hit)
3266 http cache picocolors@https://registry.npmjs.org/picocolors/-/picocolors-1.1.1.tgz 0ms (cache hit)
3267 http cache @babel/code-frame@https://registry.npmjs.org/@babel/code-frame/-/code-frame-7.29.0.tgz 0ms (cache hit)
3268 http cache parse-png@https://registry.npmjs.org/parse-png/-/parse-png-2.1.0.tgz 0ms (cache hit)
3269 http cache js-tokens@https://registry.npmjs.org/js-tokens/-/js-tokens-4.0.0.tgz 0ms (cache hit)
3270 http cache jimp-compact@https://registry.npmjs.org/jimp-compact/-/jimp-compact-0.16.1.tgz 0ms (cache hit)
3271 http cache minimatch@https://registry.npmjs.org/minimatch/-/minimatch-10.2.5.tgz 0ms (cache hit)
3272 http cache ignore@https://registry.npmjs.org/ignore/-/ignore-5.3.2.tgz 0ms (cache hit)
3273 http cache @expo/sudo-prompt@https://registry.npmjs.org/@expo/sudo-prompt/-/sudo-prompt-9.3.2.tgz 0ms (cache hit)
3274 http cache @expo/sdk-runtime-versions@https://registry.npmjs.org/@expo/sdk-runtime-versions/-/sdk-runtime-versions-1.0.0.tgz 0ms (cache hit)
3275 http cache xml2js@https://registry.npmjs.org/xml2js/-/xml2js-0.6.0.tgz 0ms (cache hit)
3276 http cache @expo/config-types@https://registry.npmjs.org/@expo/config-types/-/config-types-55.0.5.tgz 0ms (cache hit)
3277 http cache json5@https://registry.npmjs.org/json5/-/json5-2.2.3.tgz 0ms (cache hit)
3278 http cache xcode@https://registry.npmjs.org/xcode/-/xcode-3.0.1.tgz 0ms (cache hit)
3279 http cache ws@https://registry.npmjs.org/ws/-/ws-8.20.1.tgz 0ms (cache hit)
3280 http cache resolve-workspace-root@https://registry.npmjs.org/resolve-workspace-root/-/resolve-workspace-root-2.0.1.tgz 0ms (cache hit)
3281 http cache toqr@https://registry.npmjs.org/toqr/-/toqr-0.1.1.tgz 0ms (cache hit)
3282 http cache zod@https://registry.npmjs.org/zod/-/zod-3.25.76.tgz 0ms (cache hit)
3283 http cache terminal-link@https://registry.npmjs.org/terminal-link/-/terminal-link-2.1.1.tgz 0ms (cache hit)
3284 http cache structured-headers@https://registry.npmjs.org/structured-headers/-/structured-headers-0.4.1.tgz 0ms (cache hit)
3285 http cache deepmerge@https://registry.npmjs.org/deepmerge/-/deepmerge-4.3.1.tgz 0ms (cache hit)
3286 http cache stacktrace-parser@https://registry.npmjs.org/stacktrace-parser/-/stacktrace-parser-0.1.11.tgz 0ms (cache hit)
3287 http cache source-map-support@https://registry.npmjs.org/source-map-support/-/source-map-support-0.5.21.tgz 0ms (cache hit)
3288 http cache slugify@https://registry.npmjs.org/slugify/-/slugify-1.6.9.tgz 0ms (cache hit)
3289 http cache send@https://registry.npmjs.org/send/-/send-0.19.2.tgz 0ms (cache hit)
3290 http cache semver@https://registry.npmjs.org/semver/-/semver-7.8.0.tgz 0ms (cache hit)
3291 http cache wrap-ansi@https://registry.npmjs.org/wrap-ansi/-/wrap-ansi-7.0.0.tgz 0ms (cache hit)
3292 http cache resolve-from@https://registry.npmjs.org/resolve-from/-/resolve-from-5.0.0.tgz 0ms (cache hit)
3293 http cache progress@https://registry.npmjs.org/progress/-/progress-2.0.3.tgz 0ms (cache hit)
3294 http cache prompts@https://registry.npmjs.org/prompts/-/prompts-2.4.2.tgz 0ms (cache hit)
3295 http cache picomatch@https://registry.npmjs.org/picomatch/-/picomatch-4.0.4.tgz 0ms (cache hit)
3296 http cache ora@https://registry.npmjs.org/ora/-/ora-3.4.0.tgz 0ms (cache hit)
3297 http cache npm-package-arg@https://registry.npmjs.org/npm-package-arg/-/npm-package-arg-11.0.3.tgz 0ms (cache hit)
3298 http cache node-forge@https://registry.npmjs.org/node-forge/-/node-forge-1.4.0.tgz 0ms (cache hit)
3299 http cache multitars@https://registry.npmjs.org/multitars/-/multitars-1.0.0.tgz 0ms (cache hit)
3300 http cache lan-network@https://registry.npmjs.org/lan-network/-/lan-network-0.2.1.tgz 0ms (cache hit)
3301 http cache glob@https://registry.npmjs.org/glob/-/glob-13.0.6.tgz 0ms (cache hit)
3302 http cache getenv@https://registry.npmjs.org/getenv/-/getenv-2.0.0.tgz 0ms (cache hit)
3303 http cache fetch-nodeshim@https://registry.npmjs.org/fetch-nodeshim/-/fetch-nodeshim-0.4.10.tgz 0ms (cache hit)
3304 http cache dnssd-advertise@https://registry.npmjs.org/dnssd-advertise/-/dnssd-advertise-1.1.4.tgz 0ms (cache hit)
3305 http cache debug@https://registry.npmjs.org/debug/-/debug-4.4.3.tgz 0ms (cache hit)
3306 http cache compression@https://registry.npmjs.org/compression/-/compression-1.8.1.tgz 0ms (cache hit)
3307 http cache connect@https://registry.npmjs.org/connect/-/connect-3.7.0.tgz 0ms (cache hit)
3308 http cache ci-info@https://registry.npmjs.org/ci-info/-/ci-info-3.9.0.tgz 0ms (cache hit)
3309 http cache chalk@https://registry.npmjs.org/chalk/-/chalk-4.1.2.tgz 0ms (cache hit)
3310 http cache bplist-creator@https://registry.npmjs.org/bplist-creator/-/bplist-creator-0.1.0.tgz 0ms (cache hit)
3311 http cache better-opn@https://registry.npmjs.org/better-opn/-/better-opn-3.0.2.tgz 0ms (cache hit)
3312 http cache arg@https://registry.npmjs.org/arg/-/arg-5.0.2.tgz 0ms (cache hit)
3313 http cache @react-native/dev-middleware@https://registry.npmjs.org/@react-native/dev-middleware/-/dev-middleware-0.83.6.tgz 0ms (cache hit)
3314 http cache accepts@https://registry.npmjs.org/accepts/-/accepts-1.3.8.tgz 0ms (cache hit)
3315 http cache @expo/ws-tunnel@https://registry.npmjs.org/@expo/ws-tunnel/-/ws-tunnel-1.0.6.tgz 0ms (cache hit)
3316 http cache expo-server@https://registry.npmjs.org/expo-server/-/expo-server-55.0.10.tgz 0ms (cache hit)
3317 http cache @expo/xcpretty@https://registry.npmjs.org/@expo/xcpretty/-/xcpretty-4.4.4.tgz 0ms (cache hit)
3318 http cache bplist-parser@https://registry.npmjs.org/bplist-parser/-/bplist-parser-0.3.2.tgz 0ms (cache hit)
3319 http cache @expo/spawn-async@https://registry.npmjs.org/@expo/spawn-async/-/spawn-async-1.8.0.tgz 0ms (cache hit)
3320 http cache @expo/schema-utils@https://registry.npmjs.org/@expo/schema-utils/-/schema-utils-55.0.4.tgz 0ms (cache hit)
3321 http cache @expo/router-server@https://registry.npmjs.org/@expo/router-server/-/router-server-55.0.17.tgz 0ms (cache hit)
3322 http cache @expo/plist@https://registry.npmjs.org/@expo/plist/-/plist-0.5.3.tgz 0ms (cache hit)
3323 http cache @expo/package-manager@https://registry.npmjs.org/@expo/package-manager/-/package-manager-1.10.5.tgz 0ms (cache hit)
3324 http cache @expo/require-utils@https://registry.npmjs.org/@expo/require-utils/-/require-utils-55.0.5.tgz 0ms (cache hit)
3325 http cache @expo/osascript@https://registry.npmjs.org/@expo/osascript/-/osascript-2.4.3.tgz 0ms (cache hit)
3326 http cache @expo/prebuild-config@https://registry.npmjs.org/@expo/prebuild-config/-/prebuild-config-55.0.18.tgz 0ms (cache hit)
3327 http cache @expo/image-utils@https://registry.npmjs.org/@expo/image-utils/-/image-utils-0.8.14.tgz 0ms (cache hit)
3328 http cache @expo/json-file@https://registry.npmjs.org/@expo/json-file/-/json-file-10.0.14.tgz 0ms (cache hit)
3329 http cache @expo/env@https://registry.npmjs.org/@expo/env/-/env-2.1.2.tgz 0ms (cache hit)
3330 http cache @expo/code-signing-certificates@https://registry.npmjs.org/@expo/code-signing-certificates/-/code-signing-certificates-0.0.6.tgz 0ms (cache hit)
3331 http cache @expo/devcert@https://registry.npmjs.org/@expo/devcert/-/devcert-1.2.1.tgz 0ms (cache hit)
3332 http cache whatwg-url-minimum@https://registry.npmjs.org/whatwg-url-minimum/-/whatwg-url-minimum-0.1.2.tgz 0ms (cache hit)
3333 http cache pretty-format@https://registry.npmjs.org/pretty-format/-/pretty-format-29.7.0.tgz 0ms (cache hit)
3334 http cache expo-modules-core@https://registry.npmjs.org/expo-modules-core/-/expo-modules-core-55.0.25.tgz 0ms (cache hit)
3335 http cache expo-keep-awake@https://registry.npmjs.org/expo-keep-awake/-/expo-keep-awake-55.0.8.tgz 0ms (cache hit)
3336 http cache expo-modules-autolinking@https://registry.npmjs.org/expo-modules-autolinking/-/expo-modules-autolinking-55.0.23.tgz 0ms (cache hit)
3337 http cache expo-file-system@https://registry.npmjs.org/expo-file-system/-/expo-file-system-55.0.21.tgz 0ms (cache hit)
3338 http cache expo-constants@https://registry.npmjs.org/expo-constants/-/expo-constants-55.0.16.tgz 0ms (cache hit)
3339 http cache expo-asset@https://registry.npmjs.org/expo-asset/-/expo-asset-55.0.17.tgz 0ms (cache hit)
3340 http cache react-refresh@https://registry.npmjs.org/react-refresh/-/react-refresh-0.14.2.tgz 0ms (cache hit)
3341 http cache babel-preset-expo@https://registry.npmjs.org/babel-preset-expo/-/babel-preset-expo-55.0.22.tgz 0ms (cache hit)
3342 http cache @expo/vector-icons@https://registry.npmjs.org/@expo/vector-icons/-/vector-icons-15.1.1.tgz 0ms (cache hit)
3343 http cache @expo/metro-config@https://registry.npmjs.org/@expo/metro-config/-/metro-config-55.0.22.tgz 0ms (cache hit)
3344 http cache @ungap/structured-clone@https://registry.npmjs.org/@ungap/structured-clone/-/structured-clone-1.3.1.tgz 0ms (cache hit)
3345 http cache expo-font@https://registry.npmjs.org/expo-font/-/expo-font-55.0.8.tgz 0ms (cache hit)
3346 http cache @expo/metro@https://registry.npmjs.org/@expo/metro/-/metro-55.1.1.tgz 0ms (cache hit)
3347 http cache @expo/log-box@https://registry.npmjs.org/@expo/log-box/-/log-box-55.0.12.tgz 0ms (cache hit)
3348 http cache @expo/local-build-cache-provider@https://registry.npmjs.org/@expo/local-build-cache-provider/-/local-build-cache-provider-55.0.13.tgz 1ms (cache hit)
3349 http cache @expo/fingerprint@https://registry.npmjs.org/@expo/fingerprint/-/fingerprint-0.16.7.tgz 0ms (cache hit)
3350 http cache @expo/devtools@https://registry.npmjs.org/@expo/devtools/-/devtools-55.0.3.tgz 0ms (cache hit)
3351 http cache @expo/cli@https://registry.npmjs.org/@expo/cli/-/cli-55.0.31.tgz 0ms (cache hit)
3352 http cache @expo/config-plugins@https://registry.npmjs.org/@expo/config-plugins/-/config-plugins-55.0.9.tgz 0ms (cache hit)
3353 http cache @babel/runtime@https://registry.npmjs.org/@babel/runtime/-/runtime-7.29.2.tgz 0ms (cache hit)
3354 http cache @expo/config@https://registry.npmjs.org/@expo/config/-/config-55.0.17.tgz 0ms (cache hit)
3355 http cache strip-ansi@https://registry.npmjs.org/strip-ansi/-/strip-ansi-6.0.1.tgz 0ms (cache hit)
3356 http cache react-native@https://registry.npmjs.org/react-native/-/react-native-0.85.3.tgz 0ms (cache hit)
3357 http cache @xmldom/xmldom@https://registry.npmjs.org/@xmldom/xmldom/-/xmldom-0.9.10.tgz 0ms (cache hit)
3358 http cache bplist-parser@https://registry.npmjs.org/bplist-parser/-/bplist-parser-0.3.1.tgz 0ms (cache hit)
3359 http cache react@https://registry.npmjs.org/react/-/react-19.2.6.tgz 0ms (cache hit)
3360 http cache expo@https://registry.npmjs.org/expo/-/expo-55.0.25.tgz 0ms (cache hit)
3361 http cache type-fest@https://registry.npmjs.org/type-fest/-/type-fest-0.21.3.tgz 0ms (cache hit)
3362 http cache statuses@https://registry.npmjs.org/statuses/-/statuses-2.0.2.tgz 0ms (cache hit)
3363 http cache ws@https://registry.npmjs.org/ws/-/ws-7.5.10.tgz 0ms (cache hit)
3364 http cache metro-minify-terser@https://registry.npmjs.org/metro-minify-terser/-/metro-minify-terser-0.84.4.tgz 0ms (cache hit)
3365 http cache ob1@https://registry.npmjs.org/ob1/-/ob1-0.84.4.tgz 0ms (cache hit)
3366 http cache hermes-estree@https://registry.npmjs.org/hermes-estree/-/hermes-estree-0.35.0.tgz 0ms (cache hit)
3367 http cache mime-types@https://registry.npmjs.org/mime-types/-/mime-types-3.0.2.tgz 0ms (cache hit)
3368 http cache negotiator@https://registry.npmjs.org/negotiator/-/negotiator-1.0.0.tgz 0ms (cache hit)
3369 http cache metro-transform-plugins@https://registry.npmjs.org/metro-transform-plugins/-/metro-transform-plugins-0.84.4.tgz 1ms (cache hit)
3370 http cache strip-ansi@https://registry.npmjs.org/strip-ansi/-/strip-ansi-6.0.1.tgz 0ms (cache hit)
3371 http cache metro-transform-worker@https://registry.npmjs.org/metro-transform-worker/-/metro-transform-worker-0.84.4.tgz 0ms (cache hit)
3372 http cache metro-symbolicate@https://registry.npmjs.org/metro-symbolicate/-/metro-symbolicate-0.84.4.tgz 0ms (cache hit)
3373 http cache metro-runtime@https://registry.npmjs.org/metro-runtime/-/metro-runtime-0.84.4.tgz 0ms (cache hit)
3374 http cache metro-source-map@https://registry.npmjs.org/metro-source-map/-/metro-source-map-0.84.4.tgz 0ms (cache hit)
3375 http cache metro-resolver@https://registry.npmjs.org/metro-resolver/-/metro-resolver-0.84.4.tgz 0ms (cache hit)
3376 http cache metro-file-map@https://registry.npmjs.org/metro-file-map/-/metro-file-map-0.84.4.tgz 0ms (cache hit)
3377 http cache metro-cache-key@https://registry.npmjs.org/metro-cache-key/-/metro-cache-key-0.84.4.tgz 0ms (cache hit)
3378 http cache metro-cache@https://registry.npmjs.org/metro-cache/-/metro-cache-0.84.4.tgz 0ms (cache hit)
3379 http cache accepts@https://registry.npmjs.org/accepts/-/accepts-2.0.0.tgz 0ms (cache hit)
3380 http cache metro-babel-transformer@https://registry.npmjs.org/metro-babel-transformer/-/metro-babel-transformer-0.84.4.tgz 0ms (cache hit)
3381 http cache hermes-parser@https://registry.npmjs.org/hermes-parser/-/hermes-parser-0.35.0.tgz 0ms (cache hit)
3382 http cache @react-native/debugger-shell@https://registry.npmjs.org/@react-native/debugger-shell/-/debugger-shell-0.85.3.tgz 0ms (cache hit)
3383 http cache ws@https://registry.npmjs.org/ws/-/ws-7.5.10.tgz 0ms (cache hit)
3384 http cache @react-native/debugger-frontend@https://registry.npmjs.org/@react-native/debugger-frontend/-/debugger-frontend-0.85.3.tgz 0ms (cache hit)
3385 http cache chromium-edge-launcher@https://registry.npmjs.org/chromium-edge-launcher/-/chromium-edge-launcher-0.3.0.tgz 0ms (cache hit)
3386 http cache ci-info@https://registry.npmjs.org/ci-info/-/ci-info-2.0.0.tgz 0ms (cache hit)
3387 http cache @react-native/dev-middleware@https://registry.npmjs.org/@react-native/dev-middleware/-/dev-middleware-0.85.3.tgz 0ms (cache hit)
3388 http cache ansi-regex@https://registry.npmjs.org/ansi-regex/-/ansi-regex-4.1.1.tgz 0ms (cache hit)
3389 http cache metro-config@https://registry.npmjs.org/metro-config/-/metro-config-0.84.4.tgz 0ms (cache hit)
3390 http cache metro-core@https://registry.npmjs.org/metro-core/-/metro-core-0.84.4.tgz 0ms (cache hit)
3391 http cache metro@https://registry.npmjs.org/metro/-/metro-0.84.4.tgz 0ms (cache hit)
3392 http cache has-flag@https://registry.npmjs.org/has-flag/-/has-flag-3.0.0.tgz 0ms (cache hit)
3393 http cache color-name@https://registry.npmjs.org/color-name/-/color-name-1.1.3.tgz 0ms (cache hit)
3394 http cache color-convert@https://registry.npmjs.org/color-convert/-/color-convert-1.9.3.tgz 0ms (cache hit)
3395 http cache supports-color@https://registry.npmjs.org/supports-color/-/supports-color-5.5.0.tgz 0ms (cache hit)
3396 http cache ansi-styles@https://registry.npmjs.org/ansi-styles/-/ansi-styles-3.2.1.tgz 0ms (cache hit)
3397 http cache escape-string-regexp@https://registry.npmjs.org/escape-string-regexp/-/escape-string-regexp-1.0.5.tgz 0ms (cache hit)
3398 http cache lru-cache@https://registry.npmjs.org/lru-cache/-/lru-cache-10.4.3.tgz 0ms (cache hit)
3399 http cache commander@https://registry.npmjs.org/commander/-/commander-2.20.3.tgz 0ms (cache hit)
3400 http cache chalk@https://registry.npmjs.org/chalk/-/chalk-2.4.2.tgz 0ms (cache hit)
3401 http cache picomatch@https://registry.npmjs.org/picomatch/-/picomatch-2.3.2.tgz 0ms (cache hit)
3402 http cache supports-color@https://registry.npmjs.org/supports-color/-/supports-color-8.1.1.tgz 0ms (cache hit)
3403 http cache picomatch@https://registry.npmjs.org/picomatch/-/picomatch-2.3.2.tgz 0ms (cache hit)
3404 http cache lru-cache@https://registry.npmjs.org/lru-cache/-/lru-cache-11.5.0.tgz 0ms (cache hit)
3405 http cache balanced-match@https://registry.npmjs.org/balanced-match/-/balanced-match-1.0.2.tgz 0ms (cache hit)
3406 http cache ms@https://registry.npmjs.org/ms/-/ms-2.0.0.tgz 0ms (cache hit)
3407 http cache debug@https://registry.npmjs.org/debug/-/debug-2.6.9.tgz 0ms (cache hit)
3408 http cache ms@https://registry.npmjs.org/ms/-/ms-2.0.0.tgz 0ms (cache hit)
3409 http cache brace-expansion@https://registry.npmjs.org/brace-expansion/-/brace-expansion-1.1.14.tgz 0ms (cache hit)
3410 http cache minimatch@https://registry.npmjs.org/minimatch/-/minimatch-3.1.5.tgz 0ms (cache hit)
3411 http cache debug@https://registry.npmjs.org/debug/-/debug-2.6.9.tgz 0ms (cache hit)
3412 http cache glob@https://registry.npmjs.org/glob/-/glob-7.2.3.tgz 0ms (cache hit)
3413 http cache brace-expansion@https://registry.npmjs.org/brace-expansion/-/brace-expansion-1.1.14.tgz 0ms (cache hit)
3414 http cache balanced-match@https://registry.npmjs.org/balanced-match/-/balanced-match-1.0.2.tgz 0ms (cache hit)
3415 http cache hermes-estree@https://registry.npmjs.org/hermes-estree/-/hermes-estree-0.32.0.tgz 0ms (cache hit)
3416 http cache semver@https://registry.npmjs.org/semver/-/semver-6.3.1.tgz 0ms (cache hit)
3417 http cache semver@https://registry.npmjs.org/semver/-/semver-6.3.1.tgz 0ms (cache hit)
3418 http cache hermes-estree@https://registry.npmjs.org/hermes-estree/-/hermes-estree-0.32.0.tgz 0ms (cache hit)
3419 http cache hermes-parser@https://registry.npmjs.org/hermes-parser/-/hermes-parser-0.32.0.tgz 0ms (cache hit)
3420 http cache minimatch@https://registry.npmjs.org/minimatch/-/minimatch-3.1.5.tgz 0ms (cache hit)
3421 http cache glob@https://registry.npmjs.org/glob/-/glob-7.2.3.tgz 0ms (cache hit)
3422 http cache hermes-parser@https://registry.npmjs.org/hermes-parser/-/hermes-parser-0.32.0.tgz 0ms (cache hit)
3423 http cache semver@https://registry.npmjs.org/semver/-/semver-6.3.1.tgz 0ms (cache hit)
3424 http cache mime-db@https://registry.npmjs.org/mime-db/-/mime-db-1.52.0.tgz 0ms (cache hit)
3425 http cache babel-plugin-syntax-hermes-parser@https://registry.npmjs.org/babel-plugin-syntax-hermes-parser/-/babel-plugin-syntax-hermes-parser-0.32.0.tgz 0ms (cache hit)
3426 http cache encodeurl@https://registry.npmjs.org/encodeurl/-/encodeurl-2.0.0.tgz 0ms (cache hit)
3427 http cache semver@https://registry.npmjs.org/semver/-/semver-6.3.1.tgz 0ms (cache hit)
3428 http cache semver@https://registry.npmjs.org/semver/-/semver-6.3.1.tgz 0ms (cache hit)
3429 http cache semver@https://registry.npmjs.org/semver/-/semver-6.3.1.tgz 0ms (cache hit)
3430 http cache hermes-estree@https://registry.npmjs.org/hermes-estree/-/hermes-estree-0.35.0.tgz 0ms (cache hit)
3431 http cache mime-types@https://registry.npmjs.org/mime-types/-/mime-types-3.0.2.tgz 0ms (cache hit)
3432 http cache hermes-estree@https://registry.npmjs.org/hermes-estree/-/hermes-estree-0.35.0.tgz 0ms (cache hit)
3433 http cache negotiator@https://registry.npmjs.org/negotiator/-/negotiator-1.0.0.tgz 0ms (cache hit)
3434 http cache hermes-parser@https://registry.npmjs.org/hermes-parser/-/hermes-parser-0.35.0.tgz 0ms (cache hit)
3435 http cache ws@https://registry.npmjs.org/ws/-/ws-7.5.10.tgz 0ms (cache hit)
3436 http cache xmlbuilder@https://registry.npmjs.org/xmlbuilder/-/xmlbuilder-11.0.1.tgz 0ms (cache hit)
3437 http cache hermes-parser@https://registry.npmjs.org/hermes-parser/-/hermes-parser-0.35.0.tgz 0ms (cache hit)
3438 http cache strip-ansi@https://registry.npmjs.org/strip-ansi/-/strip-ansi-6.0.1.tgz 0ms (cache hit)
3439 http cache accepts@https://registry.npmjs.org/accepts/-/accepts-2.0.0.tgz 0ms (cache hit)
3440 http cache ci-info@https://registry.npmjs.org/ci-info/-/ci-info-2.0.0.tgz 0ms (cache hit)
3441 http cache statuses@https://registry.npmjs.org/statuses/-/statuses-2.0.2.tgz 0ms (cache hit)
3442 http cache source-map@https://registry.npmjs.org/source-map/-/source-map-0.6.1.tgz 0ms (cache hit)
3443 http cache has-flag@https://registry.npmjs.org/has-flag/-/has-flag-3.0.0.tgz 0ms (cache hit)
3444 http cache color-name@https://registry.npmjs.org/color-name/-/color-name-1.1.3.tgz 0ms (cache hit)
3445 http cache color-convert@https://registry.npmjs.org/color-convert/-/color-convert-1.9.3.tgz 0ms (cache hit)
3446 http cache encodeurl@https://registry.npmjs.org/encodeurl/-/encodeurl-2.0.0.tgz 0ms (cache hit)
3447 http cache on-finished@https://registry.npmjs.org/on-finished/-/on-finished-2.4.1.tgz 0ms (cache hit)
3448 http cache ms@https://registry.npmjs.org/ms/-/ms-2.0.0.tgz 0ms (cache hit)
3449 http cache supports-color@https://registry.npmjs.org/supports-color/-/supports-color-5.5.0.tgz 0ms (cache hit)
3450 http cache ms@https://registry.npmjs.org/ms/-/ms-2.0.0.tgz 0ms (cache hit)
3451 http cache debug@https://registry.npmjs.org/debug/-/debug-2.6.9.tgz 0ms (cache hit)
3452 http cache ms@https://registry.npmjs.org/ms/-/ms-2.0.0.tgz 0ms (cache hit)
3453 http cache negotiator@https://registry.npmjs.org/negotiator/-/negotiator-0.6.4.tgz 0ms (cache hit)
3454 http cache debug@https://registry.npmjs.org/debug/-/debug-2.6.9.tgz 0ms (cache hit)
3455 http cache debug@https://registry.npmjs.org/debug/-/debug-2.6.9.tgz 0ms (cache hit)
3456 http cache open@https://registry.npmjs.org/open/-/open-8.4.2.tgz 0ms (cache hit)
3457 http cache chalk@https://registry.npmjs.org/chalk/-/chalk-2.4.2.tgz 0ms (cache hit)
3458 http cache ws@https://registry.npmjs.org/ws/-/ws-7.5.10.tgz 0ms (cache hit)
3459 http cache ansi-styles@https://registry.npmjs.org/ansi-styles/-/ansi-styles-3.2.1.tgz 0ms (cache hit)
3460 http cache escape-string-regexp@https://registry.npmjs.org/escape-string-regexp/-/escape-string-regexp-1.0.5.tgz 0ms (cache hit)
3461 http cache debug@https://registry.npmjs.org/debug/-/debug-3.2.7.tgz 0ms (cache hit)
3462 http cache ansi-styles@https://registry.npmjs.org/ansi-styles/-/ansi-styles-5.2.0.tgz 0ms (cache hit)
3463 http cache hermes-estree@https://registry.npmjs.org/hermes-estree/-/hermes-estree-0.33.3.tgz 0ms (cache hit)
3464 http cache metro-symbolicate@https://registry.npmjs.org/metro-symbolicate/-/metro-symbolicate-0.84.4.tgz 0ms (cache hit)
3465 http cache ob1@https://registry.npmjs.org/ob1/-/ob1-0.84.4.tgz 0ms (cache hit)
3466 http cache ws@https://registry.npmjs.org/ws/-/ws-7.5.10.tgz 0ms (cache hit)
3467 http cache hermes-parser@https://registry.npmjs.org/hermes-parser/-/hermes-parser-0.33.3.tgz 0ms (cache hit)
3468 http cache metro-runtime@https://registry.npmjs.org/metro-runtime/-/metro-runtime-0.84.4.tgz 0ms (cache hit)
3469 http cache metro-source-map@https://registry.npmjs.org/metro-source-map/-/metro-source-map-0.84.4.tgz 0ms (cache hit)
3470 http cache commander@https://registry.npmjs.org/commander/-/commander-12.1.0.tgz 0ms (cache hit)
3471 silly tarball no local data for define-lazy-prop@https://registry.npmjs.org/define-lazy-prop/-/define-lazy-prop-2.0.0.tgz. Extracting by manifest.
3472 silly tarball no local data for concat-map@https://registry.npmjs.org/concat-map/-/concat-map-0.0.1.tgz. Extracting by manifest.
3473 silly tarball no local data for wrappy@https://registry.npmjs.org/wrappy/-/wrappy-1.0.2.tgz. Extracting by manifest.
3474 silly tarball no local data for path-is-absolute@https://registry.npmjs.org/path-is-absolute/-/path-is-absolute-1.0.1.tgz. Extracting by manifest.
3475 silly tarball no local data for inflight@https://registry.npmjs.org/inflight/-/inflight-1.0.6.tgz. Extracting by manifest.
3476 http cache babel-plugin-syntax-hermes-parser@https://registry.npmjs.org/babel-plugin-syntax-hermes-parser/-/babel-plugin-syntax-hermes-parser-0.33.3.tgz 0ms (cache hit)
3477 silly tarball no local data for once@https://registry.npmjs.org/once/-/once-1.4.0.tgz. Extracting by manifest.
3478 silly tarball no local data for y18n@https://registry.npmjs.org/y18n/-/y18n-5.0.8.tgz. Extracting by manifest.
3479 silly tarball no local data for yargs-parser@https://registry.npmjs.org/yargs-parser/-/yargs-parser-21.1.1.tgz. Extracting by manifest.
3480 silly tarball no local data for require-directory@https://registry.npmjs.org/require-directory/-/require-directory-2.1.1.tgz. Extracting by manifest.
3481 silly tarball no local data for get-caller-file@https://registry.npmjs.org/get-caller-file/-/get-caller-file-2.0.5.tgz. Extracting by manifest.
3482 silly tarball no local data for sax@https://registry.npmjs.org/sax/-/sax-1.6.0.tgz. Extracting by manifest.
3483 silly tarball no local data for plist@https://registry.npmjs.org/plist/-/plist-3.1.1.tgz. Extracting by manifest.
3484 silly tarball no local data for cliui@https://registry.npmjs.org/cliui/-/cliui-8.0.1.tgz. Extracting by manifest.
3485 silly tarball no local data for uuid@https://registry.npmjs.org/uuid/-/uuid-7.0.3.tgz. Extracting by manifest.
3486 silly tarball no local data for fs.realpath@https://registry.npmjs.org/fs.realpath/-/fs.realpath-1.0.0.tgz. Extracting by manifest.
3487 silly tarball no local data for is-fullwidth-code-point@https://registry.npmjs.org/is-fullwidth-code-point/-/is-fullwidth-code-point-3.0.0.tgz. Extracting by manifest.
3488 silly tarball no local data for emoji-regex@https://registry.npmjs.org/emoji-regex/-/emoji-regex-8.0.0.tgz. Extracting by manifest.
3489 silly tarball no local data for simple-plist@https://registry.npmjs.org/simple-plist/-/simple-plist-1.3.1.tgz. Extracting by manifest.
3490 silly tarball no local data for string-width@https://registry.npmjs.org/string-width/-/string-width-4.2.3.tgz. Extracting by manifest.
3491 silly tarball no local data for isexe@https://registry.npmjs.org/isexe/-/isexe-2.0.0.tgz. Extracting by manifest.
3492 silly tarball no local data for defaults@https://registry.npmjs.org/defaults/-/defaults-1.0.4.tgz. Extracting by manifest.
3493 silly tarball no local data for clone@https://registry.npmjs.org/clone/-/clone-1.0.4.tgz. Extracting by manifest.
3494 http cache @react-native/normalize-colors@https://registry.npmjs.org/@react-native/normalize-colors/-/normalize-colors-0.85.3.tgz 0ms (cache hit)
3495 silly tarball no local data for tmpl@https://registry.npmjs.org/tmpl/-/tmpl-1.0.5.tgz. Extracting by manifest.
3496 silly tarball no local data for makeerror@https://registry.npmjs.org/makeerror/-/makeerror-1.0.12.tgz. Extracting by manifest.
3497 silly tarball no local data for unicode-property-aliases-ecmascript@https://registry.npmjs.org/unicode-property-aliases-ecmascript/-/unicode-property-aliases-ecmascript-2.2.0.tgz. Extracting by manifest.
3498 silly tarball no local data for unicode-canonical-property-names-ecmascript@https://registry.npmjs.org/unicode-canonical-property-names-ecmascript/-/unicode-canonical-property-names-ecmascript-2.0.1.tgz. Extracting by manifest.
3499 silly tarball no local data for is-number@https://registry.npmjs.org/is-number/-/is-number-7.0.0.tgz. Extracting by manifest.
3500 silly tarball no local data for fdir@https://registry.npmjs.org/fdir/-/fdir-6.5.0.tgz. Extracting by manifest.
3501 silly tarball no local data for escalade@https://registry.npmjs.org/escalade/-/escalade-3.2.0.tgz. Extracting by manifest.
3502 silly tarball no local data for acorn@https://registry.npmjs.org/acorn/-/acorn-8.16.0.tgz. Extracting by manifest.
3503 silly tarball no local data for ansi-escapes@https://registry.npmjs.org/ansi-escapes/-/ansi-escapes-4.3.2.tgz. Extracting by manifest.
3504 silly tarball no local data for supports-hyperlinks@https://registry.npmjs.org/supports-hyperlinks/-/supports-hyperlinks-2.3.0.tgz. Extracting by manifest.
3505 silly tarball no local data for type-fest@https://registry.npmjs.org/type-fest/-/type-fest-0.7.1.tgz. Extracting by manifest.
3506 silly tarball no local data for @jridgewell/source-map@https://registry.npmjs.org/@jridgewell/source-map/-/source-map-0.3.11.tgz. Extracting by manifest.
3507 silly tarball no local data for has-flag@https://registry.npmjs.org/has-flag/-/has-flag-4.0.0.tgz. Extracting by manifest.
3508 silly tarball no local data for buffer-from@https://registry.npmjs.org/buffer-from/-/buffer-from-1.1.2.tgz. Extracting by manifest.
3509 silly tarball no local data for setprototypeof@https://registry.npmjs.org/setprototypeof/-/setprototypeof-1.2.0.tgz. Extracting by manifest.
3510 silly tarball no local data for shebang-regex@https://registry.npmjs.org/shebang-regex/-/shebang-regex-3.0.0.tgz. Extracting by manifest.
3511 silly tarball no local data for toidentifier@https://registry.npmjs.org/toidentifier/-/toidentifier-1.0.1.tgz. Extracting by manifest.
3512 http cache @react-native/codegen@https://registry.npmjs.org/@react-native/codegen/-/codegen-0.85.3.tgz 0ms (cache hit)
3513 silly tarball no local data for range-parser@https://registry.npmjs.org/range-parser/-/range-parser-1.2.1.tgz. Extracting by manifest.
3514 silly tarball no local data for mime@https://registry.npmjs.org/mime/-/mime-1.6.0.tgz. Extracting by manifest.
3515 silly tarball no local data for fresh@https://registry.npmjs.org/fresh/-/fresh-0.5.2.tgz. Extracting by manifest.
3516 silly tarball no local data for etag@https://registry.npmjs.org/etag/-/etag-1.8.1.tgz. Extracting by manifest.
3517 silly tarball no local data for destroy@https://registry.npmjs.org/destroy/-/destroy-1.2.0.tgz. Extracting by manifest.
3518 silly tarball no local data for mimic-fn@https://registry.npmjs.org/mimic-fn/-/mimic-fn-1.2.0.tgz. Extracting by manifest.
3519 silly tarball no local data for depd@https://registry.npmjs.org/depd/-/depd-2.0.0.tgz. Extracting by manifest.
3520 silly tarball no local data for signal-exit@https://registry.npmjs.org/signal-exit/-/signal-exit-3.0.7.tgz. Extracting by manifest.
3521 silly tarball no local data for http-errors@https://registry.npmjs.org/http-errors/-/http-errors-2.0.1.tgz. Extracting by manifest.
3522 silly tarball no local data for onetime@https://registry.npmjs.org/onetime/-/onetime-2.0.1.tgz. Extracting by manifest.
3523 silly tarball no local data for path-parse@https://registry.npmjs.org/path-parse/-/path-parse-1.0.7.tgz. Extracting by manifest.
3524 silly tarball no local data for hasown@https://registry.npmjs.org/hasown/-/hasown-2.0.3.tgz. Extracting by manifest.
3525 silly tarball no local data for supports-preserve-symlinks-flag@https://registry.npmjs.org/supports-preserve-symlinks-flag/-/supports-preserve-symlinks-flag-1.0.0.tgz. Extracting by manifest.
3526 silly tarball no local data for is-core-module@https://registry.npmjs.org/is-core-module/-/is-core-module-2.16.2.tgz. Extracting by manifest.
3527 silly tarball no local data for es-errors@https://registry.npmjs.org/es-errors/-/es-errors-1.3.0.tgz. Extracting by manifest.
3528 silly tarball no local data for unicode-match-property-ecmascript@https://registry.npmjs.org/unicode-match-property-ecmascript/-/unicode-match-property-ecmascript-2.0.0.tgz. Extracting by manifest.
3529 silly tarball no local data for unicode-match-property-value-ecmascript@https://registry.npmjs.org/unicode-match-property-value-ecmascript/-/unicode-match-property-value-ecmascript-2.2.1.tgz. Extracting by manifest.
3530 silly tarball no local data for regjsgen@https://registry.npmjs.org/regjsgen/-/regjsgen-0.8.0.tgz. Extracting by manifest.
3531 silly tarball no local data for regjsparser@https://registry.npmjs.org/regjsparser/-/regjsparser-0.13.1.tgz. Extracting by manifest.
3532 silly tarball no local data for regenerate@https://registry.npmjs.org/regenerate/-/regenerate-1.4.2.tgz. Extracting by manifest.
3533 silly tarball no local data for regenerate-unicode-properties@https://registry.npmjs.org/regenerate-unicode-properties/-/regenerate-unicode-properties-10.2.2.tgz. Extracting by manifest.
3534 silly tarball no local data for shell-quote@https://registry.npmjs.org/shell-quote/-/shell-quote-1.8.3.tgz. Extracting by manifest.
3535 silly tarball no local data for whatwg-fetch@https://registry.npmjs.org/whatwg-fetch/-/whatwg-fetch-3.6.20.tgz. Extracting by manifest.
3536 silly tarball no local data for event-target-shim@https://registry.npmjs.org/event-target-shim/-/event-target-shim-5.0.1.tgz. Extracting by manifest.
3537 silly tarball no local data for asap@https://registry.npmjs.org/asap/-/asap-2.0.6.tgz. Extracting by manifest.
3538 silly tarball no local data for tinyglobby@https://registry.npmjs.org/tinyglobby/-/tinyglobby-0.2.16.tgz. Extracting by manifest.
3539 silly tarball no local data for scheduler@https://registry.npmjs.org/scheduler/-/scheduler-0.27.0.tgz. Extracting by manifest.
3540 silly tarball no local data for regenerator-runtime@https://registry.npmjs.org/regenerator-runtime/-/regenerator-runtime-0.13.11.tgz. Extracting by manifest.
3541 silly tarball no local data for react-devtools-core@https://registry.npmjs.org/react-devtools-core/-/react-devtools-core-6.1.5.tgz. Extracting by manifest.
3542 silly tarball no local data for hermes-compiler@https://registry.npmjs.org/hermes-compiler/-/hermes-compiler-250829098.0.10.tgz. Extracting by manifest.
3543 silly tarball no local data for ansi-regex@https://registry.npmjs.org/ansi-regex/-/ansi-regex-5.0.1.tgz. Extracting by manifest.
3544 silly tarball no local data for function-bind@https://registry.npmjs.org/function-bind/-/function-bind-1.1.2.tgz. Extracting by manifest.
3545 silly tarball no local data for promise@https://registry.npmjs.org/promise/-/promise-8.3.0.tgz. Extracting by manifest.
3546 silly tarball no local data for abort-controller@https://registry.npmjs.org/abort-controller/-/abort-controller-3.0.0.tgz. Extracting by manifest.
3547 silly tarball no local data for @react-native/gradle-plugin@https://registry.npmjs.org/@react-native/gradle-plugin/-/gradle-plugin-0.85.3.tgz. Extracting by manifest.
3548 silly tarball no local data for @react-native/js-polyfills@https://registry.npmjs.org/@react-native/js-polyfills/-/js-polyfills-0.85.3.tgz. Extracting by manifest.
3549 silly tarball no local data for @react-native/virtualized-lists@https://registry.npmjs.org/@react-native/virtualized-lists/-/virtualized-lists-0.85.3.tgz. Extracting by manifest.
3550 silly tarball no local data for inherits@https://registry.npmjs.org/inherits/-/inherits-2.0.4.tgz. Extracting by manifest.
3551 silly tarball no local data for sisteransi@https://registry.npmjs.org/sisteransi/-/sisteransi-1.0.5.tgz. Extracting by manifest.
3552 silly tarball no local data for memoize-one@https://registry.npmjs.org/memoize-one/-/memoize-one-5.2.1.tgz. Extracting by manifest.
3553 silly tarball no local data for @react-native/community-cli-plugin@https://registry.npmjs.org/@react-native/community-cli-plugin/-/community-cli-plugin-0.85.3.tgz. Extracting by manifest.
3554 silly tarball no local data for @react-native/assets-registry@https://registry.npmjs.org/@react-native/assets-registry/-/assets-registry-0.85.3.tgz. Extracting by manifest.
3555 silly tarball no local data for react-is@https://registry.npmjs.org/react-is/-/react-is-18.3.1.tgz. Extracting by manifest.
3556 silly tarball no local data for restore-cursor@https://registry.npmjs.org/restore-cursor/-/restore-cursor-2.0.0.tgz. Extracting by manifest.
3557 silly tarball no local data for kleur@https://registry.npmjs.org/kleur/-/kleur-3.0.3.tgz. Extracting by manifest.
3558 silly tarball no local data for source-map-js@https://registry.npmjs.org/source-map-js/-/source-map-js-1.2.1.tgz. Extracting by manifest.
3559 silly tarball no local data for nanoid@https://registry.npmjs.org/nanoid/-/nanoid-3.3.12.tgz. Extracting by manifest.
3560 silly tarball no local data for pngjs@https://registry.npmjs.org/pngjs/-/pngjs-3.4.0.tgz. Extracting by manifest.
3561 silly tarball no local data for log-symbols@https://registry.npmjs.org/log-symbols/-/log-symbols-2.2.0.tgz. Extracting by manifest.
3562 silly tarball no local data for cli-spinners@https://registry.npmjs.org/cli-spinners/-/cli-spinners-2.9.2.tgz. Extracting by manifest.
3563 silly tarball no local data for strip-ansi@https://registry.npmjs.org/strip-ansi/-/strip-ansi-5.2.0.tgz. Extracting by manifest.
3564 silly tarball no local data for ee-first@https://registry.npmjs.org/ee-first/-/ee-first-1.1.1.tgz. Extracting by manifest.
3565 silly tarball no local data for cli-cursor@https://registry.npmjs.org/cli-cursor/-/cli-cursor-2.1.0.tgz. Extracting by manifest.
3566 silly tarball no local data for wcwidth@https://registry.npmjs.org/wcwidth/-/wcwidth-1.0.1.tgz. Extracting by manifest.
3567 silly tarball no local data for validate-npm-package-name@https://registry.npmjs.org/validate-npm-package-name/-/validate-npm-package-name-5.0.1.tgz. Extracting by manifest.
3568 silly tarball no local data for hosted-git-info@https://registry.npmjs.org/hosted-git-info/-/hosted-git-info-7.0.2.tgz. Extracting by manifest.
3569 silly tarball no local data for brace-expansion@https://registry.npmjs.org/brace-expansion/-/brace-expansion-5.0.6.tgz. Extracting by manifest.
3570 silly tarball no local data for to-regex-range@https://registry.npmjs.org/to-regex-range/-/to-regex-range-5.0.1.tgz. Extracting by manifest.
3571 silly tarball no local data for proc-log@https://registry.npmjs.org/proc-log/-/proc-log-4.2.0.tgz. Extracting by manifest.
3572 silly tarball no local data for braces@https://registry.npmjs.org/braces/-/braces-3.0.3.tgz. Extracting by manifest.
3573 silly tarball no local data for ob1@https://registry.npmjs.org/ob1/-/ob1-0.83.7.tgz. Extracting by manifest.
3574 silly tarball no local data for balanced-match@https://registry.npmjs.org/balanced-match/-/balanced-match-4.0.4.tgz. Extracting by manifest.
3575 silly tarball no local data for node-int64@https://registry.npmjs.org/node-int64/-/node-int64-0.4.0.tgz. Extracting by manifest.
3576 silly tarball no local data for fill-range@https://registry.npmjs.org/fill-range/-/fill-range-7.1.1.tgz. Extracting by manifest.
3577 silly tarball no local data for walker@https://registry.npmjs.org/walker/-/walker-1.0.8.tgz. Extracting by manifest.
3578 silly tarball no local data for bser@https://registry.npmjs.org/bser/-/bser-2.1.1.tgz. Extracting by manifest.
3579 silly tarball no local data for micromatch@https://registry.npmjs.org/micromatch/-/micromatch-4.0.8.tgz. Extracting by manifest.
3580 silly tarball no local data for fb-watchman@https://registry.npmjs.org/fb-watchman/-/fb-watchman-2.0.2.tgz. Extracting by manifest.
3581 silly tarball no local data for terser@https://registry.npmjs.org/terser/-/terser-5.47.1.tgz. Extracting by manifest.
3582 silly tarball no local data for leven@https://registry.npmjs.org/leven/-/leven-3.1.0.tgz. Extracting by manifest.
3583 silly tarball no local data for camelcase@https://registry.npmjs.org/camelcase/-/camelcase-6.3.0.tgz. Extracting by manifest.
3584 silly tarball no local data for yaml@https://registry.npmjs.org/yaml/-/yaml-2.9.0.tgz. Extracting by manifest.
3585 silly tarball no local data for jest-validate@https://registry.npmjs.org/jest-validate/-/jest-validate-29.7.0.tgz. Extracting by manifest.
3586 silly tarball no local data for agent-base@https://registry.npmjs.org/agent-base/-/agent-base-7.1.4.tgz. Extracting by manifest.
3587 silly tarball no local data for vlq@https://registry.npmjs.org/vlq/-/vlq-1.0.1.tgz. Extracting by manifest.
3588 silly tarball no local data for https-proxy-agent@https://registry.npmjs.org/https-proxy-agent/-/https-proxy-agent-7.0.6.tgz. Extracting by manifest.
3589 silly tarball no local data for exponential-backoff@https://registry.npmjs.org/exponential-backoff/-/exponential-backoff-3.1.3.tgz. Extracting by manifest.
3590 silly tarball no local data for @types/istanbul-lib-report@https://registry.npmjs.org/@types/istanbul-lib-report/-/istanbul-lib-report-3.0.3.tgz. Extracting by manifest.
3591 silly tarball no local data for jest-get-type@https://registry.npmjs.org/jest-get-type/-/jest-get-type-29.6.3.tgz. Extracting by manifest.
3592 silly tarball no local data for @jest/schemas@https://registry.npmjs.org/@jest/schemas/-/schemas-29.6.3.tgz. Extracting by manifest.
3593 silly tarball no local data for @sinclair/typebox@https://registry.npmjs.org/@sinclair/typebox/-/typebox-0.27.10.tgz. Extracting by manifest.
3594 silly tarball no local data for @types/yargs-parser@https://registry.npmjs.org/@types/yargs-parser/-/yargs-parser-21.0.3.tgz. Extracting by manifest.
3595 silly tarball no local data for @types/istanbul-reports@https://registry.npmjs.org/@types/istanbul-reports/-/istanbul-reports-3.0.4.tgz. Extracting by manifest.
3596 silly tarball no local data for merge-stream@https://registry.npmjs.org/merge-stream/-/merge-stream-2.0.0.tgz. Extracting by manifest.
3597 silly tarball no local data for @types/yargs@https://registry.npmjs.org/@types/yargs/-/yargs-17.0.35.tgz. Extracting by manifest.
3598 silly tarball no local data for @jest/types@https://registry.npmjs.org/@jest/types/-/types-29.6.3.tgz. Extracting by manifest.
3599 silly tarball no local data for @types/istanbul-lib-coverage@https://registry.npmjs.org/@types/istanbul-lib-coverage/-/istanbul-lib-coverage-2.0.6.tgz. Extracting by manifest.
3600 silly tarball no local data for jest-util@https://registry.npmjs.org/jest-util/-/jest-util-29.7.0.tgz. Extracting by manifest.
3601 silly tarball no local data for queue@https://registry.npmjs.org/queue/-/queue-6.0.2.tgz. Extracting by manifest.
3602 silly tarball no local data for throat@https://registry.npmjs.org/throat/-/throat-5.0.0.tgz. Extracting by manifest.
3603 silly tarball no local data for stackframe@https://registry.npmjs.org/stackframe/-/stackframe-1.3.4.tgz. Extracting by manifest.
3604 silly tarball no local data for source-map@https://registry.npmjs.org/source-map/-/source-map-0.5.7.tgz. Extracting by manifest.
3605 silly tarball no local data for serialize-error@https://registry.npmjs.org/serialize-error/-/serialize-error-2.1.0.tgz. Extracting by manifest.
3606 silly tarball no local data for jest-worker@https://registry.npmjs.org/jest-worker/-/jest-worker-29.7.0.tgz. Extracting by manifest.
3607 silly tarball no local data for lodash.throttle@https://registry.npmjs.org/lodash.throttle/-/lodash.throttle-4.1.1.tgz. Extracting by manifest.
3608 silly tarball no local data for graceful-fs@https://registry.npmjs.org/graceful-fs/-/graceful-fs-4.2.11.tgz. Extracting by manifest.
3609 silly tarball no local data for image-size@https://registry.npmjs.org/image-size/-/image-size-1.2.1.tgz. Extracting by manifest.
3610 silly tarball no local data for error-stack-parser@https://registry.npmjs.org/error-stack-parser/-/error-stack-parser-2.1.4.tgz. Extracting by manifest.
3611 silly tarball no local data for yallist@https://registry.npmjs.org/yallist/-/yallist-3.1.1.tgz. Extracting by manifest.
3612 silly tarball no local data for lightningcss-win32-x64-msvc@https://registry.npmjs.org/lightningcss-win32-x64-msvc/-/lightningcss-win32-x64-msvc-1.32.0.tgz. Extracting by manifest.
3613 silly tarball no local data for marky@https://registry.npmjs.org/marky/-/marky-1.3.0.tgz. Extracting by manifest.
3614 silly tarball no local data for detect-libc@https://registry.npmjs.org/detect-libc/-/detect-libc-2.1.2.tgz. Extracting by manifest.
3615 silly tarball no local data for argparse@https://registry.npmjs.org/argparse/-/argparse-2.0.1.tgz. Extracting by manifest.
3616 silly tarball no local data for loose-envify@https://registry.npmjs.org/loose-envify/-/loose-envify-1.4.0.tgz. Extracting by manifest.
3617 silly tarball no local data for flow-enums-runtime@https://registry.npmjs.org/flow-enums-runtime/-/flow-enums-runtime-0.0.6.tgz. Extracting by manifest.
3618 silly tarball no local data for hermes-estree@https://registry.npmjs.org/hermes-estree/-/hermes-estree-0.32.1.tgz. Extracting by manifest.
3619 silly tarball no local data for path-scurry@https://registry.npmjs.org/path-scurry/-/path-scurry-2.0.2.tgz. Extracting by manifest.
3620 silly tarball no local data for minipass@https://registry.npmjs.org/minipass/-/minipass-7.1.3.tgz. Extracting by manifest.
3621 silly tarball no local data for is-docker@https://registry.npmjs.org/is-docker/-/is-docker-2.2.1.tgz. Extracting by manifest.
3622 silly tarball no local data for on-finished@https://registry.npmjs.org/on-finished/-/on-finished-2.3.0.tgz. Extracting by manifest.
3623 silly tarball no local data for statuses@https://registry.npmjs.org/statuses/-/statuses-1.5.0.tgz. Extracting by manifest.
3624 silly tarball no local data for unpipe@https://registry.npmjs.org/unpipe/-/unpipe-1.0.0.tgz. Extracting by manifest.
3625 silly tarball no local data for escape-html@https://registry.npmjs.org/escape-html/-/escape-html-1.0.3.tgz. Extracting by manifest.
3626 silly tarball no local data for fontfaceobserver@https://registry.npmjs.org/fontfaceobserver/-/fontfaceobserver-2.3.0.tgz. Extracting by manifest.
3627 silly tarball no local data for ms@https://registry.npmjs.org/ms/-/ms-2.1.3.tgz. Extracting by manifest.
3628 silly tarball no local data for encodeurl@https://registry.npmjs.org/encodeurl/-/encodeurl-1.0.2.tgz. Extracting by manifest.
3629 silly tarball no local data for which@https://registry.npmjs.org/which/-/which-2.0.2.tgz. Extracting by manifest.
3630 silly tarball no local data for shebang-command@https://registry.npmjs.org/shebang-command/-/shebang-command-2.0.0.tgz. Extracting by manifest.
3631 silly tarball no local data for utils-merge@https://registry.npmjs.org/utils-merge/-/utils-merge-1.0.1.tgz. Extracting by manifest.
3632 silly tarball no local data for finalhandler@https://registry.npmjs.org/finalhandler/-/finalhandler-1.1.2.tgz. Extracting by manifest.
3633 silly tarball no local data for path-key@https://registry.npmjs.org/path-key/-/path-key-3.1.1.tgz. Extracting by manifest.
3634 silly tarball no local data for mime-db@https://registry.npmjs.org/mime-db/-/mime-db-1.54.0.tgz. Extracting by manifest.
3635 silly tarball no local data for commander@https://registry.npmjs.org/commander/-/commander-7.2.0.tgz. Extracting by manifest.
3636 silly tarball no local data for parseurl@https://registry.npmjs.org/parseurl/-/parseurl-1.3.3.tgz. Extracting by manifest.
3637 silly tarball no local data for vary@https://registry.npmjs.org/vary/-/vary-1.1.2.tgz. Extracting by manifest.
3638 silly tarball no local data for safe-buffer@https://registry.npmjs.org/safe-buffer/-/safe-buffer-5.2.1.tgz. Extracting by manifest.
3639 silly tarball no local data for on-headers@https://registry.npmjs.org/on-headers/-/on-headers-1.1.0.tgz. Extracting by manifest.
3640 silly tarball no local data for color-name@https://registry.npmjs.org/color-name/-/color-name-1.1.4.tgz. Extracting by manifest.
3641 silly tarball no local data for bytes@https://registry.npmjs.org/bytes/-/bytes-3.1.2.tgz. Extracting by manifest.
3642 silly tarball no local data for rimraf@https://registry.npmjs.org/rimraf/-/rimraf-3.0.2.tgz. Extracting by manifest.
3643 silly tarball no local data for mkdirp@https://registry.npmjs.org/mkdirp/-/mkdirp-1.0.4.tgz. Extracting by manifest.
3644 silly tarball no local data for undici-types@https://registry.npmjs.org/undici-types/-/undici-types-7.24.6.tgz. Extracting by manifest.
3645 silly tarball no local data for lighthouse-logger@https://registry.npmjs.org/lighthouse-logger/-/lighthouse-logger-1.4.2.tgz. Extracting by manifest.
3646 silly tarball no local data for @types/node@https://registry.npmjs.org/@types/node/-/node-25.9.1.tgz. Extracting by manifest.
3647 silly tarball no local data for is-wsl@https://registry.npmjs.org/is-wsl/-/is-wsl-2.2.0.tgz. Extracting by manifest.
3648 silly tarball no local data for escape-string-regexp@https://registry.npmjs.org/escape-string-regexp/-/escape-string-regexp-4.0.0.tgz. Extracting by manifest.
3649 silly tarball no local data for color-convert@https://registry.npmjs.org/color-convert/-/color-convert-2.0.1.tgz. Extracting by manifest.
3650 silly tarball no local data for compressible@https://registry.npmjs.org/compressible/-/compressible-2.0.18.tgz. Extracting by manifest.
3651 silly tarball no local data for supports-color@https://registry.npmjs.org/supports-color/-/supports-color-7.2.0.tgz. Extracting by manifest.
3652 silly tarball no local data for node-releases@https://registry.npmjs.org/node-releases/-/node-releases-2.0.44.tgz. Extracting by manifest.
3653 silly tarball no local data for ansi-styles@https://registry.npmjs.org/ansi-styles/-/ansi-styles-4.3.0.tgz. Extracting by manifest.
3654 silly tarball no local data for electron-to-chromium@https://registry.npmjs.org/electron-to-chromium/-/electron-to-chromium-1.5.360.tgz. Extracting by manifest.
3655 silly tarball no local data for update-browserslist-db@https://registry.npmjs.org/update-browserslist-db/-/update-browserslist-db-1.2.3.tgz. Extracting by manifest.
3656 silly tarball no local data for caniuse-lite@https://registry.npmjs.org/caniuse-lite/-/caniuse-lite-1.0.30001793.tgz. Extracting by manifest.
3657 silly tarball no local data for baseline-browser-mapping@https://registry.npmjs.org/baseline-browser-mapping/-/baseline-browser-mapping-2.10.31.tgz. Extracting by manifest.
3658 silly tarball no local data for big-integer@https://registry.npmjs.org/big-integer/-/big-integer-1.6.52.tgz. Extracting by manifest.
3659 silly tarball no local data for stream-buffers@https://registry.npmjs.org/stream-buffers/-/stream-buffers-2.2.0.tgz. Extracting by manifest.
3660 silly tarball no local data for @babel/helper-define-polyfill-provider@https://registry.npmjs.org/@babel/helper-define-polyfill-provider/-/helper-define-polyfill-provider-0.6.8.tgz. Extracting by manifest.
3661 silly tarball no local data for lodash.debounce@https://registry.npmjs.org/lodash.debounce/-/lodash.debounce-4.0.8.tgz. Extracting by manifest.
3662 silly tarball no local data for resolve@https://registry.npmjs.org/resolve/-/resolve-1.22.12.tgz. Extracting by manifest.
3663 silly tarball no local data for @react-native/codegen@https://registry.npmjs.org/@react-native/codegen/-/codegen-0.83.6.tgz. Extracting by manifest.
3664 silly tarball no local data for yargs@https://registry.npmjs.org/yargs/-/yargs-17.7.2.tgz. Extracting by manifest.
3665 silly tarball no local data for regexpu-core@https://registry.npmjs.org/regexpu-core/-/regexpu-core-6.4.0.tgz. Extracting by manifest.
3666 silly tarball no local data for @babel/helper-create-regexp-features-plugin@https://registry.npmjs.org/@babel/helper-create-regexp-features-plugin/-/helper-create-regexp-features-plugin-7.28.5.tgz. Extracting by manifest.
3667 silly tarball no local data for @babel/plugin-transform-unicode-regex@https://registry.npmjs.org/@babel/plugin-transform-unicode-regex/-/plugin-transform-unicode-regex-7.27.1.tgz. Extracting by manifest.
3668 silly tarball no local data for @babel/helper-remap-async-to-generator@https://registry.npmjs.org/@babel/helper-remap-async-to-generator/-/helper-remap-async-to-generator-7.27.1.tgz. Extracting by manifest.
3669 silly tarball no local data for core-js-compat@https://registry.npmjs.org/core-js-compat/-/core-js-compat-3.49.0.tgz. Extracting by manifest.
3670 silly tarball no local data for @babel/helper-wrap-function@https://registry.npmjs.org/@babel/helper-wrap-function/-/helper-wrap-function-7.28.6.tgz. Extracting by manifest.
3671 silly tarball no local data for @babel/plugin-transform-sticky-regex@https://registry.npmjs.org/@babel/plugin-transform-sticky-regex/-/plugin-transform-sticky-regex-7.27.1.tgz. Extracting by manifest.
3672 silly tarball no local data for @babel/plugin-transform-regenerator@https://registry.npmjs.org/@babel/plugin-transform-regenerator/-/plugin-transform-regenerator-7.29.0.tgz. Extracting by manifest.
3673 silly tarball no local data for @babel/plugin-transform-shorthand-properties@https://registry.npmjs.org/@babel/plugin-transform-shorthand-properties/-/plugin-transform-shorthand-properties-7.27.1.tgz. Extracting by manifest.
3674 silly tarball no local data for @babel/plugin-transform-spread@https://registry.npmjs.org/@babel/plugin-transform-spread/-/plugin-transform-spread-7.28.6.tgz. Extracting by manifest.
3675 silly tarball no local data for @babel/plugin-transform-react-jsx-self@https://registry.npmjs.org/@babel/plugin-transform-react-jsx-self/-/plugin-transform-react-jsx-self-7.27.1.tgz. Extracting by manifest.
3676 silly tarball no local data for @babel/plugin-transform-optional-chaining@https://registry.npmjs.org/@babel/plugin-transform-optional-chaining/-/plugin-transform-optional-chaining-7.28.6.tgz. Extracting by manifest.
3677 silly tarball no local data for @babel/plugin-transform-optional-catch-binding@https://registry.npmjs.org/@babel/plugin-transform-optional-catch-binding/-/plugin-transform-optional-catch-binding-7.28.6.tgz. Extracting by manifest.
3678 silly tarball no local data for @babel/plugin-transform-numeric-separator@https://registry.npmjs.org/@babel/plugin-transform-numeric-separator/-/plugin-transform-numeric-separator-7.28.6.tgz. Extracting by manifest.
3679 silly tarball no local data for @babel/plugin-transform-named-capturing-groups-regex@https://registry.npmjs.org/@babel/plugin-transform-named-capturing-groups-regex/-/plugin-transform-named-capturing-groups-regex-7.29.0.tgz. Extracting by manifest.
3680 silly tarball no local data for @react-native/babel-plugin-codegen@https://registry.npmjs.org/@react-native/babel-plugin-codegen/-/babel-plugin-codegen-0.83.6.tgz. Extracting by manifest.
3681 silly tarball no local data for @babel/plugin-transform-nullish-coalescing-operator@https://registry.npmjs.org/@babel/plugin-transform-nullish-coalescing-operator/-/plugin-transform-nullish-coalescing-operator-7.28.6.tgz. Extracting by manifest.
3682 silly tarball no local data for @babel/plugin-transform-literals@https://registry.npmjs.org/@babel/plugin-transform-literals/-/plugin-transform-literals-7.27.1.tgz. Extracting by manifest.
3683 silly tarball no local data for @babel/plugin-transform-react-jsx-source@https://registry.npmjs.org/@babel/plugin-transform-react-jsx-source/-/plugin-transform-react-jsx-source-7.27.1.tgz. Extracting by manifest.
3684 silly tarball no local data for @babel/plugin-transform-logical-assignment-operators@https://registry.npmjs.org/@babel/plugin-transform-logical-assignment-operators/-/plugin-transform-logical-assignment-operators-7.28.6.tgz. Extracting by manifest.
3685 silly tarball no local data for @babel/plugin-transform-function-name@https://registry.npmjs.org/@babel/plugin-transform-function-name/-/plugin-transform-function-name-7.27.1.tgz. Extracting by manifest.
3686 silly tarball no local data for @babel/plugin-transform-for-of@https://registry.npmjs.org/@babel/plugin-transform-for-of/-/plugin-transform-for-of-7.27.1.tgz. Extracting by manifest.
3687 silly tarball no local data for @babel/plugin-transform-computed-properties@https://registry.npmjs.org/@babel/plugin-transform-computed-properties/-/plugin-transform-computed-properties-7.28.6.tgz. Extracting by manifest.
3688 silly tarball no local data for @babel/plugin-transform-classes@https://registry.npmjs.org/@babel/plugin-transform-classes/-/plugin-transform-classes-7.28.6.tgz. Extracting by manifest.
3689 silly tarball no local data for @babel/plugin-transform-class-properties@https://registry.npmjs.org/@babel/plugin-transform-class-properties/-/plugin-transform-class-properties-7.28.6.tgz. Extracting by manifest.
3690 silly tarball no local data for @babel/plugin-transform-block-scoping@https://registry.npmjs.org/@babel/plugin-transform-block-scoping/-/plugin-transform-block-scoping-7.28.6.tgz. Extracting by manifest.
3691 silly tarball no local data for @babel/plugin-transform-async-to-generator@https://registry.npmjs.org/@babel/plugin-transform-async-to-generator/-/plugin-transform-async-to-generator-7.28.6.tgz. Extracting by manifest.
3692 silly tarball no local data for @babel/plugin-syntax-optional-chaining@https://registry.npmjs.org/@babel/plugin-syntax-optional-chaining/-/plugin-syntax-optional-chaining-7.8.3.tgz. Extracting by manifest.
3693 silly tarball no local data for @babel/plugin-syntax-dynamic-import@https://registry.npmjs.org/@babel/plugin-syntax-dynamic-import/-/plugin-syntax-dynamic-import-7.8.3.tgz. Extracting by manifest.
3694 silly tarball no local data for @babel/plugin-syntax-typescript@https://registry.npmjs.org/@babel/plugin-syntax-typescript/-/plugin-syntax-typescript-7.28.6.tgz. Extracting by manifest.
3695 silly tarball no local data for @babel/plugin-transform-typescript@https://registry.npmjs.org/@babel/plugin-transform-typescript/-/plugin-transform-typescript-7.28.6.tgz. Extracting by manifest.
3696 silly tarball no local data for @babel/plugin-transform-react-jsx-development@https://registry.npmjs.org/@babel/plugin-transform-react-jsx-development/-/plugin-transform-react-jsx-development-7.27.1.tgz. Extracting by manifest.
3697 silly tarball no local data for @babel/plugin-transform-async-generator-functions@https://registry.npmjs.org/@babel/plugin-transform-async-generator-functions/-/plugin-transform-async-generator-functions-7.29.0.tgz. Extracting by manifest.
3698 silly tarball no local data for @babel/plugin-syntax-jsx@https://registry.npmjs.org/@babel/plugin-syntax-jsx/-/plugin-syntax-jsx-7.28.6.tgz. Extracting by manifest.
3699 silly tarball no local data for babel-plugin-polyfill-corejs3@https://registry.npmjs.org/babel-plugin-polyfill-corejs3/-/babel-plugin-polyfill-corejs3-0.13.0.tgz. Extracting by manifest.
3700 silly tarball no local data for babel-plugin-polyfill-regenerator@https://registry.npmjs.org/babel-plugin-polyfill-regenerator/-/babel-plugin-polyfill-regenerator-0.6.8.tgz. Extracting by manifest.
3701 silly tarball no local data for @babel/plugin-transform-react-pure-annotations@https://registry.npmjs.org/@babel/plugin-transform-react-pure-annotations/-/plugin-transform-react-pure-annotations-7.27.1.tgz. Extracting by manifest.
3702 silly tarball no local data for @babel/plugin-transform-arrow-functions@https://registry.npmjs.org/@babel/plugin-transform-arrow-functions/-/plugin-transform-arrow-functions-7.27.1.tgz. Extracting by manifest.
3703 silly tarball no local data for @babel/plugin-transform-react-display-name@https://registry.npmjs.org/@babel/plugin-transform-react-display-name/-/plugin-transform-react-display-name-7.28.0.tgz. Extracting by manifest.
3704 silly tarball no local data for @babel/plugin-transform-destructuring@https://registry.npmjs.org/@babel/plugin-transform-destructuring/-/plugin-transform-destructuring-7.28.5.tgz. Extracting by manifest.
3705 silly tarball no local data for @babel/plugin-syntax-nullish-coalescing-operator@https://registry.npmjs.org/@babel/plugin-syntax-nullish-coalescing-operator/-/plugin-syntax-nullish-coalescing-operator-7.8.3.tgz. Extracting by manifest.
3706 silly tarball no local data for @babel/plugin-transform-react-jsx@https://registry.npmjs.org/@babel/plugin-transform-react-jsx/-/plugin-transform-react-jsx-7.28.6.tgz. Extracting by manifest.
3707 silly tarball no local data for @babel/helper-skip-transparent-expression-wrappers@https://registry.npmjs.org/@babel/helper-skip-transparent-expression-wrappers/-/helper-skip-transparent-expression-wrappers-7.27.1.tgz. Extracting by manifest.
3708 silly tarball no local data for @babel/helper-replace-supers@https://registry.npmjs.org/@babel/helper-replace-supers/-/helper-replace-supers-7.28.6.tgz. Extracting by manifest.
3709 silly tarball no local data for babel-plugin-polyfill-corejs2@https://registry.npmjs.org/babel-plugin-polyfill-corejs2/-/babel-plugin-polyfill-corejs2-0.4.17.tgz. Extracting by manifest.
3710 silly tarball no local data for babel-plugin-transform-flow-enums@https://registry.npmjs.org/babel-plugin-transform-flow-enums/-/babel-plugin-transform-flow-enums-0.0.2.tgz. Extracting by manifest.
3711 silly tarball no local data for @babel/helper-annotate-as-pure@https://registry.npmjs.org/@babel/helper-annotate-as-pure/-/helper-annotate-as-pure-7.27.3.tgz. Extracting by manifest.
3712 silly tarball no local data for @babel/plugin-syntax-flow@https://registry.npmjs.org/@babel/plugin-syntax-flow/-/plugin-syntax-flow-7.28.6.tgz. Extracting by manifest.
3713 silly tarball no local data for @babel/helper-member-expression-to-functions@https://registry.npmjs.org/@babel/helper-member-expression-to-functions/-/helper-member-expression-to-functions-7.28.5.tgz. Extracting by manifest.
3714 silly tarball no local data for babel-plugin-syntax-hermes-parser@https://registry.npmjs.org/babel-plugin-syntax-hermes-parser/-/babel-plugin-syntax-hermes-parser-0.32.1.tgz. Extracting by manifest.
3715 silly tarball no local data for @babel/plugin-syntax-decorators@https://registry.npmjs.org/@babel/plugin-syntax-decorators/-/plugin-syntax-decorators-7.28.6.tgz. Extracting by manifest.
3716 silly tarball no local data for @babel/helper-create-class-features-plugin@https://registry.npmjs.org/@babel/helper-create-class-features-plugin/-/helper-create-class-features-plugin-7.29.3.tgz. Extracting by manifest.
3717 silly tarball no local data for @react-native/babel-preset@https://registry.npmjs.org/@react-native/babel-preset/-/babel-preset-0.83.6.tgz. Extracting by manifest.
3718 silly tarball no local data for babel-plugin-react-native-web@https://registry.npmjs.org/babel-plugin-react-native-web/-/babel-plugin-react-native-web-0.21.2.tgz. Extracting by manifest.
3719 silly tarball no local data for babel-plugin-react-compiler@https://registry.npmjs.org/babel-plugin-react-compiler/-/babel-plugin-react-compiler-1.0.0.tgz. Extracting by manifest.
3720 silly tarball no local data for @babel/helper-optimise-call-expression@https://registry.npmjs.org/@babel/helper-optimise-call-expression/-/helper-optimise-call-expression-7.27.1.tgz. Extracting by manifest.
3721 silly tarball no local data for @babel/preset-typescript@https://registry.npmjs.org/@babel/preset-typescript/-/preset-typescript-7.28.5.tgz. Extracting by manifest.
3722 silly tarball no local data for @babel/preset-react@https://registry.npmjs.org/@babel/preset-react/-/preset-react-7.28.5.tgz. Extracting by manifest.
3723 silly tarball no local data for @babel/plugin-transform-private-property-in-object@https://registry.npmjs.org/@babel/plugin-transform-private-property-in-object/-/plugin-transform-private-property-in-object-7.28.6.tgz. Extracting by manifest.
3724 silly tarball no local data for @babel/plugin-transform-private-methods@https://registry.npmjs.org/@babel/plugin-transform-private-methods/-/plugin-transform-private-methods-7.28.6.tgz. Extracting by manifest.
3725 silly tarball no local data for @babel/plugin-transform-object-rest-spread@https://registry.npmjs.org/@babel/plugin-transform-object-rest-spread/-/plugin-transform-object-rest-spread-7.28.6.tgz. Extracting by manifest.
3726 silly tarball no local data for @babel/plugin-transform-export-namespace-from@https://registry.npmjs.org/@babel/plugin-transform-export-namespace-from/-/plugin-transform-export-namespace-from-7.27.1.tgz. Extracting by manifest.
3727 silly tarball no local data for @babel/plugin-transform-flow-strip-types@https://registry.npmjs.org/@babel/plugin-transform-flow-strip-types/-/plugin-transform-flow-strip-types-7.27.1.tgz. Extracting by manifest.
3728 silly tarball no local data for @babel/plugin-transform-class-static-block@https://registry.npmjs.org/@babel/plugin-transform-class-static-block/-/plugin-transform-class-static-block-7.28.6.tgz. Extracting by manifest.
3729 silly tarball no local data for @babel/plugin-transform-runtime@https://registry.npmjs.org/@babel/plugin-transform-runtime/-/plugin-transform-runtime-7.29.0.tgz. Extracting by manifest.
3730 silly tarball no local data for negotiator@https://registry.npmjs.org/negotiator/-/negotiator-0.6.3.tgz. Extracting by manifest.
3731 silly tarball no local data for mime-types@https://registry.npmjs.org/mime-types/-/mime-types-2.1.35.tgz. Extracting by manifest.
3732 silly tarball no local data for @babel/plugin-syntax-export-default-from@https://registry.npmjs.org/@babel/plugin-syntax-export-default-from/-/plugin-syntax-export-default-from-7.28.6.tgz. Extracting by manifest.
3733 silly tarball no local data for @babel/plugin-proposal-export-default-from@https://registry.npmjs.org/@babel/plugin-proposal-export-default-from/-/plugin-proposal-export-default-from-7.27.1.tgz. Extracting by manifest.
3734 silly tarball no local data for @babel/plugin-transform-parameters@https://registry.npmjs.org/@babel/plugin-transform-parameters/-/plugin-transform-parameters-7.27.7.tgz. Extracting by manifest.
3735 silly tarball no local data for serve-static@https://registry.npmjs.org/serve-static/-/serve-static-1.16.3.tgz. Extracting by manifest.
3736 silly tarball no local data for open@https://registry.npmjs.org/open/-/open-7.4.2.tgz. Extracting by manifest.
3737 silly tarball no local data for invariant@https://registry.npmjs.org/invariant/-/invariant-2.2.4.tgz. Extracting by manifest.
3738 silly tarball no local data for @babel/plugin-proposal-decorators@https://registry.npmjs.org/@babel/plugin-proposal-decorators/-/plugin-proposal-decorators-7.29.0.tgz. Extracting by manifest.
3739 silly tarball no local data for nullthrows@https://registry.npmjs.org/nullthrows/-/nullthrows-1.1.1.tgz. Extracting by manifest.
3740 silly tarball no local data for fb-dotslash@https://registry.npmjs.org/fb-dotslash/-/fb-dotslash-0.5.8.tgz. Extracting by manifest.
3741 silly tarball no local data for @react-native/debugger-shell@https://registry.npmjs.org/@react-native/debugger-shell/-/debugger-shell-0.83.6.tgz. Extracting by manifest.
3742 silly tarball no local data for chrome-launcher@https://registry.npmjs.org/chrome-launcher/-/chrome-launcher-0.15.2.tgz. Extracting by manifest.
3743 silly tarball no local data for @jridgewell/resolve-uri@https://registry.npmjs.org/@jridgewell/resolve-uri/-/resolve-uri-3.1.2.tgz. Extracting by manifest.
3744 silly tarball no local data for chromium-edge-launcher@https://registry.npmjs.org/chromium-edge-launcher/-/chromium-edge-launcher-0.2.0.tgz. Extracting by manifest.
3745 silly tarball no local data for @react-native/debugger-frontend@https://registry.npmjs.org/@react-native/debugger-frontend/-/debugger-frontend-0.83.6.tgz. Extracting by manifest.
3746 silly tarball no local data for @jridgewell/sourcemap-codec@https://registry.npmjs.org/@jridgewell/sourcemap-codec/-/sourcemap-codec-1.5.5.tgz. Extracting by manifest.
3747 silly tarball no local data for js-yaml@https://registry.npmjs.org/js-yaml/-/js-yaml-4.1.1.tgz. Extracting by manifest.
3748 silly tarball no local data for @babel/helper-plugin-utils@https://registry.npmjs.org/@babel/helper-plugin-utils/-/helper-plugin-utils-7.28.6.tgz. Extracting by manifest.
3749 silly tarball no local data for cross-spawn@https://registry.npmjs.org/cross-spawn/-/cross-spawn-7.0.6.tgz. Extracting by manifest.
3750 silly tarball no local data for @isaacs/ttlcache@https://registry.npmjs.org/@isaacs/ttlcache/-/ttlcache-1.4.1.tgz. Extracting by manifest.
3751 silly tarball no local data for xmlbuilder@https://registry.npmjs.org/xmlbuilder/-/xmlbuilder-15.1.1.tgz. Extracting by manifest.
3752 silly tarball no local data for @babel/plugin-transform-modules-commonjs@https://registry.npmjs.org/@babel/plugin-transform-modules-commonjs/-/plugin-transform-modules-commonjs-7.28.6.tgz. Extracting by manifest.
3753 silly tarball no local data for base64-js@https://registry.npmjs.org/base64-js/-/base64-js-1.5.1.tgz. Extracting by manifest.
3754 silly tarball no local data for @babel/helper-string-parser@https://registry.npmjs.org/@babel/helper-string-parser/-/helper-string-parser-7.27.1.tgz. Extracting by manifest.
3755 silly tarball no local data for @babel/helper-globals@https://registry.npmjs.org/@babel/helper-globals/-/helper-globals-7.28.0.tgz. Extracting by manifest.
3756 silly tarball no local data for lru-cache@https://registry.npmjs.org/lru-cache/-/lru-cache-5.1.1.tgz. Extracting by manifest.
3757 silly tarball no local data for @babel/helper-module-imports@https://registry.npmjs.org/@babel/helper-module-imports/-/helper-module-imports-7.28.6.tgz. Extracting by manifest.
3758 silly tarball no local data for @babel/helper-validator-option@https://registry.npmjs.org/@babel/helper-validator-option/-/helper-validator-option-7.27.1.tgz. Extracting by manifest.
3759 silly tarball no local data for jsesc@https://registry.npmjs.org/jsesc/-/jsesc-3.1.0.tgz. Extracting by manifest.
3760 silly tarball no local data for @react-native/normalize-colors@https://registry.npmjs.org/@react-native/normalize-colors/-/normalize-colors-0.83.6.tgz. Extracting by manifest.
3761 silly tarball no local data for @xmldom/xmldom@https://registry.npmjs.org/@xmldom/xmldom/-/xmldom-0.8.13.tgz. Extracting by manifest.
3762 silly tarball no local data for @babel/compat-data@https://registry.npmjs.org/@babel/compat-data/-/compat-data-7.29.3.tgz. Extracting by manifest.
3763 silly tarball no local data for @jridgewell/gen-mapping@https://registry.npmjs.org/@jridgewell/gen-mapping/-/gen-mapping-0.3.13.tgz. Extracting by manifest.
3764 silly tarball no local data for @jridgewell/remapping@https://registry.npmjs.org/@jridgewell/remapping/-/remapping-2.3.5.tgz. Extracting by manifest.
3765 silly tarball no local data for convert-source-map@https://registry.npmjs.org/convert-source-map/-/convert-source-map-2.0.0.tgz. Extracting by manifest.
3766 silly tarball no local data for @babel/types@https://registry.npmjs.org/@babel/types/-/types-7.29.0.tgz. Extracting by manifest.
3767 silly tarball no local data for @babel/parser@https://registry.npmjs.org/@babel/parser/-/parser-7.29.3.tgz. Extracting by manifest.
3768 silly tarball no local data for @babel/template@https://registry.npmjs.org/@babel/template/-/template-7.28.6.tgz. Extracting by manifest.
3769 silly tarball no local data for gensync@https://registry.npmjs.org/gensync/-/gensync-1.0.0-beta.2.tgz. Extracting by manifest.
3770 silly tarball no local data for postcss@https://registry.npmjs.org/postcss/-/postcss-8.5.15.tgz. Extracting by manifest.
3771 silly tarball no local data for @babel/helpers@https://registry.npmjs.org/@babel/helpers/-/helpers-7.29.2.tgz. Extracting by manifest.
3772 silly tarball no local data for jsc-safe-url@https://registry.npmjs.org/jsc-safe-url/-/jsc-safe-url-0.2.4.tgz. Extracting by manifest.
3773 silly tarball no local data for @babel/traverse@https://registry.npmjs.org/@babel/traverse/-/traverse-7.29.0.tgz. Extracting by manifest.
3774 silly tarball no local data for @babel/helper-module-transforms@https://registry.npmjs.org/@babel/helper-module-transforms/-/helper-module-transforms-7.28.6.tgz. Extracting by manifest.
3775 silly tarball no local data for @babel/generator@https://registry.npmjs.org/@babel/generator/-/generator-7.29.1.tgz. Extracting by manifest.
3776 silly tarball no local data for @babel/helper-compilation-targets@https://registry.npmjs.org/@babel/helper-compilation-targets/-/helper-compilation-targets-7.28.6.tgz. Extracting by manifest.
3777 silly tarball no local data for hermes-parser@https://registry.npmjs.org/hermes-parser/-/hermes-parser-0.32.1.tgz. Extracting by manifest.
3778 silly tarball no local data for @jridgewell/trace-mapping@https://registry.npmjs.org/@jridgewell/trace-mapping/-/trace-mapping-0.3.31.tgz. Extracting by manifest.
3779 silly tarball no local data for browserslist@https://registry.npmjs.org/browserslist/-/browserslist-4.28.2.tgz. Extracting by manifest.
3780 silly tarball no local data for @babel/core@https://registry.npmjs.org/@babel/core/-/core-7.29.0.tgz. Extracting by manifest.
3781 silly tarball no local data for metro-transform-plugins@https://registry.npmjs.org/metro-transform-plugins/-/metro-transform-plugins-0.83.7.tgz. Extracting by manifest.
3782 silly tarball no local data for metro-transform-worker@https://registry.npmjs.org/metro-transform-worker/-/metro-transform-worker-0.83.7.tgz. Extracting by manifest.
3783 silly tarball no local data for metro-resolver@https://registry.npmjs.org/metro-resolver/-/metro-resolver-0.83.7.tgz. Extracting by manifest.
3784 silly tarball no local data for metro-source-map@https://registry.npmjs.org/metro-source-map/-/metro-source-map-0.83.7.tgz. Extracting by manifest.
3785 silly tarball no local data for metro-symbolicate@https://registry.npmjs.org/metro-symbolicate/-/metro-symbolicate-0.83.7.tgz. Extracting by manifest.
3786 silly tarball no local data for metro-minify-terser@https://registry.npmjs.org/metro-minify-terser/-/metro-minify-terser-0.83.7.tgz. Extracting by manifest.
3787 silly tarball no local data for metro-file-map@https://registry.npmjs.org/metro-file-map/-/metro-file-map-0.83.7.tgz. Extracting by manifest.
3788 silly tarball no local data for lightningcss@https://registry.npmjs.org/lightningcss/-/lightningcss-1.32.0.tgz. Extracting by manifest.
3789 silly tarball no local data for metro-core@https://registry.npmjs.org/metro-core/-/metro-core-0.83.7.tgz. Extracting by manifest.
3790 silly tarball no local data for metro-runtime@https://registry.npmjs.org/metro-runtime/-/metro-runtime-0.83.7.tgz. Extracting by manifest.
3791 silly tarball no local data for metro-config@https://registry.npmjs.org/metro-config/-/metro-config-0.83.7.tgz. Extracting by manifest.
3792 silly tarball no local data for metro-cache-key@https://registry.npmjs.org/metro-cache-key/-/metro-cache-key-0.83.7.tgz. Extracting by manifest.
3793 silly tarball no local data for metro-cache@https://registry.npmjs.org/metro-cache/-/metro-cache-0.83.7.tgz. Extracting by manifest.
3794 silly tarball no local data for @expo/dom-webview@https://registry.npmjs.org/@expo/dom-webview/-/dom-webview-55.0.6.tgz. Extracting by manifest.
3795 silly tarball no local data for metro-babel-transformer@https://registry.npmjs.org/metro-babel-transformer/-/metro-babel-transformer-0.83.7.tgz. Extracting by manifest.
3796 silly tarball no local data for metro@https://registry.npmjs.org/metro/-/metro-0.83.7.tgz. Extracting by manifest.
3797 silly tarball no local data for @babel/helper-validator-identifier@https://registry.npmjs.org/@babel/helper-validator-identifier/-/helper-validator-identifier-7.28.5.tgz. Extracting by manifest.
3798 silly tarball no local data for anser@https://registry.npmjs.org/anser/-/anser-1.4.10.tgz. Extracting by manifest.
3799 silly tarball no local data for picocolors@https://registry.npmjs.org/picocolors/-/picocolors-1.1.1.tgz. Extracting by manifest.
3800 silly tarball no local data for @babel/code-frame@https://registry.npmjs.org/@babel/code-frame/-/code-frame-7.29.0.tgz. Extracting by manifest.
3801 silly tarball no local data for parse-png@https://registry.npmjs.org/parse-png/-/parse-png-2.1.0.tgz. Extracting by manifest.
3802 silly tarball no local data for js-tokens@https://registry.npmjs.org/js-tokens/-/js-tokens-4.0.0.tgz. Extracting by manifest.
3803 silly tarball no local data for jimp-compact@https://registry.npmjs.org/jimp-compact/-/jimp-compact-0.16.1.tgz. Extracting by manifest.
3804 silly tarball no local data for minimatch@https://registry.npmjs.org/minimatch/-/minimatch-10.2.5.tgz. Extracting by manifest.
3805 silly tarball no local data for ignore@https://registry.npmjs.org/ignore/-/ignore-5.3.2.tgz. Extracting by manifest.
3806 silly tarball no local data for @expo/sudo-prompt@https://registry.npmjs.org/@expo/sudo-prompt/-/sudo-prompt-9.3.2.tgz. Extracting by manifest.
3807 silly tarball no local data for @expo/sdk-runtime-versions@https://registry.npmjs.org/@expo/sdk-runtime-versions/-/sdk-runtime-versions-1.0.0.tgz. Extracting by manifest.
3808 silly tarball no local data for xml2js@https://registry.npmjs.org/xml2js/-/xml2js-0.6.0.tgz. Extracting by manifest.
3809 silly tarball no local data for @expo/config-types@https://registry.npmjs.org/@expo/config-types/-/config-types-55.0.5.tgz. Extracting by manifest.
3810 silly tarball no local data for json5@https://registry.npmjs.org/json5/-/json5-2.2.3.tgz. Extracting by manifest.
3811 silly tarball no local data for xcode@https://registry.npmjs.org/xcode/-/xcode-3.0.1.tgz. Extracting by manifest.
3812 silly tarball no local data for ws@https://registry.npmjs.org/ws/-/ws-8.20.1.tgz. Extracting by manifest.
3813 silly tarball no local data for resolve-workspace-root@https://registry.npmjs.org/resolve-workspace-root/-/resolve-workspace-root-2.0.1.tgz. Extracting by manifest.
3814 silly tarball no local data for toqr@https://registry.npmjs.org/toqr/-/toqr-0.1.1.tgz. Extracting by manifest.
3815 silly tarball no local data for zod@https://registry.npmjs.org/zod/-/zod-3.25.76.tgz. Extracting by manifest.
3816 silly tarball no local data for terminal-link@https://registry.npmjs.org/terminal-link/-/terminal-link-2.1.1.tgz. Extracting by manifest.
3817 silly tarball no local data for structured-headers@https://registry.npmjs.org/structured-headers/-/structured-headers-0.4.1.tgz. Extracting by manifest.
3818 silly tarball no local data for deepmerge@https://registry.npmjs.org/deepmerge/-/deepmerge-4.3.1.tgz. Extracting by manifest.
3819 silly tarball no local data for stacktrace-parser@https://registry.npmjs.org/stacktrace-parser/-/stacktrace-parser-0.1.11.tgz. Extracting by manifest.
3820 silly tarball no local data for source-map-support@https://registry.npmjs.org/source-map-support/-/source-map-support-0.5.21.tgz. Extracting by manifest.
3821 silly tarball no local data for slugify@https://registry.npmjs.org/slugify/-/slugify-1.6.9.tgz. Extracting by manifest.
3822 silly tarball no local data for send@https://registry.npmjs.org/send/-/send-0.19.2.tgz. Extracting by manifest.
3823 silly tarball no local data for semver@https://registry.npmjs.org/semver/-/semver-7.8.0.tgz. Extracting by manifest.
3824 silly tarball no local data for wrap-ansi@https://registry.npmjs.org/wrap-ansi/-/wrap-ansi-7.0.0.tgz. Extracting by manifest.
3825 silly tarball no local data for resolve-from@https://registry.npmjs.org/resolve-from/-/resolve-from-5.0.0.tgz. Extracting by manifest.
3826 silly tarball no local data for progress@https://registry.npmjs.org/progress/-/progress-2.0.3.tgz. Extracting by manifest.
3827 silly tarball no local data for prompts@https://registry.npmjs.org/prompts/-/prompts-2.4.2.tgz. Extracting by manifest.
3828 silly tarball no local data for picomatch@https://registry.npmjs.org/picomatch/-/picomatch-4.0.4.tgz. Extracting by manifest.
3829 silly tarball no local data for ora@https://registry.npmjs.org/ora/-/ora-3.4.0.tgz. Extracting by manifest.
3830 silly tarball no local data for npm-package-arg@https://registry.npmjs.org/npm-package-arg/-/npm-package-arg-11.0.3.tgz. Extracting by manifest.
3831 silly tarball no local data for node-forge@https://registry.npmjs.org/node-forge/-/node-forge-1.4.0.tgz. Extracting by manifest.
3832 silly tarball no local data for multitars@https://registry.npmjs.org/multitars/-/multitars-1.0.0.tgz. Extracting by manifest.
3833 silly tarball no local data for lan-network@https://registry.npmjs.org/lan-network/-/lan-network-0.2.1.tgz. Extracting by manifest.
3834 silly tarball no local data for glob@https://registry.npmjs.org/glob/-/glob-13.0.6.tgz. Extracting by manifest.
3835 silly tarball no local data for getenv@https://registry.npmjs.org/getenv/-/getenv-2.0.0.tgz. Extracting by manifest.
3836 silly tarball no local data for fetch-nodeshim@https://registry.npmjs.org/fetch-nodeshim/-/fetch-nodeshim-0.4.10.tgz. Extracting by manifest.
3837 silly tarball no local data for dnssd-advertise@https://registry.npmjs.org/dnssd-advertise/-/dnssd-advertise-1.1.4.tgz. Extracting by manifest.
3838 silly tarball no local data for debug@https://registry.npmjs.org/debug/-/debug-4.4.3.tgz. Extracting by manifest.
3839 silly tarball no local data for compression@https://registry.npmjs.org/compression/-/compression-1.8.1.tgz. Extracting by manifest.
3840 silly tarball no local data for connect@https://registry.npmjs.org/connect/-/connect-3.7.0.tgz. Extracting by manifest.
3841 silly tarball no local data for ci-info@https://registry.npmjs.org/ci-info/-/ci-info-3.9.0.tgz. Extracting by manifest.
3842 silly tarball no local data for chalk@https://registry.npmjs.org/chalk/-/chalk-4.1.2.tgz. Extracting by manifest.
3843 silly tarball no local data for bplist-creator@https://registry.npmjs.org/bplist-creator/-/bplist-creator-0.1.0.tgz. Extracting by manifest.
3844 silly tarball no local data for better-opn@https://registry.npmjs.org/better-opn/-/better-opn-3.0.2.tgz. Extracting by manifest.
3845 silly tarball no local data for arg@https://registry.npmjs.org/arg/-/arg-5.0.2.tgz. Extracting by manifest.
3846 silly tarball no local data for @react-native/dev-middleware@https://registry.npmjs.org/@react-native/dev-middleware/-/dev-middleware-0.83.6.tgz. Extracting by manifest.
3847 silly tarball no local data for accepts@https://registry.npmjs.org/accepts/-/accepts-1.3.8.tgz. Extracting by manifest.
3848 silly tarball no local data for @expo/ws-tunnel@https://registry.npmjs.org/@expo/ws-tunnel/-/ws-tunnel-1.0.6.tgz. Extracting by manifest.
3849 silly tarball no local data for expo-server@https://registry.npmjs.org/expo-server/-/expo-server-55.0.10.tgz. Extracting by manifest.
3850 silly tarball no local data for @expo/xcpretty@https://registry.npmjs.org/@expo/xcpretty/-/xcpretty-4.4.4.tgz. Extracting by manifest.
3851 silly tarball no local data for bplist-parser@https://registry.npmjs.org/bplist-parser/-/bplist-parser-0.3.2.tgz. Extracting by manifest.
3852 silly tarball no local data for @expo/spawn-async@https://registry.npmjs.org/@expo/spawn-async/-/spawn-async-1.8.0.tgz. Extracting by manifest.
3853 silly tarball no local data for @expo/schema-utils@https://registry.npmjs.org/@expo/schema-utils/-/schema-utils-55.0.4.tgz. Extracting by manifest.
3854 silly tarball no local data for @expo/router-server@https://registry.npmjs.org/@expo/router-server/-/router-server-55.0.17.tgz. Extracting by manifest.
3855 silly tarball no local data for @expo/plist@https://registry.npmjs.org/@expo/plist/-/plist-0.5.3.tgz. Extracting by manifest.
3856 silly tarball no local data for @expo/package-manager@https://registry.npmjs.org/@expo/package-manager/-/package-manager-1.10.5.tgz. Extracting by manifest.
3857 silly tarball no local data for @expo/require-utils@https://registry.npmjs.org/@expo/require-utils/-/require-utils-55.0.5.tgz. Extracting by manifest.
3858 silly tarball no local data for @expo/osascript@https://registry.npmjs.org/@expo/osascript/-/osascript-2.4.3.tgz. Extracting by manifest.
3859 silly tarball no local data for @expo/prebuild-config@https://registry.npmjs.org/@expo/prebuild-config/-/prebuild-config-55.0.18.tgz. Extracting by manifest.
3860 silly tarball no local data for @expo/image-utils@https://registry.npmjs.org/@expo/image-utils/-/image-utils-0.8.14.tgz. Extracting by manifest.
3861 silly tarball no local data for @expo/json-file@https://registry.npmjs.org/@expo/json-file/-/json-file-10.0.14.tgz. Extracting by manifest.
3862 silly tarball no local data for @expo/env@https://registry.npmjs.org/@expo/env/-/env-2.1.2.tgz. Extracting by manifest.
3863 silly tarball no local data for @expo/code-signing-certificates@https://registry.npmjs.org/@expo/code-signing-certificates/-/code-signing-certificates-0.0.6.tgz. Extracting by manifest.
3864 silly tarball no local data for @expo/devcert@https://registry.npmjs.org/@expo/devcert/-/devcert-1.2.1.tgz. Extracting by manifest.
3865 silly tarball no local data for whatwg-url-minimum@https://registry.npmjs.org/whatwg-url-minimum/-/whatwg-url-minimum-0.1.2.tgz. Extracting by manifest.
3866 silly tarball no local data for pretty-format@https://registry.npmjs.org/pretty-format/-/pretty-format-29.7.0.tgz. Extracting by manifest.
3867 silly tarball no local data for expo-modules-core@https://registry.npmjs.org/expo-modules-core/-/expo-modules-core-55.0.25.tgz. Extracting by manifest.
3868 silly tarball no local data for expo-keep-awake@https://registry.npmjs.org/expo-keep-awake/-/expo-keep-awake-55.0.8.tgz. Extracting by manifest.
3869 silly tarball no local data for expo-modules-autolinking@https://registry.npmjs.org/expo-modules-autolinking/-/expo-modules-autolinking-55.0.23.tgz. Extracting by manifest.
3870 silly tarball no local data for expo-file-system@https://registry.npmjs.org/expo-file-system/-/expo-file-system-55.0.21.tgz. Extracting by manifest.
3871 silly tarball no local data for expo-constants@https://registry.npmjs.org/expo-constants/-/expo-constants-55.0.16.tgz. Extracting by manifest.
3872 silly tarball no local data for expo-asset@https://registry.npmjs.org/expo-asset/-/expo-asset-55.0.17.tgz. Extracting by manifest.
3873 silly tarball no local data for react-refresh@https://registry.npmjs.org/react-refresh/-/react-refresh-0.14.2.tgz. Extracting by manifest.
3874 silly tarball no local data for babel-preset-expo@https://registry.npmjs.org/babel-preset-expo/-/babel-preset-expo-55.0.22.tgz. Extracting by manifest.
3875 silly tarball no local data for @expo/vector-icons@https://registry.npmjs.org/@expo/vector-icons/-/vector-icons-15.1.1.tgz. Extracting by manifest.
3876 silly tarball no local data for @expo/metro-config@https://registry.npmjs.org/@expo/metro-config/-/metro-config-55.0.22.tgz. Extracting by manifest.
3877 silly tarball no local data for @ungap/structured-clone@https://registry.npmjs.org/@ungap/structured-clone/-/structured-clone-1.3.1.tgz. Extracting by manifest.
3878 silly tarball no local data for expo-font@https://registry.npmjs.org/expo-font/-/expo-font-55.0.8.tgz. Extracting by manifest.
3879 silly tarball no local data for @expo/metro@https://registry.npmjs.org/@expo/metro/-/metro-55.1.1.tgz. Extracting by manifest.
3880 silly tarball no local data for @expo/log-box@https://registry.npmjs.org/@expo/log-box/-/log-box-55.0.12.tgz. Extracting by manifest.
3881 silly tarball no local data for @expo/local-build-cache-provider@https://registry.npmjs.org/@expo/local-build-cache-provider/-/local-build-cache-provider-55.0.13.tgz. Extracting by manifest.
3882 silly tarball no local data for @expo/fingerprint@https://registry.npmjs.org/@expo/fingerprint/-/fingerprint-0.16.7.tgz. Extracting by manifest.
3883 silly tarball no local data for @expo/devtools@https://registry.npmjs.org/@expo/devtools/-/devtools-55.0.3.tgz. Extracting by manifest.
3884 silly tarball no local data for @expo/cli@https://registry.npmjs.org/@expo/cli/-/cli-55.0.31.tgz. Extracting by manifest.
3885 silly tarball no local data for @expo/config-plugins@https://registry.npmjs.org/@expo/config-plugins/-/config-plugins-55.0.9.tgz. Extracting by manifest.
3886 silly tarball no local data for @babel/runtime@https://registry.npmjs.org/@babel/runtime/-/runtime-7.29.2.tgz. Extracting by manifest.
3887 silly tarball no local data for @expo/config@https://registry.npmjs.org/@expo/config/-/config-55.0.17.tgz. Extracting by manifest.
3888 silly tarball no local data for strip-ansi@https://registry.npmjs.org/strip-ansi/-/strip-ansi-6.0.1.tgz. Extracting by manifest.
3889 silly tarball no local data for react-native@https://registry.npmjs.org/react-native/-/react-native-0.85.3.tgz. Extracting by manifest.
3890 silly tarball no local data for @xmldom/xmldom@https://registry.npmjs.org/@xmldom/xmldom/-/xmldom-0.9.10.tgz. Extracting by manifest.
3891 silly tarball no local data for bplist-parser@https://registry.npmjs.org/bplist-parser/-/bplist-parser-0.3.1.tgz. Extracting by manifest.
3892 silly tarball no local data for react@https://registry.npmjs.org/react/-/react-19.2.6.tgz. Extracting by manifest.
3893 silly tarball no local data for expo@https://registry.npmjs.org/expo/-/expo-55.0.25.tgz. Extracting by manifest.
3894 silly tarball no local data for type-fest@https://registry.npmjs.org/type-fest/-/type-fest-0.21.3.tgz. Extracting by manifest.
3895 silly tarball no local data for statuses@https://registry.npmjs.org/statuses/-/statuses-2.0.2.tgz. Extracting by manifest.
3896 silly tarball no local data for ws@https://registry.npmjs.org/ws/-/ws-7.5.10.tgz. Extracting by manifest.
3897 silly tarball no local data for metro-minify-terser@https://registry.npmjs.org/metro-minify-terser/-/metro-minify-terser-0.84.4.tgz. Extracting by manifest.
3898 silly tarball no local data for ob1@https://registry.npmjs.org/ob1/-/ob1-0.84.4.tgz. Extracting by manifest.
3899 silly tarball no local data for hermes-estree@https://registry.npmjs.org/hermes-estree/-/hermes-estree-0.35.0.tgz. Extracting by manifest.
3900 silly tarball no local data for mime-types@https://registry.npmjs.org/mime-types/-/mime-types-3.0.2.tgz. Extracting by manifest.
3901 silly tarball no local data for negotiator@https://registry.npmjs.org/negotiator/-/negotiator-1.0.0.tgz. Extracting by manifest.
3902 silly tarball no local data for metro-transform-plugins@https://registry.npmjs.org/metro-transform-plugins/-/metro-transform-plugins-0.84.4.tgz. Extracting by manifest.
3903 silly tarball no local data for strip-ansi@https://registry.npmjs.org/strip-ansi/-/strip-ansi-6.0.1.tgz. Extracting by manifest.
3904 silly tarball no local data for metro-transform-worker@https://registry.npmjs.org/metro-transform-worker/-/metro-transform-worker-0.84.4.tgz. Extracting by manifest.
3905 silly tarball no local data for metro-symbolicate@https://registry.npmjs.org/metro-symbolicate/-/metro-symbolicate-0.84.4.tgz. Extracting by manifest.
3906 silly tarball no local data for metro-runtime@https://registry.npmjs.org/metro-runtime/-/metro-runtime-0.84.4.tgz. Extracting by manifest.
3907 silly tarball no local data for metro-source-map@https://registry.npmjs.org/metro-source-map/-/metro-source-map-0.84.4.tgz. Extracting by manifest.
3908 silly tarball no local data for metro-resolver@https://registry.npmjs.org/metro-resolver/-/metro-resolver-0.84.4.tgz. Extracting by manifest.
3909 silly tarball no local data for metro-file-map@https://registry.npmjs.org/metro-file-map/-/metro-file-map-0.84.4.tgz. Extracting by manifest.
3910 silly tarball no local data for metro-cache-key@https://registry.npmjs.org/metro-cache-key/-/metro-cache-key-0.84.4.tgz. Extracting by manifest.
3911 silly tarball no local data for metro-cache@https://registry.npmjs.org/metro-cache/-/metro-cache-0.84.4.tgz. Extracting by manifest.
3912 silly tarball no local data for accepts@https://registry.npmjs.org/accepts/-/accepts-2.0.0.tgz. Extracting by manifest.
3913 silly tarball no local data for metro-babel-transformer@https://registry.npmjs.org/metro-babel-transformer/-/metro-babel-transformer-0.84.4.tgz. Extracting by manifest.
3914 silly tarball no local data for hermes-parser@https://registry.npmjs.org/hermes-parser/-/hermes-parser-0.35.0.tgz. Extracting by manifest.
3915 silly tarball no local data for @react-native/debugger-shell@https://registry.npmjs.org/@react-native/debugger-shell/-/debugger-shell-0.85.3.tgz. Extracting by manifest.
3916 silly tarball no local data for ws@https://registry.npmjs.org/ws/-/ws-7.5.10.tgz. Extracting by manifest.
3917 silly tarball no local data for @react-native/debugger-frontend@https://registry.npmjs.org/@react-native/debugger-frontend/-/debugger-frontend-0.85.3.tgz. Extracting by manifest.
3918 silly tarball no local data for chromium-edge-launcher@https://registry.npmjs.org/chromium-edge-launcher/-/chromium-edge-launcher-0.3.0.tgz. Extracting by manifest.
3919 silly tarball no local data for ci-info@https://registry.npmjs.org/ci-info/-/ci-info-2.0.0.tgz. Extracting by manifest.
3920 silly tarball no local data for @react-native/dev-middleware@https://registry.npmjs.org/@react-native/dev-middleware/-/dev-middleware-0.85.3.tgz. Extracting by manifest.
3921 silly tarball no local data for ansi-regex@https://registry.npmjs.org/ansi-regex/-/ansi-regex-4.1.1.tgz. Extracting by manifest.
3922 silly tarball no local data for metro-config@https://registry.npmjs.org/metro-config/-/metro-config-0.84.4.tgz. Extracting by manifest.
3923 silly tarball no local data for metro-core@https://registry.npmjs.org/metro-core/-/metro-core-0.84.4.tgz. Extracting by manifest.
3924 silly tarball no local data for metro@https://registry.npmjs.org/metro/-/metro-0.84.4.tgz. Extracting by manifest.
3925 silly tarball no local data for has-flag@https://registry.npmjs.org/has-flag/-/has-flag-3.0.0.tgz. Extracting by manifest.
3926 silly tarball no local data for color-name@https://registry.npmjs.org/color-name/-/color-name-1.1.3.tgz. Extracting by manifest.
3927 silly tarball no local data for color-convert@https://registry.npmjs.org/color-convert/-/color-convert-1.9.3.tgz. Extracting by manifest.
3928 silly tarball no local data for supports-color@https://registry.npmjs.org/supports-color/-/supports-color-5.5.0.tgz. Extracting by manifest.
3929 silly tarball no local data for ansi-styles@https://registry.npmjs.org/ansi-styles/-/ansi-styles-3.2.1.tgz. Extracting by manifest.
3930 silly tarball no local data for escape-string-regexp@https://registry.npmjs.org/escape-string-regexp/-/escape-string-regexp-1.0.5.tgz. Extracting by manifest.
3931 silly tarball no local data for lru-cache@https://registry.npmjs.org/lru-cache/-/lru-cache-10.4.3.tgz. Extracting by manifest.
3932 silly tarball no local data for commander@https://registry.npmjs.org/commander/-/commander-2.20.3.tgz. Extracting by manifest.
3933 silly tarball no local data for chalk@https://registry.npmjs.org/chalk/-/chalk-2.4.2.tgz. Extracting by manifest.
3934 silly tarball no local data for picomatch@https://registry.npmjs.org/picomatch/-/picomatch-2.3.2.tgz. Extracting by manifest.
3935 silly tarball no local data for supports-color@https://registry.npmjs.org/supports-color/-/supports-color-8.1.1.tgz. Extracting by manifest.
3936 silly tarball no local data for picomatch@https://registry.npmjs.org/picomatch/-/picomatch-2.3.2.tgz. Extracting by manifest.
3937 silly tarball no local data for lru-cache@https://registry.npmjs.org/lru-cache/-/lru-cache-11.5.0.tgz. Extracting by manifest.
3938 silly tarball no local data for balanced-match@https://registry.npmjs.org/balanced-match/-/balanced-match-1.0.2.tgz. Extracting by manifest.
3939 silly tarball no local data for ms@https://registry.npmjs.org/ms/-/ms-2.0.0.tgz. Extracting by manifest.
3940 silly tarball no local data for debug@https://registry.npmjs.org/debug/-/debug-2.6.9.tgz. Extracting by manifest.
3941 silly tarball no local data for ms@https://registry.npmjs.org/ms/-/ms-2.0.0.tgz. Extracting by manifest.
3942 silly tarball no local data for brace-expansion@https://registry.npmjs.org/brace-expansion/-/brace-expansion-1.1.14.tgz. Extracting by manifest.
3943 silly tarball no local data for minimatch@https://registry.npmjs.org/minimatch/-/minimatch-3.1.5.tgz. Extracting by manifest.
3944 silly tarball no local data for debug@https://registry.npmjs.org/debug/-/debug-2.6.9.tgz. Extracting by manifest.
3945 silly tarball no local data for glob@https://registry.npmjs.org/glob/-/glob-7.2.3.tgz. Extracting by manifest.
3946 silly tarball no local data for brace-expansion@https://registry.npmjs.org/brace-expansion/-/brace-expansion-1.1.14.tgz. Extracting by manifest.
3947 silly tarball no local data for balanced-match@https://registry.npmjs.org/balanced-match/-/balanced-match-1.0.2.tgz. Extracting by manifest.
3948 silly tarball no local data for hermes-estree@https://registry.npmjs.org/hermes-estree/-/hermes-estree-0.32.0.tgz. Extracting by manifest.
3949 silly tarball no local data for semver@https://registry.npmjs.org/semver/-/semver-6.3.1.tgz. Extracting by manifest.
3950 silly tarball no local data for semver@https://registry.npmjs.org/semver/-/semver-6.3.1.tgz. Extracting by manifest.
3951 silly tarball no local data for hermes-estree@https://registry.npmjs.org/hermes-estree/-/hermes-estree-0.32.0.tgz. Extracting by manifest.
3952 silly tarball no local data for hermes-parser@https://registry.npmjs.org/hermes-parser/-/hermes-parser-0.32.0.tgz. Extracting by manifest.
3953 silly tarball no local data for minimatch@https://registry.npmjs.org/minimatch/-/minimatch-3.1.5.tgz. Extracting by manifest.
3954 silly tarball no local data for glob@https://registry.npmjs.org/glob/-/glob-7.2.3.tgz. Extracting by manifest.
3955 silly tarball no local data for hermes-parser@https://registry.npmjs.org/hermes-parser/-/hermes-parser-0.32.0.tgz. Extracting by manifest.
3956 silly tarball no local data for semver@https://registry.npmjs.org/semver/-/semver-6.3.1.tgz. Extracting by manifest.
3957 silly tarball no local data for mime-db@https://registry.npmjs.org/mime-db/-/mime-db-1.52.0.tgz. Extracting by manifest.
3958 silly tarball no local data for babel-plugin-syntax-hermes-parser@https://registry.npmjs.org/babel-plugin-syntax-hermes-parser/-/babel-plugin-syntax-hermes-parser-0.32.0.tgz. Extracting by manifest.
3959 silly tarball no local data for encodeurl@https://registry.npmjs.org/encodeurl/-/encodeurl-2.0.0.tgz. Extracting by manifest.
3960 silly tarball no local data for semver@https://registry.npmjs.org/semver/-/semver-6.3.1.tgz. Extracting by manifest.
3961 silly tarball no local data for semver@https://registry.npmjs.org/semver/-/semver-6.3.1.tgz. Extracting by manifest.
3962 silly tarball no local data for semver@https://registry.npmjs.org/semver/-/semver-6.3.1.tgz. Extracting by manifest.
3963 silly tarball no local data for hermes-estree@https://registry.npmjs.org/hermes-estree/-/hermes-estree-0.35.0.tgz. Extracting by manifest.
3964 silly tarball no local data for mime-types@https://registry.npmjs.org/mime-types/-/mime-types-3.0.2.tgz. Extracting by manifest.
3965 silly tarball no local data for hermes-estree@https://registry.npmjs.org/hermes-estree/-/hermes-estree-0.35.0.tgz. Extracting by manifest.
3966 silly tarball no local data for negotiator@https://registry.npmjs.org/negotiator/-/negotiator-1.0.0.tgz. Extracting by manifest.
3967 silly tarball no local data for hermes-parser@https://registry.npmjs.org/hermes-parser/-/hermes-parser-0.35.0.tgz. Extracting by manifest.
3968 silly tarball no local data for ws@https://registry.npmjs.org/ws/-/ws-7.5.10.tgz. Extracting by manifest.
3969 silly tarball no local data for xmlbuilder@https://registry.npmjs.org/xmlbuilder/-/xmlbuilder-11.0.1.tgz. Extracting by manifest.
3970 silly tarball no local data for hermes-parser@https://registry.npmjs.org/hermes-parser/-/hermes-parser-0.35.0.tgz. Extracting by manifest.
3971 silly tarball no local data for strip-ansi@https://registry.npmjs.org/strip-ansi/-/strip-ansi-6.0.1.tgz. Extracting by manifest.
3972 silly tarball no local data for accepts@https://registry.npmjs.org/accepts/-/accepts-2.0.0.tgz. Extracting by manifest.
3973 silly tarball no local data for ci-info@https://registry.npmjs.org/ci-info/-/ci-info-2.0.0.tgz. Extracting by manifest.
3974 silly tarball no local data for statuses@https://registry.npmjs.org/statuses/-/statuses-2.0.2.tgz. Extracting by manifest.
3975 silly tarball no local data for source-map@https://registry.npmjs.org/source-map/-/source-map-0.6.1.tgz. Extracting by manifest.
3976 silly tarball no local data for has-flag@https://registry.npmjs.org/has-flag/-/has-flag-3.0.0.tgz. Extracting by manifest.
3977 silly tarball no local data for color-name@https://registry.npmjs.org/color-name/-/color-name-1.1.3.tgz. Extracting by manifest.
3978 silly tarball no local data for color-convert@https://registry.npmjs.org/color-convert/-/color-convert-1.9.3.tgz. Extracting by manifest.
3979 silly tarball no local data for encodeurl@https://registry.npmjs.org/encodeurl/-/encodeurl-2.0.0.tgz. Extracting by manifest.
3980 silly tarball no local data for on-finished@https://registry.npmjs.org/on-finished/-/on-finished-2.4.1.tgz. Extracting by manifest.
3981 silly tarball no local data for ms@https://registry.npmjs.org/ms/-/ms-2.0.0.tgz. Extracting by manifest.
3982 silly tarball no local data for supports-color@https://registry.npmjs.org/supports-color/-/supports-color-5.5.0.tgz. Extracting by manifest.
3983 silly tarball no local data for ms@https://registry.npmjs.org/ms/-/ms-2.0.0.tgz. Extracting by manifest.
3984 silly tarball no local data for debug@https://registry.npmjs.org/debug/-/debug-2.6.9.tgz. Extracting by manifest.
3985 silly tarball no local data for ms@https://registry.npmjs.org/ms/-/ms-2.0.0.tgz. Extracting by manifest.
3986 silly tarball no local data for negotiator@https://registry.npmjs.org/negotiator/-/negotiator-0.6.4.tgz. Extracting by manifest.
3987 silly tarball no local data for debug@https://registry.npmjs.org/debug/-/debug-2.6.9.tgz. Extracting by manifest.
3988 silly tarball no local data for debug@https://registry.npmjs.org/debug/-/debug-2.6.9.tgz. Extracting by manifest.
3989 silly tarball no local data for open@https://registry.npmjs.org/open/-/open-8.4.2.tgz. Extracting by manifest.
3990 silly tarball no local data for chalk@https://registry.npmjs.org/chalk/-/chalk-2.4.2.tgz. Extracting by manifest.
3991 silly tarball no local data for ws@https://registry.npmjs.org/ws/-/ws-7.5.10.tgz. Extracting by manifest.
3992 silly tarball no local data for ansi-styles@https://registry.npmjs.org/ansi-styles/-/ansi-styles-3.2.1.tgz. Extracting by manifest.
3993 silly tarball no local data for escape-string-regexp@https://registry.npmjs.org/escape-string-regexp/-/escape-string-regexp-1.0.5.tgz. Extracting by manifest.
3994 silly tarball no local data for debug@https://registry.npmjs.org/debug/-/debug-3.2.7.tgz. Extracting by manifest.
3995 silly tarball no local data for ansi-styles@https://registry.npmjs.org/ansi-styles/-/ansi-styles-5.2.0.tgz. Extracting by manifest.
3996 silly tarball no local data for hermes-estree@https://registry.npmjs.org/hermes-estree/-/hermes-estree-0.33.3.tgz. Extracting by manifest.
3997 silly tarball no local data for metro-symbolicate@https://registry.npmjs.org/metro-symbolicate/-/metro-symbolicate-0.84.4.tgz. Extracting by manifest.
3998 silly tarball no local data for ob1@https://registry.npmjs.org/ob1/-/ob1-0.84.4.tgz. Extracting by manifest.
3999 silly tarball no local data for ws@https://registry.npmjs.org/ws/-/ws-7.5.10.tgz. Extracting by manifest.
4000 silly tarball no local data for hermes-parser@https://registry.npmjs.org/hermes-parser/-/hermes-parser-0.33.3.tgz. Extracting by manifest.
4001 silly tarball no local data for metro-runtime@https://registry.npmjs.org/metro-runtime/-/metro-runtime-0.84.4.tgz. Extracting by manifest.
4002 silly tarball no local data for metro-source-map@https://registry.npmjs.org/metro-source-map/-/metro-source-map-0.84.4.tgz. Extracting by manifest.
4003 silly tarball no local data for commander@https://registry.npmjs.org/commander/-/commander-12.1.0.tgz. Extracting by manifest.
4004 silly tarball no local data for babel-plugin-syntax-hermes-parser@https://registry.npmjs.org/babel-plugin-syntax-hermes-parser/-/babel-plugin-syntax-hermes-parser-0.33.3.tgz. Extracting by manifest.
4005 silly tarball no local data for @react-native/normalize-colors@https://registry.npmjs.org/@react-native/normalize-colors/-/normalize-colors-0.85.3.tgz. Extracting by manifest.
4006 silly tarball no local data for @react-native/codegen@https://registry.npmjs.org/@react-native/codegen/-/codegen-0.85.3.tgz. Extracting by manifest.
4007 http fetch POST 200 https://registry.npmjs.org/-/npm/v1/security/advisories/bulk 824ms
4008 silly audit report {}
4009 http fetch GET 200 https://registry.npmjs.org/cliui/-/cliui-8.0.1.tgz 635ms (cache miss)
4010 http fetch GET 200 https://registry.npmjs.org/concat-map/-/concat-map-0.0.1.tgz 644ms (cache miss)
4011 http fetch GET 200 https://registry.npmjs.org/path-is-absolute/-/path-is-absolute-1.0.1.tgz 642ms (cache miss)
4012 http fetch GET 200 https://registry.npmjs.org/wrappy/-/wrappy-1.0.2.tgz 644ms (cache miss)
4013 http fetch GET 200 https://registry.npmjs.org/define-lazy-prop/-/define-lazy-prop-2.0.0.tgz 646ms (cache miss)
4014 http fetch GET 200 https://registry.npmjs.org/once/-/once-1.4.0.tgz 642ms (cache miss)
4015 http fetch GET 200 https://registry.npmjs.org/get-caller-file/-/get-caller-file-2.0.5.tgz 641ms (cache miss)
4016 http fetch GET 200 https://registry.npmjs.org/require-directory/-/require-directory-2.1.1.tgz 642ms (cache miss)
4017 http fetch GET 200 https://registry.npmjs.org/y18n/-/y18n-5.0.8.tgz 648ms (cache miss)
4018 http fetch GET 200 https://registry.npmjs.org/inflight/-/inflight-1.0.6.tgz 650ms (cache miss)
4019 warn deprecated inflight@1.0.6: This module is not supported, and leaks memory. Do not use it. Check out lru-cache if you want a good and tested way to coalesce async requests by a key value, which is much more comprehensive and powerful.
4020 http fetch GET 200 https://registry.npmjs.org/is-fullwidth-code-point/-/is-fullwidth-code-point-3.0.0.tgz 656ms (cache miss)
4021 http fetch GET 200 https://registry.npmjs.org/fs.realpath/-/fs.realpath-1.0.0.tgz 664ms (cache miss)
4022 http fetch GET 200 https://registry.npmjs.org/sax/-/sax-1.6.0.tgz 674ms (cache miss)
4023 http fetch GET 200 https://registry.npmjs.org/string-width/-/string-width-4.2.3.tgz 680ms (cache miss)
4024 http fetch GET 200 https://registry.npmjs.org/simple-plist/-/simple-plist-1.3.1.tgz 682ms (cache miss)
4025 http fetch GET 200 https://registry.npmjs.org/isexe/-/isexe-2.0.0.tgz 686ms (cache miss)
4026 http fetch GET 200 https://registry.npmjs.org/clone/-/clone-1.0.4.tgz 687ms (cache miss)
4027 http fetch GET 200 https://registry.npmjs.org/tmpl/-/tmpl-1.0.5.tgz 688ms (cache miss)
4028 http fetch GET 200 https://registry.npmjs.org/defaults/-/defaults-1.0.4.tgz 691ms (cache miss)
4029 http fetch GET 200 https://registry.npmjs.org/makeerror/-/makeerror-1.0.12.tgz 699ms (cache miss)
4030 http fetch GET 200 https://registry.npmjs.org/fdir/-/fdir-6.5.0.tgz 695ms (cache miss)
4031 http fetch GET 200 https://registry.npmjs.org/unicode-property-aliases-ecmascript/-/unicode-property-aliases-ecmascript-2.2.0.tgz 698ms (cache miss)
4032 http fetch GET 200 https://registry.npmjs.org/escalade/-/escalade-3.2.0.tgz 719ms (cache miss)
4033 http fetch GET 200 https://registry.npmjs.org/is-number/-/is-number-7.0.0.tgz 726ms (cache miss)
4034 http fetch GET 200 https://registry.npmjs.org/supports-hyperlinks/-/supports-hyperlinks-2.3.0.tgz 723ms (cache miss)
4035 http fetch GET 200 https://registry.npmjs.org/has-flag/-/has-flag-4.0.0.tgz 732ms (cache miss)
4036 http fetch GET 200 https://registry.npmjs.org/unicode-canonical-property-names-ecmascript/-/unicode-canonical-property-names-ecmascript-2.0.1.tgz 747ms (cache miss)
4037 http fetch GET 200 https://registry.npmjs.org/type-fest/-/type-fest-0.7.1.tgz 747ms (cache miss)
4038 http fetch GET 200 https://registry.npmjs.org/ansi-escapes/-/ansi-escapes-4.3.2.tgz 754ms (cache miss)
4039 http fetch GET 200 https://registry.npmjs.org/buffer-from/-/buffer-from-1.1.2.tgz 751ms (cache miss)
4040 http fetch GET 200 https://registry.npmjs.org/setprototypeof/-/setprototypeof-1.2.0.tgz 752ms (cache miss)
4041 http fetch GET 200 https://registry.npmjs.org/shebang-regex/-/shebang-regex-3.0.0.tgz 755ms (cache miss)
4042 http fetch GET 200 https://registry.npmjs.org/range-parser/-/range-parser-1.2.1.tgz 753ms (cache miss)
4043 http fetch GET 200 https://registry.npmjs.org/toidentifier/-/toidentifier-1.0.1.tgz 774ms (cache miss)
4044 http fetch GET 200 https://registry.npmjs.org/@jridgewell/source-map/-/source-map-0.3.11.tgz 792ms (cache miss)
4045 http fetch GET 200 https://registry.npmjs.org/emoji-regex/-/emoji-regex-8.0.0.tgz 809ms (cache miss)
4046 http fetch GET 200 https://registry.npmjs.org/etag/-/etag-1.8.1.tgz 789ms (cache miss)
4047 http fetch GET 200 https://registry.npmjs.org/fresh/-/fresh-0.5.2.tgz 791ms (cache miss)
4048 http fetch GET 200 https://registry.npmjs.org/mime/-/mime-1.6.0.tgz 792ms (cache miss)
4049 http fetch GET 200 https://registry.npmjs.org/mimic-fn/-/mimic-fn-1.2.0.tgz 802ms (cache miss)
4050 http fetch GET 200 https://registry.npmjs.org/onetime/-/onetime-2.0.1.tgz 801ms (cache miss)
4051 http fetch GET 200 https://registry.npmjs.org/hasown/-/hasown-2.0.3.tgz 801ms (cache miss)
4052 http fetch GET 200 https://registry.npmjs.org/path-parse/-/path-parse-1.0.7.tgz 802ms (cache miss)
4053 http fetch GET 200 https://registry.npmjs.org/http-errors/-/http-errors-2.0.1.tgz 808ms (cache miss)
4054 http fetch GET 200 https://registry.npmjs.org/signal-exit/-/signal-exit-3.0.7.tgz 809ms (cache miss)
4055 http fetch GET 200 https://registry.npmjs.org/destroy/-/destroy-1.2.0.tgz 813ms (cache miss)
4056 http fetch GET 200 https://registry.npmjs.org/supports-preserve-symlinks-flag/-/supports-preserve-symlinks-flag-1.0.0.tgz 812ms (cache miss)
4057 http fetch GET 200 https://registry.npmjs.org/is-core-module/-/is-core-module-2.16.2.tgz 812ms (cache miss)
4058 http fetch GET 200 https://registry.npmjs.org/unicode-match-property-value-ecmascript/-/unicode-match-property-value-ecmascript-2.2.1.tgz 813ms (cache miss)
4059 http fetch GET 200 https://registry.npmjs.org/unicode-match-property-ecmascript/-/unicode-match-property-ecmascript-2.0.0.tgz 816ms (cache miss)
4060 http fetch GET 200 https://registry.npmjs.org/regjsgen/-/regjsgen-0.8.0.tgz 821ms (cache miss)
4061 http fetch GET 200 https://registry.npmjs.org/regenerate/-/regenerate-1.4.2.tgz 821ms (cache miss)
4062 http fetch GET 200 https://registry.npmjs.org/whatwg-fetch/-/whatwg-fetch-3.6.20.tgz 821ms (cache miss)
4063 http fetch GET 200 https://registry.npmjs.org/shell-quote/-/shell-quote-1.8.3.tgz 821ms (cache miss)
4064 http fetch GET 200 https://registry.npmjs.org/scheduler/-/scheduler-0.27.0.tgz 822ms (cache miss)
4065 http fetch GET 200 https://registry.npmjs.org/asap/-/asap-2.0.6.tgz 823ms (cache miss)
4066 http fetch GET 200 https://registry.npmjs.org/depd/-/depd-2.0.0.tgz 836ms (cache miss)
4067 http fetch GET 200 https://registry.npmjs.org/regenerator-runtime/-/regenerator-runtime-0.13.11.tgz 842ms (cache miss)
4068 http fetch GET 200 https://registry.npmjs.org/regjsparser/-/regjsparser-0.13.1.tgz 864ms (cache miss)
4069 http fetch GET 200 https://registry.npmjs.org/ansi-regex/-/ansi-regex-5.0.1.tgz 882ms (cache miss)
4070 http fetch GET 200 https://registry.npmjs.org/function-bind/-/function-bind-1.1.2.tgz 885ms (cache miss)
4071 http fetch GET 200 https://registry.npmjs.org/yargs-parser/-/yargs-parser-21.1.1.tgz 930ms (cache miss)
4072 http fetch GET 200 https://registry.npmjs.org/tinyglobby/-/tinyglobby-0.2.16.tgz 891ms (cache miss)
4073 http fetch GET 200 https://registry.npmjs.org/promise/-/promise-8.3.0.tgz 897ms (cache miss)
4074 http fetch GET 200 https://registry.npmjs.org/inherits/-/inherits-2.0.4.tgz 894ms (cache miss)
4075 http fetch GET 200 https://registry.npmjs.org/sisteransi/-/sisteransi-1.0.5.tgz 896ms (cache miss)
4076 http fetch GET 200 https://registry.npmjs.org/react-is/-/react-is-18.3.1.tgz 898ms (cache miss)
4077 http fetch GET 200 https://registry.npmjs.org/@react-native/js-polyfills/-/js-polyfills-0.85.3.tgz 905ms (cache miss)
4078 http fetch GET 200 https://registry.npmjs.org/memoize-one/-/memoize-one-5.2.1.tgz 905ms (cache miss)
4079 http fetch GET 200 https://registry.npmjs.org/event-target-shim/-/event-target-shim-5.0.1.tgz 926ms (cache miss)
4080 http fetch GET 200 https://registry.npmjs.org/acorn/-/acorn-8.16.0.tgz 955ms (cache miss)
4081 http fetch GET 200 https://registry.npmjs.org/es-errors/-/es-errors-1.3.0.tgz 943ms (cache miss)
4082 http fetch GET 200 https://registry.npmjs.org/abort-controller/-/abort-controller-3.0.0.tgz 941ms (cache miss)
4083 http fetch GET 200 https://registry.npmjs.org/kleur/-/kleur-3.0.3.tgz 951ms (cache miss)
4084 http fetch GET 200 https://registry.npmjs.org/plist/-/plist-3.1.1.tgz 1005ms (cache miss)
4085 http fetch GET 200 https://registry.npmjs.org/restore-cursor/-/restore-cursor-2.0.0.tgz 971ms (cache miss)
4086 http fetch GET 200 https://registry.npmjs.org/log-symbols/-/log-symbols-2.2.0.tgz 1000ms (cache miss)
4087 http fetch GET 200 https://registry.npmjs.org/cli-spinners/-/cli-spinners-2.9.2.tgz 1001ms (cache miss)
4088 http fetch GET 200 https://registry.npmjs.org/nanoid/-/nanoid-3.3.12.tgz 1003ms (cache miss)
4089 http fetch GET 200 https://registry.npmjs.org/strip-ansi/-/strip-ansi-5.2.0.tgz 1002ms (cache miss)
4090 http fetch GET 200 https://registry.npmjs.org/cli-cursor/-/cli-cursor-2.1.0.tgz 1001ms (cache miss)
4091 http fetch GET 200 https://registry.npmjs.org/ee-first/-/ee-first-1.1.1.tgz 1003ms (cache miss)
4092 http fetch GET 200 https://registry.npmjs.org/uuid/-/uuid-7.0.3.tgz 1081ms (cache miss)
4093 warn deprecated uuid@7.0.3: uuid@10 and below is no longer supported.  For ESM codebases, update to uuid@latest.  For CommonJS codebases, use uuid@11 (but be aware this version will likely be deprecated in 2028).
4094 http fetch GET 200 https://registry.npmjs.org/source-map-js/-/source-map-js-1.2.1.tgz 1045ms (cache miss)
4095 http fetch GET 200 https://registry.npmjs.org/wcwidth/-/wcwidth-1.0.1.tgz 1063ms (cache miss)
4096 http fetch GET 200 https://registry.npmjs.org/validate-npm-package-name/-/validate-npm-package-name-5.0.1.tgz 1087ms (cache miss)
4097 http fetch GET 200 https://registry.npmjs.org/@react-native/assets-registry/-/assets-registry-0.85.3.tgz 1098ms (cache miss)
4098 http fetch GET 200 https://registry.npmjs.org/brace-expansion/-/brace-expansion-5.0.6.tgz 1100ms (cache miss)
4099 http fetch GET 200 https://registry.npmjs.org/hosted-git-info/-/hosted-git-info-7.0.2.tgz 1100ms (cache miss)
4100 http fetch GET 200 https://registry.npmjs.org/braces/-/braces-3.0.3.tgz 1099ms (cache miss)
4101 http fetch GET 200 https://registry.npmjs.org/balanced-match/-/balanced-match-4.0.4.tgz 1097ms (cache miss)
4102 http fetch GET 200 https://registry.npmjs.org/proc-log/-/proc-log-4.2.0.tgz 1099ms (cache miss)
4103 http fetch GET 200 https://registry.npmjs.org/node-int64/-/node-int64-0.4.0.tgz 1097ms (cache miss)
4104 http fetch GET 200 https://registry.npmjs.org/ob1/-/ob1-0.83.7.tgz 1099ms (cache miss)
4105 http fetch GET 200 https://registry.npmjs.org/pngjs/-/pngjs-3.4.0.tgz 1139ms (cache miss)
4106 http fetch GET 200 https://registry.npmjs.org/fill-range/-/fill-range-7.1.1.tgz 1142ms (cache miss)
4107 http fetch GET 200 https://registry.npmjs.org/@react-native/virtualized-lists/-/virtualized-lists-0.85.3.tgz 1176ms (cache miss)
4108 http fetch GET 200 https://registry.npmjs.org/@react-native/community-cli-plugin/-/community-cli-plugin-0.85.3.tgz 1231ms (cache miss)
4109 http fetch GET 200 https://registry.npmjs.org/bser/-/bser-2.1.1.tgz 1246ms (cache miss)
4110 http fetch GET 200 https://registry.npmjs.org/walker/-/walker-1.0.8.tgz 1247ms (cache miss)
4111 http fetch GET 200 https://registry.npmjs.org/fb-watchman/-/fb-watchman-2.0.2.tgz 1281ms (cache miss)
4112 http fetch GET 200 https://registry.npmjs.org/micromatch/-/micromatch-4.0.8.tgz 1283ms (cache miss)
4113 http fetch GET 200 https://registry.npmjs.org/camelcase/-/camelcase-6.3.0.tgz 1281ms (cache miss)
4114 http fetch GET 200 https://registry.npmjs.org/leven/-/leven-3.1.0.tgz 1287ms (cache miss)
4115 http fetch GET 200 https://registry.npmjs.org/vlq/-/vlq-1.0.1.tgz 1299ms (cache miss)
4116 http fetch GET 200 https://registry.npmjs.org/to-regex-range/-/to-regex-range-5.0.1.tgz 1330ms (cache miss)
4117 http fetch GET 200 https://registry.npmjs.org/@types/istanbul-lib-report/-/istanbul-lib-report-3.0.3.tgz 1320ms (cache miss)
4118 http fetch GET 200 https://registry.npmjs.org/react-devtools-core/-/react-devtools-core-6.1.5.tgz 1356ms (cache miss)
4119 http fetch GET 200 https://registry.npmjs.org/exponential-backoff/-/exponential-backoff-3.1.3.tgz 1327ms (cache miss)
4120 http fetch GET 200 https://registry.npmjs.org/agent-base/-/agent-base-7.1.4.tgz 1345ms (cache miss)
4121 http fetch GET 200 https://registry.npmjs.org/https-proxy-agent/-/https-proxy-agent-7.0.6.tgz 1345ms (cache miss)
4122 http fetch GET 200 https://registry.npmjs.org/jest-get-type/-/jest-get-type-29.6.3.tgz 1352ms (cache miss)
4123 http fetch GET 200 https://registry.npmjs.org/merge-stream/-/merge-stream-2.0.0.tgz 1351ms (cache miss)
4124 http fetch GET 200 https://registry.npmjs.org/@types/istanbul-reports/-/istanbul-reports-3.0.4.tgz 1351ms (cache miss)
4125 http fetch GET 200 https://registry.npmjs.org/@types/yargs-parser/-/yargs-parser-21.0.3.tgz 1354ms (cache miss)
4126 http fetch GET 200 https://registry.npmjs.org/jest-validate/-/jest-validate-29.7.0.tgz 1360ms (cache miss)
4127 http fetch GET 200 https://registry.npmjs.org/queue/-/queue-6.0.2.tgz 1357ms (cache miss)
4128 http fetch GET 200 https://registry.npmjs.org/@jest/schemas/-/schemas-29.6.3.tgz 1366ms (cache miss)
4129 http fetch GET 200 https://registry.npmjs.org/@jest/types/-/types-29.6.3.tgz 1378ms (cache miss)
4130 http fetch GET 200 https://registry.npmjs.org/@types/istanbul-lib-coverage/-/istanbul-lib-coverage-2.0.6.tgz 1391ms (cache miss)
4131 http fetch GET 200 https://registry.npmjs.org/throat/-/throat-5.0.0.tgz 1391ms (cache miss)
4132 http fetch GET 200 https://registry.npmjs.org/graceful-fs/-/graceful-fs-4.2.11.tgz 1396ms (cache miss)
4133 http fetch GET 200 https://registry.npmjs.org/@types/yargs/-/yargs-17.0.35.tgz 1406ms (cache miss)
4134 http fetch GET 200 https://registry.npmjs.org/lodash.throttle/-/lodash.throttle-4.1.1.tgz 1424ms (cache miss)
4135 http fetch GET 200 https://registry.npmjs.org/serialize-error/-/serialize-error-2.1.0.tgz 1425ms (cache miss)
4136 http fetch GET 200 https://registry.npmjs.org/error-stack-parser/-/error-stack-parser-2.1.4.tgz 1429ms (cache miss)
4137 http fetch GET 200 https://registry.npmjs.org/jest-worker/-/jest-worker-29.7.0.tgz 1448ms (cache miss)
4138 http fetch GET 200 https://registry.npmjs.org/jest-util/-/jest-util-29.7.0.tgz 1457ms (cache miss)
4139 http fetch GET 200 https://registry.npmjs.org/marky/-/marky-1.3.0.tgz 1476ms (cache miss)
4140 http fetch GET 200 https://registry.npmjs.org/yallist/-/yallist-3.1.1.tgz 1480ms (cache miss)
4141 http fetch GET 200 https://registry.npmjs.org/detect-libc/-/detect-libc-2.1.2.tgz 1488ms (cache miss)
4142 http fetch GET 200 https://registry.npmjs.org/@sinclair/typebox/-/typebox-0.27.10.tgz 1513ms (cache miss)
4143 http fetch GET 200 https://registry.npmjs.org/@react-native/gradle-plugin/-/gradle-plugin-0.85.3.tgz 1566ms (cache miss)
4144 http fetch GET 200 https://registry.npmjs.org/terser/-/terser-5.47.1.tgz 1552ms (cache miss)
4145 http fetch GET 200 https://registry.npmjs.org/argparse/-/argparse-2.0.1.tgz 1535ms (cache miss)
4146 http fetch GET 200 https://registry.npmjs.org/image-size/-/image-size-1.2.1.tgz 1543ms (cache miss)
4147 http fetch GET 200 https://registry.npmjs.org/flow-enums-runtime/-/flow-enums-runtime-0.0.6.tgz 1562ms (cache miss)
4148 http fetch GET 200 https://registry.npmjs.org/loose-envify/-/loose-envify-1.4.0.tgz 1573ms (cache miss)
4149 http fetch GET 200 https://registry.npmjs.org/stackframe/-/stackframe-1.3.4.tgz 1656ms (cache miss)
4150 http fetch GET 200 https://registry.npmjs.org/on-finished/-/on-finished-2.3.0.tgz 1646ms (cache miss)
4151 http fetch GET 200 https://registry.npmjs.org/is-docker/-/is-docker-2.2.1.tgz 1648ms (cache miss)
4152 http fetch GET 200 https://registry.npmjs.org/unpipe/-/unpipe-1.0.0.tgz 1684ms (cache miss)
4153 http fetch GET 200 https://registry.npmjs.org/escape-html/-/escape-html-1.0.3.tgz 1684ms (cache miss)
4154 http fetch GET 200 https://registry.npmjs.org/statuses/-/statuses-1.5.0.tgz 1686ms (cache miss)
4155 http fetch GET 200 https://registry.npmjs.org/source-map/-/source-map-0.5.7.tgz 1706ms (cache miss)
4156 http fetch GET 200 https://registry.npmjs.org/minipass/-/minipass-7.1.3.tgz 1718ms (cache miss)
4157 http fetch GET 200 https://registry.npmjs.org/ms/-/ms-2.1.3.tgz 1730ms (cache miss)
4158 http fetch GET 200 https://registry.npmjs.org/path-scurry/-/path-scurry-2.0.2.tgz 1737ms (cache miss)
4159 http fetch GET 200 https://registry.npmjs.org/encodeurl/-/encodeurl-1.0.2.tgz 1736ms (cache miss)
4160 http fetch GET 200 https://registry.npmjs.org/fontfaceobserver/-/fontfaceobserver-2.3.0.tgz 1744ms (cache miss)
4161 http fetch GET 200 https://registry.npmjs.org/path-key/-/path-key-3.1.1.tgz 1778ms (cache miss)
4162 http fetch GET 200 https://registry.npmjs.org/finalhandler/-/finalhandler-1.1.2.tgz 1780ms (cache miss)
4163 http fetch GET 200 https://registry.npmjs.org/which/-/which-2.0.2.tgz 1782ms (cache miss)
4164 http fetch GET 200 https://registry.npmjs.org/shebang-command/-/shebang-command-2.0.0.tgz 1782ms (cache miss)
4165 http fetch GET 200 https://registry.npmjs.org/utils-merge/-/utils-merge-1.0.1.tgz 1782ms (cache miss)
4166 http fetch GET 200 https://registry.npmjs.org/parseurl/-/parseurl-1.3.3.tgz 1780ms (cache miss)
4167 http fetch GET 200 https://registry.npmjs.org/commander/-/commander-7.2.0.tgz 1797ms (cache miss)
4168 http fetch GET 200 https://registry.npmjs.org/safe-buffer/-/safe-buffer-5.2.1.tgz 1797ms (cache miss)
4169 http fetch GET 200 https://registry.npmjs.org/vary/-/vary-1.1.2.tgz 1799ms (cache miss)
4170 http fetch GET 200 https://registry.npmjs.org/color-name/-/color-name-1.1.4.tgz 1847ms (cache miss)
4171 http fetch GET 200 https://registry.npmjs.org/on-headers/-/on-headers-1.1.0.tgz 1849ms (cache miss)
4172 http fetch GET 200 https://registry.npmjs.org/mime-db/-/mime-db-1.54.0.tgz 1857ms (cache miss)
4173 http fetch GET 200 https://registry.npmjs.org/hermes-estree/-/hermes-estree-0.32.1.tgz 1902ms (cache miss)
4174 http fetch GET 200 https://registry.npmjs.org/regenerate-unicode-properties/-/regenerate-unicode-properties-10.2.2.tgz 1958ms (cache miss)
4175 http fetch GET 200 https://registry.npmjs.org/bytes/-/bytes-3.1.2.tgz 1907ms (cache miss)
4176 http fetch GET 200 https://registry.npmjs.org/is-wsl/-/is-wsl-2.2.0.tgz 1947ms (cache miss)
4177 http fetch GET 200 https://registry.npmjs.org/mkdirp/-/mkdirp-1.0.4.tgz 1951ms (cache miss)
4178 http fetch GET 200 https://registry.npmjs.org/lighthouse-logger/-/lighthouse-logger-1.4.2.tgz 1951ms (cache miss)
4179 http fetch GET 200 https://registry.npmjs.org/escape-string-regexp/-/escape-string-regexp-4.0.0.tgz 1950ms (cache miss)
4180 http fetch GET 200 https://registry.npmjs.org/rimraf/-/rimraf-3.0.2.tgz 1956ms (cache miss)
4181 warn deprecated rimraf@3.0.2: Rimraf versions prior to v4 are no longer supported
4182 http fetch GET 200 https://registry.npmjs.org/compressible/-/compressible-2.0.18.tgz 1959ms (cache miss)
4183 http fetch GET 200 https://registry.npmjs.org/color-convert/-/color-convert-2.0.1.tgz 1966ms (cache miss)
4184 http fetch GET 200 https://registry.npmjs.org/yaml/-/yaml-2.9.0.tgz 2029ms (cache miss)
4185 http fetch GET 200 https://registry.npmjs.org/node-releases/-/node-releases-2.0.44.tgz 1994ms (cache miss)
4186 http fetch GET 200 https://registry.npmjs.org/ansi-styles/-/ansi-styles-4.3.0.tgz 1995ms (cache miss)
4187 http fetch GET 200 https://registry.npmjs.org/lightningcss-win32-x64-msvc/-/lightningcss-win32-x64-msvc-1.32.0.tgz 2024ms (cache miss)
4188 http fetch GET 200 https://registry.npmjs.org/supports-color/-/supports-color-7.2.0.tgz 2023ms (cache miss)
4189 http fetch GET 200 https://registry.npmjs.org/undici-types/-/undici-types-7.24.6.tgz 2030ms (cache miss)
4190 http fetch GET 200 https://registry.npmjs.org/update-browserslist-db/-/update-browserslist-db-1.2.3.tgz 2021ms (cache miss)
4191 http fetch GET 200 https://registry.npmjs.org/baseline-browser-mapping/-/baseline-browser-mapping-2.10.31.tgz 2036ms (cache miss)
4192 http fetch GET 200 https://registry.npmjs.org/electron-to-chromium/-/electron-to-chromium-1.5.360.tgz 2039ms (cache miss)
4193 http fetch GET 200 https://registry.npmjs.org/big-integer/-/big-integer-1.6.52.tgz 2094ms (cache miss)
4194 http fetch GET 200 https://registry.npmjs.org/regexpu-core/-/regexpu-core-6.4.0.tgz 2094ms (cache miss)
4195 http fetch GET 200 https://registry.npmjs.org/@babel/plugin-transform-unicode-regex/-/plugin-transform-unicode-regex-7.27.1.tgz 2144ms (cache miss)
4196 http fetch GET 200 https://registry.npmjs.org/@babel/helper-wrap-function/-/helper-wrap-function-7.28.6.tgz 2150ms (cache miss)
4197 http fetch GET 200 https://registry.npmjs.org/@babel/helper-create-regexp-features-plugin/-/helper-create-regexp-features-plugin-7.28.5.tgz 2152ms (cache miss)
4198 http fetch GET 200 https://registry.npmjs.org/@babel/helper-remap-async-to-generator/-/helper-remap-async-to-generator-7.27.1.tgz 2157ms (cache miss)
4199 http fetch GET 200 https://registry.npmjs.org/lodash.debounce/-/lodash.debounce-4.0.8.tgz 2160ms (cache miss)
4200 http fetch GET 200 https://registry.npmjs.org/@babel/plugin-transform-optional-catch-binding/-/plugin-transform-optional-catch-binding-7.28.6.tgz 2223ms (cache miss)
4201 http fetch GET 200 https://registry.npmjs.org/@babel/plugin-transform-spread/-/plugin-transform-spread-7.28.6.tgz 2232ms (cache miss)
4202 http fetch GET 200 https://registry.npmjs.org/@babel/plugin-transform-named-capturing-groups-regex/-/plugin-transform-named-capturing-groups-regex-7.29.0.tgz 2229ms (cache miss)
4203 http fetch GET 200 https://registry.npmjs.org/@babel/plugin-transform-sticky-regex/-/plugin-transform-sticky-regex-7.27.1.tgz 2250ms (cache miss)
4204 http fetch GET 200 https://registry.npmjs.org/@babel/plugin-transform-shorthand-properties/-/plugin-transform-shorthand-properties-7.27.1.tgz 2250ms (cache miss)
4205 http fetch GET 200 https://registry.npmjs.org/@babel/plugin-transform-nullish-coalescing-operator/-/plugin-transform-nullish-coalescing-operator-7.28.6.tgz 2246ms (cache miss)
4206 http fetch GET 200 https://registry.npmjs.org/@babel/plugin-transform-react-jsx-self/-/plugin-transform-react-jsx-self-7.27.1.tgz 2252ms (cache miss)
4207 http fetch GET 200 https://registry.npmjs.org/@babel/plugin-transform-literals/-/plugin-transform-literals-7.27.1.tgz 2248ms (cache miss)
4208 http fetch GET 200 https://registry.npmjs.org/stream-buffers/-/stream-buffers-2.2.0.tgz 2303ms (cache miss)
4209 http fetch GET 200 https://registry.npmjs.org/@babel/plugin-transform-optional-chaining/-/plugin-transform-optional-chaining-7.28.6.tgz 2293ms (cache miss)
4210 http fetch GET 200 https://registry.npmjs.org/@babel/plugin-transform-numeric-separator/-/plugin-transform-numeric-separator-7.28.6.tgz 2356ms (cache miss)
4211 http fetch GET 200 https://registry.npmjs.org/@react-native/babel-plugin-codegen/-/babel-plugin-codegen-0.83.6.tgz 2355ms (cache miss)
4212 http fetch GET 200 https://registry.npmjs.org/@babel/plugin-transform-computed-properties/-/plugin-transform-computed-properties-7.28.6.tgz 2363ms (cache miss)
4213 http fetch GET 200 https://registry.npmjs.org/@babel/plugin-transform-logical-assignment-operators/-/plugin-transform-logical-assignment-operators-7.28.6.tgz 2366ms (cache miss)
4214 http fetch GET 200 https://registry.npmjs.org/@babel/plugin-transform-class-properties/-/plugin-transform-class-properties-7.28.6.tgz 2364ms (cache miss)
4215 http fetch GET 200 https://registry.npmjs.org/@babel/plugin-transform-function-name/-/plugin-transform-function-name-7.27.1.tgz 2371ms (cache miss)
4216 http fetch GET 200 https://registry.npmjs.org/@babel/plugin-transform-react-jsx-source/-/plugin-transform-react-jsx-source-7.27.1.tgz 2373ms (cache miss)
4217 http fetch GET 200 https://registry.npmjs.org/@babel/plugin-syntax-optional-chaining/-/plugin-syntax-optional-chaining-7.8.3.tgz 2369ms (cache miss)
4218 http fetch GET 200 https://registry.npmjs.org/@babel/plugin-transform-async-to-generator/-/plugin-transform-async-to-generator-7.28.6.tgz 2370ms (cache miss)
4219 http fetch GET 200 https://registry.npmjs.org/@babel/plugin-transform-react-jsx-development/-/plugin-transform-react-jsx-development-7.27.1.tgz 2380ms (cache miss)
4220 http fetch GET 200 https://registry.npmjs.org/@babel/plugin-transform-arrow-functions/-/plugin-transform-arrow-functions-7.27.1.tgz 2378ms (cache miss)
4221 http fetch GET 200 https://registry.npmjs.org/@babel/plugin-syntax-typescript/-/plugin-syntax-typescript-7.28.6.tgz 2382ms (cache miss)
4222 http fetch GET 200 https://registry.npmjs.org/@babel/plugin-syntax-jsx/-/plugin-syntax-jsx-7.28.6.tgz 2382ms (cache miss)
4223 http fetch GET 200 https://registry.npmjs.org/@babel/plugin-transform-async-generator-functions/-/plugin-transform-async-generator-functions-7.29.0.tgz 2383ms (cache miss)
4224 http fetch GET 200 https://registry.npmjs.org/babel-plugin-polyfill-regenerator/-/babel-plugin-polyfill-regenerator-0.6.8.tgz 2382ms (cache miss)
4225 http fetch GET 200 https://registry.npmjs.org/@babel/plugin-transform-react-display-name/-/plugin-transform-react-display-name-7.28.0.tgz 2383ms (cache miss)
4226 http fetch GET 200 https://registry.npmjs.org/@babel/plugin-syntax-dynamic-import/-/plugin-syntax-dynamic-import-7.8.3.tgz 2389ms (cache miss)
4227 http fetch GET 200 https://registry.npmjs.org/@babel/plugin-syntax-nullish-coalescing-operator/-/plugin-syntax-nullish-coalescing-operator-7.8.3.tgz 2383ms (cache miss)
4228 http fetch GET 200 https://registry.npmjs.org/@babel/plugin-transform-for-of/-/plugin-transform-for-of-7.27.1.tgz 2401ms (cache miss)
4229 http fetch GET 200 https://registry.npmjs.org/@babel/plugin-transform-destructuring/-/plugin-transform-destructuring-7.28.5.tgz 2421ms (cache miss)
4230 http fetch GET 200 https://registry.npmjs.org/@babel/plugin-transform-classes/-/plugin-transform-classes-7.28.6.tgz 2460ms (cache miss)
4231 http fetch GET 200 https://registry.npmjs.org/@babel/helper-skip-transparent-expression-wrappers/-/helper-skip-transparent-expression-wrappers-7.27.1.tgz 2464ms (cache miss)
4232 http fetch GET 200 https://registry.npmjs.org/babel-plugin-transform-flow-enums/-/babel-plugin-transform-flow-enums-0.0.2.tgz 2463ms (cache miss)
4233 http fetch GET 200 https://registry.npmjs.org/@babel/helper-annotate-as-pure/-/helper-annotate-as-pure-7.27.3.tgz 2466ms (cache miss)
4234 http fetch GET 200 https://registry.npmjs.org/@babel/plugin-syntax-flow/-/plugin-syntax-flow-7.28.6.tgz 2466ms (cache miss)
4235 http fetch GET 200 https://registry.npmjs.org/@babel/helper-replace-supers/-/helper-replace-supers-7.28.6.tgz 2472ms (cache miss)
4236 http fetch GET 200 https://registry.npmjs.org/@babel/plugin-transform-block-scoping/-/plugin-transform-block-scoping-7.28.6.tgz 2495ms (cache miss)
4237 http fetch GET 200 https://registry.npmjs.org/babel-plugin-syntax-hermes-parser/-/babel-plugin-syntax-hermes-parser-0.32.1.tgz 2487ms (cache miss)
4238 http fetch GET 200 https://registry.npmjs.org/@babel/helper-member-expression-to-functions/-/helper-member-expression-to-functions-7.28.5.tgz 2488ms (cache miss)
4239 http fetch GET 200 https://registry.npmjs.org/babel-plugin-react-native-web/-/babel-plugin-react-native-web-0.21.2.tgz 2489ms (cache miss)
4240 http fetch GET 200 https://registry.npmjs.org/@babel/plugin-syntax-decorators/-/plugin-syntax-decorators-7.28.6.tgz 2490ms (cache miss)
4241 http fetch GET 200 https://registry.npmjs.org/@babel/helper-optimise-call-expression/-/helper-optimise-call-expression-7.27.1.tgz 2501ms (cache miss)
4242 http fetch GET 200 https://registry.npmjs.org/@babel/preset-react/-/preset-react-7.28.5.tgz 2502ms (cache miss)
4243 http fetch GET 200 https://registry.npmjs.org/@babel/plugin-transform-react-pure-annotations/-/plugin-transform-react-pure-annotations-7.27.1.tgz 2514ms (cache miss)
4244 http fetch GET 200 https://registry.npmjs.org/@babel/plugin-transform-private-methods/-/plugin-transform-private-methods-7.28.6.tgz 2501ms (cache miss)
4245 http fetch GET 200 https://registry.npmjs.org/core-js-compat/-/core-js-compat-3.49.0.tgz 2536ms (cache miss)
4246 http fetch GET 200 https://registry.npmjs.org/@babel/preset-typescript/-/preset-typescript-7.28.5.tgz 2507ms (cache miss)
4247 http fetch GET 200 https://registry.npmjs.org/@babel/plugin-transform-react-jsx/-/plugin-transform-react-jsx-7.28.6.tgz 2521ms (cache miss)
4248 http fetch GET 200 https://registry.npmjs.org/babel-plugin-polyfill-corejs2/-/babel-plugin-polyfill-corejs2-0.4.17.tgz 2520ms (cache miss)
4249 http fetch GET 200 https://registry.npmjs.org/@babel/plugin-transform-typescript/-/plugin-transform-typescript-7.28.6.tgz 2530ms (cache miss)
4250 http fetch GET 200 https://registry.npmjs.org/@babel/helper-define-polyfill-provider/-/helper-define-polyfill-provider-0.6.8.tgz 2562ms (cache miss)
4251 http fetch GET 200 https://registry.npmjs.org/babel-plugin-polyfill-corejs3/-/babel-plugin-polyfill-corejs3-0.13.0.tgz 2540ms (cache miss)
4252 http fetch GET 200 https://registry.npmjs.org/@babel/plugin-transform-regenerator/-/plugin-transform-regenerator-7.29.0.tgz 2575ms (cache miss)
4253 http fetch GET 200 https://registry.npmjs.org/@babel/plugin-transform-export-namespace-from/-/plugin-transform-export-namespace-from-7.27.1.tgz 2543ms (cache miss)
4254 http fetch GET 200 https://registry.npmjs.org/@babel/plugin-transform-object-rest-spread/-/plugin-transform-object-rest-spread-7.28.6.tgz 2545ms (cache miss)
4255 http fetch GET 200 https://registry.npmjs.org/@babel/plugin-transform-runtime/-/plugin-transform-runtime-7.29.0.tgz 2572ms (cache miss)
4256 http fetch GET 200 https://registry.npmjs.org/@babel/plugin-transform-class-static-block/-/plugin-transform-class-static-block-7.28.6.tgz 2574ms (cache miss)
4257 http fetch GET 200 https://registry.npmjs.org/@babel/plugin-transform-flow-strip-types/-/plugin-transform-flow-strip-types-7.27.1.tgz 2575ms (cache miss)
4258 http fetch GET 200 https://registry.npmjs.org/mime-types/-/mime-types-2.1.35.tgz 2572ms (cache miss)
4259 http fetch GET 200 https://registry.npmjs.org/negotiator/-/negotiator-0.6.3.tgz 2574ms (cache miss)
4260 http fetch GET 200 https://registry.npmjs.org/@babel/helper-create-class-features-plugin/-/helper-create-class-features-plugin-7.29.3.tgz 2606ms (cache miss)
4261 http fetch GET 200 https://registry.npmjs.org/@react-native/babel-preset/-/babel-preset-0.83.6.tgz 2615ms (cache miss)
4262 http fetch GET 200 https://registry.npmjs.org/yargs/-/yargs-17.7.2.tgz 2670ms (cache miss)
4263 http fetch GET 200 https://registry.npmjs.org/babel-plugin-react-compiler/-/babel-plugin-react-compiler-1.0.0.tgz 2641ms (cache miss)
4264 http fetch GET 200 https://registry.npmjs.org/invariant/-/invariant-2.2.4.tgz 2662ms (cache miss)
4265 http fetch GET 200 https://registry.npmjs.org/serve-static/-/serve-static-1.16.3.tgz 2663ms (cache miss)
4266 http fetch GET 200 https://registry.npmjs.org/@babel/plugin-proposal-export-default-from/-/plugin-proposal-export-default-from-7.27.1.tgz 2666ms (cache miss)
4267 http fetch GET 200 https://registry.npmjs.org/nullthrows/-/nullthrows-1.1.1.tgz 2662ms (cache miss)
4268 http fetch GET 200 https://registry.npmjs.org/@babel/plugin-proposal-decorators/-/plugin-proposal-decorators-7.29.0.tgz 2663ms (cache miss)
4269 http fetch GET 200 https://registry.npmjs.org/@babel/plugin-syntax-export-default-from/-/plugin-syntax-export-default-from-7.28.6.tgz 2668ms (cache miss)
4270 http fetch GET 200 https://registry.npmjs.org/@babel/plugin-transform-private-property-in-object/-/plugin-transform-private-property-in-object-7.28.6.tgz 2681ms (cache miss)
4271 http fetch GET 200 https://registry.npmjs.org/chrome-launcher/-/chrome-launcher-0.15.2.tgz 2699ms (cache miss)
4272 http fetch GET 200 https://registry.npmjs.org/open/-/open-7.4.2.tgz 2723ms (cache miss)
4273 http fetch GET 200 https://registry.npmjs.org/@babel/plugin-transform-parameters/-/plugin-transform-parameters-7.27.7.tgz 2750ms (cache miss)
4274 http fetch GET 200 https://registry.npmjs.org/@jridgewell/resolve-uri/-/resolve-uri-3.1.2.tgz 2779ms (cache miss)
4275 http fetch GET 200 https://registry.npmjs.org/resolve/-/resolve-1.22.12.tgz 2840ms (cache miss)
4276 http fetch GET 200 https://registry.npmjs.org/@react-native/debugger-shell/-/debugger-shell-0.83.6.tgz 2811ms (cache miss)
4277 http fetch GET 200 https://registry.npmjs.org/base64-js/-/base64-js-1.5.1.tgz 2863ms (cache miss)
4278 http fetch GET 200 https://registry.npmjs.org/cross-spawn/-/cross-spawn-7.0.6.tgz 2908ms (cache miss)
4279 http fetch GET 200 https://registry.npmjs.org/@babel/helper-string-parser/-/helper-string-parser-7.27.1.tgz 2908ms (cache miss)
4280 http fetch GET 200 https://registry.npmjs.org/@babel/helper-plugin-utils/-/helper-plugin-utils-7.28.6.tgz 2913ms (cache miss)
4281 http fetch GET 200 https://registry.npmjs.org/@isaacs/ttlcache/-/ttlcache-1.4.1.tgz 2912ms (cache miss)
4282 http fetch GET 200 https://registry.npmjs.org/@babel/helper-globals/-/helper-globals-7.28.0.tgz 2927ms (cache miss)
4283 http fetch GET 200 https://registry.npmjs.org/@babel/plugin-transform-modules-commonjs/-/plugin-transform-modules-commonjs-7.28.6.tgz 2942ms (cache miss)
4284 http fetch GET 200 https://registry.npmjs.org/chromium-edge-launcher/-/chromium-edge-launcher-0.2.0.tgz 2966ms (cache miss)
4285 http fetch GET 200 https://registry.npmjs.org/@jridgewell/sourcemap-codec/-/sourcemap-codec-1.5.5.tgz 2970ms (cache miss)
4286 http fetch GET 200 https://registry.npmjs.org/js-yaml/-/js-yaml-4.1.1.tgz 2982ms (cache miss)
4287 http fetch GET 200 https://registry.npmjs.org/lru-cache/-/lru-cache-5.1.1.tgz 3005ms (cache miss)
4288 http fetch GET 200 https://registry.npmjs.org/xmlbuilder/-/xmlbuilder-15.1.1.tgz 3029ms (cache miss)
4289 http fetch GET 200 https://registry.npmjs.org/@react-native/normalize-colors/-/normalize-colors-0.83.6.tgz 3026ms (cache miss)
4290 http fetch GET 200 https://registry.npmjs.org/jsesc/-/jsesc-3.1.0.tgz 3029ms (cache miss)
4291 http fetch GET 200 https://registry.npmjs.org/@babel/helper-validator-option/-/helper-validator-option-7.27.1.tgz 3030ms (cache miss)
4292 http fetch GET 200 https://registry.npmjs.org/@babel/helper-module-imports/-/helper-module-imports-7.28.6.tgz 3046ms (cache miss)
4293 http fetch GET 200 https://registry.npmjs.org/@xmldom/xmldom/-/xmldom-0.8.13.tgz 3058ms (cache miss)
4294 http fetch GET 200 https://registry.npmjs.org/@react-native/codegen/-/codegen-0.83.6.tgz 3156ms (cache miss)
4295 http fetch GET 200 https://registry.npmjs.org/jsc-safe-url/-/jsc-safe-url-0.2.4.tgz 3197ms (cache miss)
4296 http fetch GET 200 https://registry.npmjs.org/@babel/compat-data/-/compat-data-7.29.3.tgz 3207ms (cache miss)
4297 http fetch GET 200 https://registry.npmjs.org/convert-source-map/-/convert-source-map-2.0.0.tgz 3208ms (cache miss)
4298 http fetch GET 200 https://registry.npmjs.org/gensync/-/gensync-1.0.0-beta.2.tgz 3207ms (cache miss)
4299 http fetch GET 200 https://registry.npmjs.org/@babel/template/-/template-7.28.6.tgz 3248ms (cache miss)
4300 http fetch GET 200 https://registry.npmjs.org/@babel/parser/-/parser-7.29.3.tgz 3276ms (cache miss)
4301 http fetch GET 200 https://registry.npmjs.org/@jridgewell/remapping/-/remapping-2.3.5.tgz 3278ms (cache miss)
4302 http fetch GET 200 https://registry.npmjs.org/@jridgewell/gen-mapping/-/gen-mapping-0.3.13.tgz 3283ms (cache miss)
4303 http fetch GET 200 https://registry.npmjs.org/@babel/helper-compilation-targets/-/helper-compilation-targets-7.28.6.tgz 3333ms (cache miss)
4304 http fetch GET 200 https://registry.npmjs.org/metro-transform-worker/-/metro-transform-worker-0.83.7.tgz 3334ms (cache miss)
4305 http fetch GET 200 https://registry.npmjs.org/browserslist/-/browserslist-4.28.2.tgz 3355ms (cache miss)
4306 http fetch GET 200 https://registry.npmjs.org/postcss/-/postcss-8.5.15.tgz 3370ms (cache miss)
4307 http fetch GET 200 https://registry.npmjs.org/@babel/helper-module-transforms/-/helper-module-transforms-7.28.6.tgz 3390ms (cache miss)
4308 http fetch GET 200 https://registry.npmjs.org/metro-transform-plugins/-/metro-transform-plugins-0.83.7.tgz 3408ms (cache miss)
4309 http fetch GET 200 https://registry.npmjs.org/@jridgewell/trace-mapping/-/trace-mapping-0.3.31.tgz 3449ms (cache miss)
4310 http fetch GET 200 https://registry.npmjs.org/@babel/traverse/-/traverse-7.29.0.tgz 3532ms (cache miss)
4311 http fetch GET 200 https://registry.npmjs.org/metro-minify-terser/-/metro-minify-terser-0.83.7.tgz 3573ms (cache miss)
4312 http fetch GET 200 https://registry.npmjs.org/metro-symbolicate/-/metro-symbolicate-0.83.7.tgz 3627ms (cache miss)
4313 http fetch GET 200 https://registry.npmjs.org/lightningcss/-/lightningcss-1.32.0.tgz 3627ms (cache miss)
4314 http fetch GET 200 https://registry.npmjs.org/metro-core/-/metro-core-0.83.7.tgz 3689ms (cache miss)
4315 http fetch GET 200 https://registry.npmjs.org/metro-runtime/-/metro-runtime-0.83.7.tgz 3699ms (cache miss)
4316 http fetch GET 200 https://registry.npmjs.org/@babel/core/-/core-7.29.0.tgz 3740ms (cache miss)
4317 http fetch GET 200 https://registry.npmjs.org/metro-resolver/-/metro-resolver-0.83.7.tgz 3805ms (cache miss)
4318 http fetch GET 200 https://registry.npmjs.org/hermes-parser/-/hermes-parser-0.32.1.tgz 3826ms (cache miss)
4319 http fetch GET 200 https://registry.npmjs.org/metro-source-map/-/metro-source-map-0.83.7.tgz 3828ms (cache miss)
4320 http fetch GET 200 https://registry.npmjs.org/@babel/generator/-/generator-7.29.1.tgz 3872ms (cache miss)
4321 http fetch GET 200 https://registry.npmjs.org/@babel/helpers/-/helpers-7.29.2.tgz 3960ms (cache miss)
4322 http fetch GET 200 https://registry.npmjs.org/metro-file-map/-/metro-file-map-0.83.7.tgz 4007ms (cache miss)
4323 http fetch GET 200 https://registry.npmjs.org/metro-cache/-/metro-cache-0.83.7.tgz 4014ms (cache miss)
4324 http fetch GET 200 https://registry.npmjs.org/metro-cache-key/-/metro-cache-key-0.83.7.tgz 4015ms (cache miss)
4325 http fetch GET 200 https://registry.npmjs.org/metro-babel-transformer/-/metro-babel-transformer-0.83.7.tgz 4015ms (cache miss)
4326 http fetch GET 200 https://registry.npmjs.org/anser/-/anser-1.4.10.tgz 4076ms (cache miss)
4327 http fetch GET 200 https://registry.npmjs.org/fb-dotslash/-/fb-dotslash-0.5.8.tgz 4124ms (cache miss)
4328 http fetch GET 200 https://registry.npmjs.org/picocolors/-/picocolors-1.1.1.tgz 4093ms (cache miss)
4329 http fetch GET 200 https://registry.npmjs.org/@babel/code-frame/-/code-frame-7.29.0.tgz 4095ms (cache miss)
4330 http fetch GET 200 https://registry.npmjs.org/@babel/helper-validator-identifier/-/helper-validator-identifier-7.28.5.tgz 4100ms (cache miss)
4331 http fetch GET 200 https://registry.npmjs.org/metro-config/-/metro-config-0.83.7.tgz 4130ms (cache miss)
4332 http fetch GET 200 https://registry.npmjs.org/@expo/dom-webview/-/dom-webview-55.0.6.tgz 4191ms (cache miss)
4333 http fetch GET 200 https://registry.npmjs.org/js-tokens/-/js-tokens-4.0.0.tgz 4319ms (cache miss)
4334 http fetch GET 200 https://registry.npmjs.org/parse-png/-/parse-png-2.1.0.tgz 4320ms (cache miss)
4335 http fetch GET 200 https://registry.npmjs.org/ignore/-/ignore-5.3.2.tgz 4332ms (cache miss)
4336 http fetch GET 200 https://registry.npmjs.org/@expo/sdk-runtime-versions/-/sdk-runtime-versions-1.0.0.tgz 4335ms (cache miss)
4337 http fetch GET 200 https://registry.npmjs.org/jimp-compact/-/jimp-compact-0.16.1.tgz 4336ms (cache miss)
4338 http fetch GET 200 https://registry.npmjs.org/xml2js/-/xml2js-0.6.0.tgz 4346ms (cache miss)
4339 http fetch GET 200 https://registry.npmjs.org/@expo/config-types/-/config-types-55.0.5.tgz 4366ms (cache miss)
4340 http fetch GET 200 https://registry.npmjs.org/json5/-/json5-2.2.3.tgz 4380ms (cache miss)
4341 http fetch GET 200 https://registry.npmjs.org/minimatch/-/minimatch-10.2.5.tgz 4448ms (cache miss)
4342 http fetch GET 200 https://registry.npmjs.org/caniuse-lite/-/caniuse-lite-1.0.30001793.tgz 4633ms (cache miss)
4343 http fetch GET 200 https://registry.npmjs.org/toqr/-/toqr-0.1.1.tgz 4605ms (cache miss)
4344 http fetch GET 200 https://registry.npmjs.org/terminal-link/-/terminal-link-2.1.1.tgz 4605ms (cache miss)
4345 http fetch GET 200 https://registry.npmjs.org/deepmerge/-/deepmerge-4.3.1.tgz 4610ms (cache miss)
4346 http fetch GET 200 https://registry.npmjs.org/@expo/sudo-prompt/-/sudo-prompt-9.3.2.tgz 4623ms (cache miss)
4347 http fetch GET 200 https://registry.npmjs.org/resolve-workspace-root/-/resolve-workspace-root-2.0.1.tgz 4618ms (cache miss)
4348 http fetch GET 200 https://registry.npmjs.org/xcode/-/xcode-3.0.1.tgz 4647ms (cache miss)
4349 http fetch GET 200 https://registry.npmjs.org/ws/-/ws-8.20.1.tgz 4656ms (cache miss)
4350 http fetch GET 200 https://registry.npmjs.org/structured-headers/-/structured-headers-0.4.1.tgz 4668ms (cache miss)
4351 http fetch GET 200 https://registry.npmjs.org/@babel/types/-/types-7.29.0.tgz 4779ms (cache miss)
4352 http fetch GET 200 https://registry.npmjs.org/stacktrace-parser/-/stacktrace-parser-0.1.11.tgz 4809ms (cache miss)
4353 http fetch GET 200 https://registry.npmjs.org/slugify/-/slugify-1.6.9.tgz 4851ms (cache miss)
4354 http fetch GET 200 https://registry.npmjs.org/resolve-from/-/resolve-from-5.0.0.tgz 4848ms (cache miss)
4355 http fetch GET 200 https://registry.npmjs.org/wrap-ansi/-/wrap-ansi-7.0.0.tgz 4851ms (cache miss)
4356 http fetch GET 200 https://registry.npmjs.org/send/-/send-0.19.2.tgz 4857ms (cache miss)
4357 http fetch GET 200 https://registry.npmjs.org/semver/-/semver-7.8.0.tgz 4900ms (cache miss)
4358 http fetch GET 200 https://registry.npmjs.org/progress/-/progress-2.0.3.tgz 4962ms (cache miss)
4359 http fetch GET 200 https://registry.npmjs.org/source-map-support/-/source-map-support-0.5.21.tgz 4982ms (cache miss)
4360 http fetch GET 200 https://registry.npmjs.org/npm-package-arg/-/npm-package-arg-11.0.3.tgz 5013ms (cache miss)
4361 http fetch GET 200 https://registry.npmjs.org/ora/-/ora-3.4.0.tgz 5014ms (cache miss)
4362 http fetch GET 200 https://registry.npmjs.org/lan-network/-/lan-network-0.2.1.tgz 5013ms (cache miss)
4363 http fetch GET 200 https://registry.npmjs.org/picomatch/-/picomatch-4.0.4.tgz 5024ms (cache miss)
4364 http fetch GET 200 https://registry.npmjs.org/multitars/-/multitars-1.0.0.tgz 5039ms (cache miss)
4365 http fetch GET 200 https://registry.npmjs.org/fetch-nodeshim/-/fetch-nodeshim-0.4.10.tgz 5055ms (cache miss)
4366 http fetch GET 200 https://registry.npmjs.org/getenv/-/getenv-2.0.0.tgz 5096ms (cache miss)
4367 http fetch GET 200 https://registry.npmjs.org/debug/-/debug-4.4.3.tgz 5094ms (cache miss)
4368 http fetch GET 200 https://registry.npmjs.org/dnssd-advertise/-/dnssd-advertise-1.1.4.tgz 5122ms (cache miss)
4369 http fetch GET 200 https://registry.npmjs.org/chalk/-/chalk-4.1.2.tgz 5147ms (cache miss)
4370 http fetch GET 200 https://registry.npmjs.org/compression/-/compression-1.8.1.tgz 5156ms (cache miss)
4371 http fetch GET 200 https://registry.npmjs.org/prompts/-/prompts-2.4.2.tgz 5178ms (cache miss)
4372 http fetch GET 200 https://registry.npmjs.org/arg/-/arg-5.0.2.tgz 5222ms (cache miss)
4373 http fetch GET 200 https://registry.npmjs.org/ci-info/-/ci-info-3.9.0.tgz 5227ms (cache miss)
4374 http fetch GET 200 https://registry.npmjs.org/connect/-/connect-3.7.0.tgz 5249ms (cache miss)
4375 http fetch GET 200 https://registry.npmjs.org/better-opn/-/better-opn-3.0.2.tgz 5248ms (cache miss)
4376 http fetch GET 200 https://registry.npmjs.org/node-forge/-/node-forge-1.4.0.tgz 5260ms (cache miss)
4377 http fetch GET 200 https://registry.npmjs.org/bplist-creator/-/bplist-creator-0.1.0.tgz 5255ms (cache miss)
4378 http fetch GET 200 https://registry.npmjs.org/glob/-/glob-13.0.6.tgz 5291ms (cache miss)
4379 http fetch GET 200 https://registry.npmjs.org/bplist-parser/-/bplist-parser-0.3.2.tgz 5403ms (cache miss)
4380 http fetch GET 200 https://registry.npmjs.org/accepts/-/accepts-1.3.8.tgz 5408ms (cache miss)
4381 http fetch GET 200 https://registry.npmjs.org/@expo/plist/-/plist-0.5.3.tgz 5466ms (cache miss)
4382 http fetch GET 200 https://registry.npmjs.org/@expo/schema-utils/-/schema-utils-55.0.4.tgz 5492ms (cache miss)
4383 http fetch GET 200 https://registry.npmjs.org/@expo/ws-tunnel/-/ws-tunnel-1.0.6.tgz 5502ms (cache miss)
4384 http fetch GET 200 https://registry.npmjs.org/@expo/xcpretty/-/xcpretty-4.4.4.tgz 5539ms (cache miss)
4385 http fetch GET 200 https://registry.npmjs.org/@react-native/dev-middleware/-/dev-middleware-0.83.6.tgz 5555ms (cache miss)
4386 http fetch GET 200 https://registry.npmjs.org/@expo/package-manager/-/package-manager-1.10.5.tgz 5610ms (cache miss)
4387 http fetch GET 200 https://registry.npmjs.org/@expo/require-utils/-/require-utils-55.0.5.tgz 5617ms (cache miss)
4388 http fetch GET 200 https://registry.npmjs.org/@expo/osascript/-/osascript-2.4.3.tgz 5616ms (cache miss)
4389 http fetch GET 200 https://registry.npmjs.org/@expo/spawn-async/-/spawn-async-1.8.0.tgz 5626ms (cache miss)
4390 http fetch GET 200 https://registry.npmjs.org/@expo/json-file/-/json-file-10.0.14.tgz 5659ms (cache miss)
4391 http fetch GET 200 https://registry.npmjs.org/@expo/code-signing-certificates/-/code-signing-certificates-0.0.6.tgz 5659ms (cache miss)
4392 http fetch GET 200 https://registry.npmjs.org/whatwg-url-minimum/-/whatwg-url-minimum-0.1.2.tgz 5676ms (cache miss)
4393 http fetch GET 200 https://registry.npmjs.org/@expo/image-utils/-/image-utils-0.8.14.tgz 5693ms (cache miss)
4394 http fetch GET 200 https://registry.npmjs.org/pretty-format/-/pretty-format-29.7.0.tgz 5692ms (cache miss)
4395 http fetch GET 200 https://registry.npmjs.org/@expo/router-server/-/router-server-55.0.17.tgz 5725ms (cache miss)
4396 http fetch GET 200 https://registry.npmjs.org/@expo/devcert/-/devcert-1.2.1.tgz 5744ms (cache miss)
4397 http fetch GET 200 https://registry.npmjs.org/expo-server/-/expo-server-55.0.10.tgz 5892ms (cache miss)
4398 http fetch GET 200 https://registry.npmjs.org/@expo/env/-/env-2.1.2.tgz 6275ms (cache miss)
4399 http fetch GET 200 https://registry.npmjs.org/react-refresh/-/react-refresh-0.14.2.tgz 6277ms (cache miss)
4400 http fetch GET 200 https://registry.npmjs.org/expo-constants/-/expo-constants-55.0.16.tgz 6515ms (cache miss)
4401 http fetch GET 200 https://registry.npmjs.org/@ungap/structured-clone/-/structured-clone-1.3.1.tgz 6535ms (cache miss)
4402 http fetch GET 200 https://registry.npmjs.org/zod/-/zod-3.25.76.tgz 6601ms (cache miss)
4403 http fetch GET 200 https://registry.npmjs.org/babel-preset-expo/-/babel-preset-expo-55.0.22.tgz 6564ms (cache miss)
4404 http fetch GET 200 https://registry.npmjs.org/@expo/prebuild-config/-/prebuild-config-55.0.18.tgz 6581ms (cache miss)
4405 http fetch GET 200 https://registry.npmjs.org/expo-keep-awake/-/expo-keep-awake-55.0.8.tgz 6613ms (cache miss)
4406 http fetch GET 200 https://registry.npmjs.org/expo-asset/-/expo-asset-55.0.17.tgz 6778ms (cache miss)
4407 http fetch GET 200 https://registry.npmjs.org/@expo/local-build-cache-provider/-/local-build-cache-provider-55.0.13.tgz 6838ms (cache miss)
4408 http fetch GET 200 https://registry.npmjs.org/@expo/metro-config/-/metro-config-55.0.22.tgz 6967ms (cache miss)
4409 http fetch GET 200 https://registry.npmjs.org/@expo/devtools/-/devtools-55.0.3.tgz 6995ms (cache miss)
4410 http fetch GET 200 https://registry.npmjs.org/@react-native/debugger-frontend/-/debugger-frontend-0.83.6.tgz 7112ms (cache miss)
4411 http fetch GET 200 https://registry.npmjs.org/expo-modules-autolinking/-/expo-modules-autolinking-55.0.23.tgz 7067ms (cache miss)
4412 http fetch GET 200 https://registry.npmjs.org/@expo/fingerprint/-/fingerprint-0.16.7.tgz 7113ms (cache miss)
4413 http fetch GET 200 https://registry.npmjs.org/strip-ansi/-/strip-ansi-6.0.1.tgz 7140ms (cache miss)
4414 http fetch GET 200 https://registry.npmjs.org/bplist-parser/-/bplist-parser-0.3.1.tgz 7141ms (cache miss)
4415 http fetch GET 200 https://registry.npmjs.org/expo-font/-/expo-font-55.0.8.tgz 7241ms (cache miss)
4416 http fetch GET 200 https://registry.npmjs.org/@expo/config/-/config-55.0.17.tgz 7254ms (cache miss)
4417 http fetch GET 200 https://registry.npmjs.org/react/-/react-19.2.6.tgz 7390ms (cache miss)
4418 http fetch GET 200 https://registry.npmjs.org/metro-minify-terser/-/metro-minify-terser-0.84.4.tgz 7494ms (cache miss)
4419 http fetch GET 200 https://registry.npmjs.org/ws/-/ws-7.5.10.tgz 7547ms (cache miss)
4420 http fetch GET 200 https://registry.npmjs.org/@babel/runtime/-/runtime-7.29.2.tgz 7558ms (cache miss)
4421 http fetch GET 200 https://registry.npmjs.org/hermes-compiler/-/hermes-compiler-250829098.0.10.tgz 7835ms (cache miss)
4422 http fetch GET 200 https://registry.npmjs.org/statuses/-/statuses-2.0.2.tgz 7600ms (cache miss)
4423 http fetch GET 200 https://registry.npmjs.org/ob1/-/ob1-0.84.4.tgz 7641ms (cache miss)
4424 http fetch GET 200 https://registry.npmjs.org/type-fest/-/type-fest-0.21.3.tgz 7731ms (cache miss)
4425 http fetch GET 200 https://registry.npmjs.org/mime-types/-/mime-types-3.0.2.tgz 7742ms (cache miss)
4426 http fetch GET 200 https://registry.npmjs.org/negotiator/-/negotiator-1.0.0.tgz 7743ms (cache miss)
4427 http fetch GET 200 https://registry.npmjs.org/strip-ansi/-/strip-ansi-6.0.1.tgz 7762ms (cache miss)
4428 http fetch GET 200 https://registry.npmjs.org/metro-transform-worker/-/metro-transform-worker-0.84.4.tgz 7767ms (cache miss)
4429 http fetch GET 200 https://registry.npmjs.org/hermes-estree/-/hermes-estree-0.35.0.tgz 7819ms (cache miss)
4430 http fetch GET 200 https://registry.npmjs.org/metro-transform-plugins/-/metro-transform-plugins-0.84.4.tgz 7824ms (cache miss)
4431 http fetch GET 200 https://registry.npmjs.org/@expo/config-plugins/-/config-plugins-55.0.9.tgz 7850ms (cache miss)
4432 http fetch GET 200 https://registry.npmjs.org/metro-symbolicate/-/metro-symbolicate-0.84.4.tgz 7844ms (cache miss)
4433 http fetch GET 200 https://registry.npmjs.org/accepts/-/accepts-2.0.0.tgz 7896ms (cache miss)
4434 http fetch GET 200 https://registry.npmjs.org/metro-cache-key/-/metro-cache-key-0.84.4.tgz 7897ms (cache miss)
4435 http fetch GET 200 https://registry.npmjs.org/metro-babel-transformer/-/metro-babel-transformer-0.84.4.tgz 7898ms (cache miss)
4436 http fetch GET 200 https://registry.npmjs.org/metro-runtime/-/metro-runtime-0.84.4.tgz 7932ms (cache miss)
4437 http fetch GET 200 https://registry.npmjs.org/metro-cache/-/metro-cache-0.84.4.tgz 7983ms (cache miss)
4438 http fetch GET 200 https://registry.npmjs.org/ansi-regex/-/ansi-regex-4.1.1.tgz 7992ms (cache miss)
4439 http fetch GET 200 https://registry.npmjs.org/ws/-/ws-7.5.10.tgz 8026ms (cache miss)
4440 http fetch GET 200 https://registry.npmjs.org/metro-source-map/-/metro-source-map-0.84.4.tgz 8055ms (cache miss)
4441 http fetch GET 200 https://registry.npmjs.org/metro-resolver/-/metro-resolver-0.84.4.tgz 8090ms (cache miss)
4442 http fetch GET 200 https://registry.npmjs.org/@expo/log-box/-/log-box-55.0.12.tgz 8122ms (cache miss)
4443 http fetch GET 200 https://registry.npmjs.org/@expo/metro/-/metro-55.1.1.tgz 8124ms (cache miss)
4444 http fetch GET 200 https://registry.npmjs.org/ci-info/-/ci-info-2.0.0.tgz 8164ms (cache miss)
4445 http fetch GET 200 https://registry.npmjs.org/chromium-edge-launcher/-/chromium-edge-launcher-0.3.0.tgz 8167ms (cache miss)
4446 http fetch GET 200 https://registry.npmjs.org/expo-file-system/-/expo-file-system-55.0.21.tgz 8262ms (cache miss)
4447 http fetch GET 200 https://registry.npmjs.org/metro-core/-/metro-core-0.84.4.tgz 8270ms (cache miss)
4448 http fetch GET 200 https://registry.npmjs.org/metro-file-map/-/metro-file-map-0.84.4.tgz 8301ms (cache miss)
4449 http fetch GET 200 https://registry.npmjs.org/metro-config/-/metro-config-0.84.4.tgz 8367ms (cache miss)
4450 http fetch GET 200 https://registry.npmjs.org/hermes-parser/-/hermes-parser-0.35.0.tgz 8436ms (cache miss)
4451 http fetch GET 200 https://registry.npmjs.org/expo/-/expo-55.0.25.tgz 8472ms (cache miss)
4452 http fetch GET 200 https://registry.npmjs.org/@react-native/dev-middleware/-/dev-middleware-0.85.3.tgz 8490ms (cache miss)
4453 http fetch GET 200 https://registry.npmjs.org/color-name/-/color-name-1.1.3.tgz 8596ms (cache miss)
4454 http fetch GET 200 https://registry.npmjs.org/has-flag/-/has-flag-3.0.0.tgz 8596ms (cache miss)
4455 http fetch GET 200 https://registry.npmjs.org/color-convert/-/color-convert-1.9.3.tgz 8620ms (cache miss)
4456 http fetch GET 200 https://registry.npmjs.org/ansi-styles/-/ansi-styles-3.2.1.tgz 8624ms (cache miss)
4457 http fetch GET 200 https://registry.npmjs.org/escape-string-regexp/-/escape-string-regexp-1.0.5.tgz 8624ms (cache miss)
4458 http fetch GET 200 https://registry.npmjs.org/supports-color/-/supports-color-5.5.0.tgz 8627ms (cache miss)
4459 http fetch GET 200 https://registry.npmjs.org/@expo/vector-icons/-/vector-icons-15.1.1.tgz 8771ms (cache miss)
4460 http fetch GET 200 https://registry.npmjs.org/@react-native/debugger-shell/-/debugger-shell-0.85.3.tgz 8759ms (cache miss)
4461 http fetch GET 200 https://registry.npmjs.org/commander/-/commander-2.20.3.tgz 8773ms (cache miss)
4462 http fetch GET 200 https://registry.npmjs.org/lru-cache/-/lru-cache-10.4.3.tgz 8799ms (cache miss)
4463 http fetch GET 200 https://registry.npmjs.org/supports-color/-/supports-color-8.1.1.tgz 8857ms (cache miss)
4464 http fetch GET 200 https://registry.npmjs.org/picomatch/-/picomatch-2.3.2.tgz 8877ms (cache miss)
4465 http fetch GET 200 https://registry.npmjs.org/chalk/-/chalk-2.4.2.tgz 8884ms (cache miss)
4466 http fetch GET 200 https://registry.npmjs.org/picomatch/-/picomatch-2.3.2.tgz 8916ms (cache miss)
4467 http fetch GET 200 https://registry.npmjs.org/balanced-match/-/balanced-match-1.0.2.tgz 8948ms (cache miss)
4468 http fetch GET 200 https://registry.npmjs.org/ms/-/ms-2.0.0.tgz 8967ms (cache miss)
4469 http fetch GET 200 https://registry.npmjs.org/debug/-/debug-2.6.9.tgz 8969ms (cache miss)
4470 http fetch GET 200 https://registry.npmjs.org/ms/-/ms-2.0.0.tgz 9010ms (cache miss)
4471 http fetch GET 200 https://registry.npmjs.org/brace-expansion/-/brace-expansion-1.1.14.tgz 9023ms (cache miss)
4472 http fetch GET 200 https://registry.npmjs.org/minimatch/-/minimatch-3.1.5.tgz 9043ms (cache miss)
4473 http fetch GET 200 https://registry.npmjs.org/brace-expansion/-/brace-expansion-1.1.14.tgz 9052ms (cache miss)
4474 http fetch GET 200 https://registry.npmjs.org/glob/-/glob-7.2.3.tgz 9054ms (cache miss)
4475 warn deprecated glob@7.2.3: Old versions of glob are not supported, and contain widely publicized security vulnerabilities, which have been fixed in the current version. Please update. Support for old versions may be purchased (at exorbitant rates) by contacting i@izs.me
4476 http fetch GET 200 https://registry.npmjs.org/balanced-match/-/balanced-match-1.0.2.tgz 9067ms (cache miss)
4477 http fetch GET 200 https://registry.npmjs.org/debug/-/debug-2.6.9.tgz 9094ms (cache miss)
4478 http fetch GET 200 https://registry.npmjs.org/semver/-/semver-6.3.1.tgz 9102ms (cache miss)
4479 http fetch GET 200 https://registry.npmjs.org/semver/-/semver-6.3.1.tgz 9103ms (cache miss)
4480 http fetch GET 200 https://registry.npmjs.org/glob/-/glob-7.2.3.tgz 9137ms (cache miss)
4481 http fetch GET 200 https://registry.npmjs.org/minimatch/-/minimatch-3.1.5.tgz 9143ms (cache miss)
4482 warn deprecated glob@7.2.3: Old versions of glob are not supported, and contain widely publicized security vulnerabilities, which have been fixed in the current version. Please update. Support for old versions may be purchased (at exorbitant rates) by contacting i@izs.me
4483 http fetch GET 200 https://registry.npmjs.org/hermes-estree/-/hermes-estree-0.32.0.tgz 9163ms (cache miss)
4484 http fetch GET 200 https://registry.npmjs.org/hermes-estree/-/hermes-estree-0.32.0.tgz 9175ms (cache miss)
4485 http fetch GET 200 https://registry.npmjs.org/babel-plugin-syntax-hermes-parser/-/babel-plugin-syntax-hermes-parser-0.32.0.tgz 9287ms (cache miss)
4486 http fetch GET 200 https://registry.npmjs.org/mime-db/-/mime-db-1.52.0.tgz 9310ms (cache miss)
4487 http fetch GET 200 https://registry.npmjs.org/semver/-/semver-6.3.1.tgz 9313ms (cache miss)
4488 http fetch GET 200 https://registry.npmjs.org/semver/-/semver-6.3.1.tgz 9315ms (cache miss)
4489 http fetch GET 200 https://registry.npmjs.org/semver/-/semver-6.3.1.tgz 9316ms (cache miss)
4490 http fetch GET 200 https://registry.npmjs.org/lru-cache/-/lru-cache-11.5.0.tgz 9342ms (cache miss)
4491 http fetch GET 200 https://registry.npmjs.org/encodeurl/-/encodeurl-2.0.0.tgz 9330ms (cache miss)
4492 http fetch GET 200 https://registry.npmjs.org/semver/-/semver-6.3.1.tgz 9335ms (cache miss)
4493 http fetch GET 200 https://registry.npmjs.org/mime-types/-/mime-types-3.0.2.tgz 9377ms (cache miss)
4494 http fetch GET 200 https://registry.npmjs.org/hermes-estree/-/hermes-estree-0.35.0.tgz 9386ms (cache miss)
4495 http fetch GET 200 https://registry.npmjs.org/metro/-/metro-0.84.4.tgz 9415ms (cache miss)
4496 http fetch GET 200 https://registry.npmjs.org/negotiator/-/negotiator-1.0.0.tgz 9432ms (cache miss)
4497 http fetch GET 200 https://registry.npmjs.org/hermes-parser/-/hermes-parser-0.32.0.tgz 9439ms (cache miss)
4498 http fetch GET 200 https://registry.npmjs.org/strip-ansi/-/strip-ansi-6.0.1.tgz 9438ms (cache miss)
4499 http fetch GET 200 https://registry.npmjs.org/accepts/-/accepts-2.0.0.tgz 9440ms (cache miss)
4500 http fetch GET 200 https://registry.npmjs.org/ci-info/-/ci-info-2.0.0.tgz 9441ms (cache miss)
4501 http fetch GET 200 https://registry.npmjs.org/hermes-estree/-/hermes-estree-0.35.0.tgz 9520ms (cache miss)
4502 http fetch GET 200 https://registry.npmjs.org/color-name/-/color-name-1.1.3.tgz 9701ms (cache miss)
4503 http fetch GET 200 https://registry.npmjs.org/has-flag/-/has-flag-3.0.0.tgz 9709ms (cache miss)
4504 http fetch GET 200 https://registry.npmjs.org/ms/-/ms-2.0.0.tgz 9706ms (cache miss)
4505 http fetch GET 200 https://registry.npmjs.org/statuses/-/statuses-2.0.2.tgz 9710ms (cache miss)
4506 http fetch GET 200 https://registry.npmjs.org/color-convert/-/color-convert-1.9.3.tgz 9797ms (cache miss)
4507 http fetch GET 200 https://registry.npmjs.org/encodeurl/-/encodeurl-2.0.0.tgz 9797ms (cache miss)
4508 http fetch GET 200 https://registry.npmjs.org/ms/-/ms-2.0.0.tgz 9795ms (cache miss)
4509 http fetch GET 200 https://registry.npmjs.org/ms/-/ms-2.0.0.tgz 9795ms (cache miss)
4510 http fetch GET 200 https://registry.npmjs.org/supports-color/-/supports-color-5.5.0.tgz 9797ms (cache miss)
4511 http fetch GET 200 https://registry.npmjs.org/on-finished/-/on-finished-2.4.1.tgz 9799ms (cache miss)
4512 http fetch GET 200 https://registry.npmjs.org/negotiator/-/negotiator-0.6.4.tgz 9797ms (cache miss)
4513 http fetch GET 200 https://registry.npmjs.org/open/-/open-8.4.2.tgz 9845ms (cache miss)
4514 http fetch GET 200 https://registry.npmjs.org/chalk/-/chalk-2.4.2.tgz 9845ms (cache miss)
4515 http fetch GET 200 https://registry.npmjs.org/ws/-/ws-7.5.10.tgz 9878ms (cache miss)
4516 http fetch GET 200 https://registry.npmjs.org/escape-string-regexp/-/escape-string-regexp-1.0.5.tgz 9863ms (cache miss)
4517 http fetch GET 200 https://registry.npmjs.org/ansi-styles/-/ansi-styles-3.2.1.tgz 9864ms (cache miss)
4518 http fetch GET 200 https://registry.npmjs.org/ansi-styles/-/ansi-styles-5.2.0.tgz 9863ms (cache miss)
4519 http fetch GET 200 https://registry.npmjs.org/ob1/-/ob1-0.84.4.tgz 9866ms (cache miss)
4520 http fetch GET 200 https://registry.npmjs.org/babel-plugin-syntax-hermes-parser/-/babel-plugin-syntax-hermes-parser-0.33.3.tgz 9889ms (cache miss)
4521 http fetch GET 200 https://registry.npmjs.org/@react-native/normalize-colors/-/normalize-colors-0.85.3.tgz 9901ms (cache miss)
4522 http fetch GET 200 https://registry.npmjs.org/xmlbuilder/-/xmlbuilder-11.0.1.tgz 9940ms (cache miss)
4523 http fetch GET 200 https://registry.npmjs.org/hermes-parser/-/hermes-parser-0.32.0.tgz 9957ms (cache miss)
4524 http fetch GET 200 https://registry.npmjs.org/debug/-/debug-3.2.7.tgz 9942ms (cache miss)
4525 http fetch GET 200 https://registry.npmjs.org/debug/-/debug-2.6.9.tgz 9972ms (cache miss)
4526 http fetch GET 200 https://registry.npmjs.org/debug/-/debug-2.6.9.tgz 9975ms (cache miss)
4527 http fetch GET 200 https://registry.npmjs.org/debug/-/debug-2.6.9.tgz 9977ms (cache miss)
4528 http fetch GET 200 https://registry.npmjs.org/commander/-/commander-12.1.0.tgz 9984ms (cache miss)
4529 http fetch GET 200 https://registry.npmjs.org/ws/-/ws-7.5.10.tgz 9996ms (cache miss)
4530 http fetch GET 200 https://registry.npmjs.org/ws/-/ws-7.5.10.tgz 9992ms (cache miss)
4531 http fetch GET 200 https://registry.npmjs.org/metro-runtime/-/metro-runtime-0.84.4.tgz 10010ms (cache miss)
4532 http fetch GET 200 https://registry.npmjs.org/metro-symbolicate/-/metro-symbolicate-0.84.4.tgz 10019ms (cache miss)
4533 http fetch GET 200 https://registry.npmjs.org/hermes-estree/-/hermes-estree-0.33.3.tgz 10037ms (cache miss)
4534 http fetch GET 200 https://registry.npmjs.org/source-map/-/source-map-0.6.1.tgz 10069ms (cache miss)
4535 http fetch GET 200 https://registry.npmjs.org/@types/node/-/node-25.9.1.tgz 10305ms (cache miss)
4536 http fetch GET 200 https://registry.npmjs.org/metro-source-map/-/metro-source-map-0.84.4.tgz 10152ms (cache miss)
4537 http fetch GET 200 https://registry.npmjs.org/hermes-parser/-/hermes-parser-0.35.0.tgz 10272ms (cache miss)
4538 http fetch GET 200 https://registry.npmjs.org/hermes-parser/-/hermes-parser-0.35.0.tgz 10311ms (cache miss)
4539 http fetch GET 200 https://registry.npmjs.org/hermes-parser/-/hermes-parser-0.33.3.tgz 10335ms (cache miss)
4540 http fetch GET 200 https://registry.npmjs.org/metro/-/metro-0.83.7.tgz 10897ms (cache miss)
4541 http fetch GET 200 https://registry.npmjs.org/@react-native/codegen/-/codegen-0.85.3.tgz 10748ms (cache miss)
4542 http fetch GET 200 https://registry.npmjs.org/@expo/cli/-/cli-55.0.31.tgz 10856ms (cache miss)
4543 http fetch GET 200 https://registry.npmjs.org/@xmldom/xmldom/-/xmldom-0.9.10.tgz 10925ms (cache miss)
4544 http fetch GET 200 https://registry.npmjs.org/@react-native/debugger-frontend/-/debugger-frontend-0.85.3.tgz 12022ms (cache miss)
4545 http fetch GET 200 https://registry.npmjs.org/react-native/-/react-native-0.85.3.tgz 19607ms (cache miss)
4546 http fetch GET 200 https://registry.npmjs.org/expo-modules-core/-/expo-modules-core-55.0.25.tgz 22368ms (cache miss)
4547 verbose cwd E:\comp1786\AutoDeliveryApp
4548 verbose os Windows_NT 10.0.26200
4549 verbose node v25.6.0
4550 verbose npm  v11.8.0
4551 notice
4551 notice New [33mminor[39m version of npm available! [33m11.8.0[39m -> [34m11.14.1[39m
4551 notice Changelog: [34mhttps://github.com/npm/cli/releases/tag/v11.14.1[39m
4551 notice To update run: [4mnpm install -g npm@11.14.1[24m
4551 notice  { force: true, Symbol(proc-log.meta): true }
4552 verbose exit 1
4553 verbose code 1
